Order_ID,Order_Date,Customer_ID,Customer_Name,State,City,Region,Category,Product_Name,Quantity,Unit_Price,Discount_%,Sales_Amount,Cost_Price,Profit,Shipping_Mode,Delivery_Status,Payment_Method,Customer_Segment
ORD10000,06-02-2026,CUST1075,Aarav Yadav,Maharashtra,Nagpur,West,Electronics,Tablet,8,18827,0,150616,115242.97,35373.03,Same Day,In Transit,Credit Card,Small Business
ORD10001,07-12-2025,CUST1022,Siddharth Joshi,Telangana,Hyderabad,South,Electronics,Tablet,5,36682,20,146728,130009.59,16718.41,Standard Class,Returned,Debit Card,Enterprise
ORD10002,24-11-2025,CUST1720,Vivaan Jain,Madhya Pradesh,Indore,Central,Electronics,Smartwatch,4,30399,10,109436.4,78417.12,31019.28,First Class,Delivered,Credit Card,Consumer
ORD10003,08-06-2025,CUST1382,Varun Mehta,Gujarat,Surat,West,Electronics,Smartwatch,1,54704,20,43763.2,27181.33,16581.87,Same Day,Delivered,Cash on Delivery,Small Business
ORD10004,25-07-2025,CUST1799,Yash Patel,Rajasthan,Udaipur,North,Electronics,Tablet,2,48331,0,96662,77122.49,19539.51,Second Class,Delivered,Cash on Delivery,Enterprise
ORD10025,26-01-2026,CUST1155,Shreya Jaiswal,Gujarat,Ahmedabad,West,Furniture,Bed,5,30721,15,130564.25,118979.87,11584.38,First Class,Delivered,Credit Card,Small Business
ORD10006,20-01-2024,CUST1008,Aditi Chopra,Tamil Nadu,Coimbatore,South,Office Supplies,Marker,5,616,20,2464,2192.66,271.34,First Class,Cancelled,Credit Card,Small Business
ORD10007,05-06-2024,CUST1193,Rahul Dubey,Uttar Pradesh,Noida,North,Furniture,Table,6,58739,25,264325.5,238827.37,25498.13,Second Class,In Transit,Debit Card,Corporate
ORD10008,23-08-2024,CUST1673,Pooja Mehta,Maharashtra,Mumbai,West,Furniture,Wardrobe,6,4739,10,25590.6,23151.68,2438.92,Second Class,Returned,Credit Card,Enterprise
ORD10009,26-03-2025,CUST1126,Ritika Sharma,West Bengal,Kolkata,East,Office Supplies,Printer Paper,6,1988,5,11331.6,10279.72,1051.88,Standard Class,Cancelled,Credit Card,Enterprise
ORD10010,28-06-2024,CUST1518,Diya Bansal,Maharashtra,Nashik,West,Electronics,Smartphone,7,38880,0,272160,172140.69,100019.31,Standard Class,In Transit,Credit Card,Consumer
ORD10011,29-03-2026,CUST1519,Mohit Chopra,West Bengal,Siliguri,East,Furniture,Sofa,7,12716,5,84561.4,79893.88,4667.52,Same Day,Returned,Cash on Delivery,Consumer
ORD10012,13-11-2024,CUST1066,Aditya Soni,West Bengal,Kolkata,East,Electronics,Smartwatch,7,56396,0,394772,285869.56,108902.44,First Class,In Transit,UPI,Enterprise
ORD10013,30-06-2024,CUST1578,Vivaan Kapoor,Uttar Pradesh,Lucknow,North,Office Supplies,Pen Set,6,3173,5,18086.1,16215.91,1870.19,Second Class,In Transit,Credit Card,Enterprise
ORD10014,10-06-2024,CUST1429,Ananya Kapoor,Rajasthan,Jaipur,North,Furniture,Table,5,24559,20,98236,73206.13,25029.87,Second Class,In Transit,Credit Card,Small Business
ORD10015,17-01-2025,CUST1271,Tanvi Joshi,Uttar Pradesh,Lucknow,North,Furniture,Chair,8,13574,10,97732.8,72447.27,25285.53,First Class,Delivered,UPI,Small Business
ORD10016,04-09-2025,CUST1739,Ritika Bansal,Maharashtra,Nashik,West,Electronics,Smartphone,7,3247,20,18183.2,13309.43,4873.77,Second Class,In Transit,UPI,Consumer
ORD10017,26-05-2026,CUST1549,Diya Yadav,Delhi,New Delhi,North,Electronics,Laptop,2,31374,15,53335.8,50358.55,2977.25,Second Class,Delivered,Debit Card,Enterprise
ORD10018,04-05-2025,CUST1504,Meera Mishra,Tamil Nadu,Coimbatore,South,Electronics,Monitor,6,40413,25,181858.5,154708.91,27149.59,Second Class,In Transit,Credit Card,Corporate
ORD10019,21-09-2025,CUST1107,Shreya Sharma,Rajasthan,Jaipur,North,Electronics,Laptop,-1,47206,15,80250.2,56079.23,24170.97,Second Class,Returned,Credit Card,Small Business
ORD10020,18-01-2025,CUST1677,Nidhi Malhotra,Karnataka,Mysuru,South,Furniture,Wardrobe,5,50000,5,237500,169760.35,67739.65,Standard Class,Cancelled,UPI,Corporate
ORD10021,08-08-2025,CUST1492,Muskan Patel,West Bengal,Kolkata,East,Electronics,Laptop,4,10809,15,36750.6,26199,10551.6,First Class,In Transit,Cash on Delivery,Enterprise
ORD10022,25-02-2026,CUST1526,Rohan Dubey,Tamil Nadu,Chennai,South,Furniture,Sofa,8,7921,25,47526,33161.59,14364.41,First Class,In Transit,Debit Card,Small Business
ORD10023,26-09-2024,CUST1064,Tanvi Tiwari,Rajasthan,Udaipur,North,Furniture,Bed,2,43978,10,79160.4,68643.49,10516.91,Same Day,Delivered,Cash on Delivery,Corporate
ORD10025,22-03-2025,CUST1566,Meera Mehta,Maharashtra,Nashik,West,Office Supplies,Notebook,5,8477,10,38146.5,26987.15,11159.35,Second Class,Cancelled,Cash on Delivery,Corporate
ORD10025,30-07-2025,CUST1543,Ritika Bansal,Maharashtra,Pune,West,Furniture,Table,6,34644,20,166291.2,145168.59,21122.61,Standard Class,Returned,Cash on Delivery,Corporate
ORD10026,19-08-2024,CUST1769,Manav Singh,Madhya Pradesh,Indore,Central,Electronics,Laptop,3,41809,25,94070.25,84722.42,9347.83,Second Class,Cancelled,Credit Card,Small Business
ORD10027,19-05-2024,CUST1738,Tanvi Singh,Maharashtra,Nashik,West,Electronics,Headphones,7,58772,15,349693.4,267096.33,82597.07,Standard Class,Delivered,Debit Card,Small Business
ORD10028,21-02-2026,CUST1248,Khushi Mishra,Karnataka,Bengaluru,South,Electronics,Smartwatch,3,9623,15,24538.65,21786.75,2751.9,Second Class,Cancelled,Net Banking,Corporate
ORD10029,27-01-2026,CUST1599,Kavya Mehta,Karnataka,Mysuru,South,Electronics,Tablet,3,58699,15,149682.45,96278,53404.45,Second Class,In Transit,Net Banking,Corporate
ORD10030,04-09-2025,CUST1482,Akash Tiwari,Gujarat,Surat,West,Electronics,Laptop,5,34556,0,172780,150332.48,22447.52,Same Day,Returned,UPI,Enterprise
ORD10031,22-04-2025,CUST1436,Nikhil Bansal,Maharashtra,Nagpur,West,Office Supplies,Notebook,7,55117,10,347237.1,222055.75,125181.35,Second Class,Cancelled,,Corporate
ORD10032,19-12-2025,CUST1442,Siddharth Gupta,Telangana,Hyderabad,South,Office Supplies,Stapler,6,16013,25,72058.5,55707.43,16351.07,Standard Class,Delivered,Debit Card,Small Business
ORD10033,05-04-2026,CUST1497,Akash Bansal,Uttar Pradesh,Noida,North,Electronics,Tablet,6,5645,0,33870,21520.86,12349.14,Same Day,In Transit,Cash on Delivery,Enterprise
ORD10034,14-11-2025,CUST1391,Siddharth Malhotra,Gujarat,Ahmedabad,West,Office Supplies,Marker,7,39955,20,223748,202410.88,21337.12,Standard Class,Delivered,Cash on Delivery,Consumer
ORD10035,10-02-2024,CUST1355,Nikhil Yadav,Maharashtra,Pune,West,Electronics,Monitor,7,53630,15,319098.5,271680.83,47417.67,Same Day,Cancelled,Cash on Delivery,Consumer
ORD10036,02-12-2024,CUST1101,Khushi Kapoor,West Bengal,Siliguri,East,Furniture,Chair,4,37354,5,141945.2,86366.63,55578.57,Same Day,Delivered,Net Banking,Small Business
ORD10037,16-12-2025,CUST1650,Aditi Verma,Delhi,New Delhi,North,Electronics,Smartphone,5,29429,0,147145,104999.63,42145.37,Second Class,In Transit,Cash on Delivery,Small Business
ORD10038,23-09-2025,CUST1551,Harsh Chopra,Madhya Pradesh,Bhopal,Central,Furniture,Table,8,56341,0,450728,323089.56,127638.44,Second Class,Returned,Debit Card,Consumer
ORD10039,26-07-2024,CUST1271,Muskan Dubey,Uttar Pradesh,Lucknow,North,Furniture,Sofa,8,42108,5,320020.8,276753.21,43267.59,Same Day,Returned,Debit Card,Enterprise
ORD10040,02-06-2025,CUST1717,Aarav Bansal,Uttar Pradesh,Lucknow,North,Office Supplies,Pen Set,1,7505,5,7129.75,5729.8,1399.95,First Class,In Transit,Net Banking,Consumer
ORD10041,28-12-2024,CUST1406,Karan Malhotra,Karnataka,Bengaluru,South,Furniture,Bed,-1,9752,25,36570,26295.93,10274.07,Same Day,Delivered,Debit Card,Consumer
ORD10042,07-10-2024,CUST1026,Simran Gupta,Karnataka,Bengaluru,South,Electronics,Laptop,4,36112,5,137225.6,114395.72,22829.88,Second Class,In Transit,Credit Card,Corporate
ORD10043,25-03-2025,CUST1424,Diya Saxena,Tamil Nadu,Chennai,South,Electronics,Tablet,4,1561,20,4995.2,3842.04,1153.16,Second Class,Cancelled,Credit Card,Enterprise
ORD10044,28-08-2024,CUST1327,Aditi Soni,Gujarat,Surat,West,,Sofa,5,28466,10,128097,93200.83,34896.17,First Class,Delivered,Credit Card,Small Business
ORD10045,02-07-2025,CUST1321,Ishita Chopra,Uttar Pradesh,Lucknow,North,Furniture,Wardrobe,3,6532,20,15676.8,13292.73,2384.07,Second Class,Returned,Cash on Delivery,Corporate
ORD10046,24-06-2024,CUST1022,Riya Patel,Tamil Nadu,Chennai,South,Furniture,Bed,8,38935,15,264758,164846.33,99911.67,Same Day,Delivered,Debit Card,Enterprise
ORD10047,15-01-2026,CUST1028,Siddharth Sharma,Uttar Pradesh,Lucknow,North,Electronics,Tablet,2,47311,10,85159.8,68077.92,17081.88,Same Day,Cancelled,Credit Card,Enterprise
ORD10048,15-06-2026,CUST1520,Aditya Patel,Karnataka,Mysuru,South,Electronics,Monitor,5,21861,5,103839.75,83014.7,20825.05,Second Class,Returned,UPI,Consumer
ORD10049,20-01-2026,CUST1199,Diya Malhotra,Madhya Pradesh,Bhopal,Central,Furniture,Chair,2,34919,15,59362.3,50792.35,8569.95,Second Class,In Transit,UPI,Enterprise
ORD10050,30-04-2025,CUST1141,Aman Joshi,Madhya Pradesh,Bhopal,Central,Electronics,Smartwatch,7,52950,15,315052.5,231075.81,83976.69,Second Class,Delivered,Debit Card,Small Business
ORD10051,20-08-2024,CUST1359,Nikhil Yadav,Maharashtra,Nashik,West,Office Supplies,Marker,2,12295,10,22131,16388,5743,Standard Class,Returned,Net Banking,Consumer
ORD10052,02-01-2024,CUST1541,Pooja Malhotra,Telangana,Hyderabad,South,Office Supplies,Notebook,1,44942,10,40447.8,25620.51,14827.29,Standard Class,Returned,Net Banking,Small Business
ORD10053,02-07-2025,CUST1223,Naina Patel,Maharashtra,Nagpur,West,Office Supplies,Printer Paper,4,41912,20,134118.4,103857.33,30261.07,Standard Class,In Transit,Cash on Delivery,Small Business
ORD10054,09-02-2024,CUST1550,Meera Kapoor,Telangana,Warangal,South,Furniture,Table,3,53569,15,136600.95,83411.22,53189.73,First Class,Returned,UPI,Small Business
ORD10055,11-12-2024,CUST1465,Nidhi Chopra,Madhya Pradesh,Indore,Central,Office Supplies,Marker,4,39751,5,151053.8,143360.58,7693.22,Same Day,Cancelled,UPI,Consumer
ORD10056,01-03-2024,CUST1491,Neha Saxena,Delhi,New Delhi,North,Electronics,Smartwatch,4,52239,15,177612.6,109153,68459.6,Standard Class,Delivered,Debit Card,Enterprise
ORD10025,03-10-2025,CUST1436,Kavya Verma,Madhya Pradesh,Indore,Central,Electronics,Smartphone,8,50238,5,381808.8,268234.31,113574.49,Same Day,Cancelled,UPI,Enterprise
ORD10058,28-02-2026,CUST1294,Siddharth Mishra,Maharashtra,Mumbai,West,Electronics,Smartwatch,7,20247,15,120469.65,114120.97,6348.68,Standard Class,Delivered,Credit Card,Consumer
ORD10059,26-12-2024,CUST1550,Nikhil Soni,Karnataka,Bengaluru,South,Furniture,Chair,1,3293,10,2963.7,2177.48,786.22,Same Day,In Transit,Cash on Delivery,Small Business
ORD10060,15-03-2024,CUST1731,Shreya Mishra,Madhya Pradesh,Indore,Central,Office Supplies,Notebook,8,12370,5,94012,79848.5,14163.5,Same Day,In Transit,Cash on Delivery,Consumer
ORD10061,06-11-2025,CUST1338,Harsh Joshi,Maharashtra,Nashik,West,,Monitor,2,19234,0,38468,35257.4,3210.6,Same Day,In Transit,Debit Card,Enterprise
ORD10062,28-12-2025,CUST1641,Aarav Malhotra,Maharashtra,Pune,West,Furniture,Wardrobe,5,57999,15,246495.75,206597.58,39898.17,Second Class,Returned,Net Banking,Consumer
ORD10063,10-12-2025,CUST1404,Sneha Tiwari,Delhi,New Delhi,North,Electronics,Smartphone,8,16808,20,107571.2,64935.4,42635.8,Same Day,In Transit,Credit Card,Consumer
ORD10064,27-01-2026,CUST1262,Ananya Bansal,Gujarat,Ahmedabad,West,Electronics,Smartwatch,2,12216,20,19545.6,13966.94,5578.66,Same Day,Returned,Cash on Delivery,Small Business
ORD10065,22-07-2025,CUST1509,Nikhil Mehta,Karnataka,Mysuru,South,Electronics,Laptop,7,54128,5,359951.2,335680.83,24270.37,Second Class,Delivered,Net Banking,Enterprise
ORD10066,04-09-2024,CUST1446,Arjun Sharma,Maharashtra,Pune,West,Electronics,Smartwatch,3,5679,25,12777.75,11273.08,1504.67,First Class,Cancelled,Credit Card,Enterprise
ORD10067,14-02-2024,CUST1582,Aman Yadav,Gujarat,Ahmedabad,West,Furniture,Wardrobe,4,50567,5,192154.6,164045.95,28108.65,Second Class,Returned,Debit Card,Corporate
ORD10068,01-06-2025,CUST1065,Aditi Chopra,Delhi,New Delhi,North,Office Supplies,Notebook,7,25105,5,166948.25,155493.51,11454.74,Second Class,In Transit,Debit Card,Enterprise
ORD10069,21-11-2024,CUST1058,Pooja Kapoor,Maharashtra,Nashik,West,Electronics,Smartphone,5,36693,5,174291.75,113320.52,60971.23,Standard Class,Cancelled,Cash on Delivery,Consumer
ORD10070,01-12-2025,CUST1239,Vivaan Gupta,Gujarat,Ahmedabad,West,Furniture,Sofa,6,2718,5,15492.6,14183.97,1308.63,Same Day,Delivered,Cash on Delivery,Consumer
ORD10071,02-05-2025,CUST1585,Shreya Bansal,Rajasthan,Jaipur,North,Office Supplies,Notebook,2,1497,25,2245.5,1994.9,250.6,Same Day,Returned,Cash on Delivery,Enterprise
ORD10072,05-06-2024,CUST1465,Dev Singh,Tamil Nadu,Chennai,South,Furniture,Wardrobe,5,22819,25,85571.25,64969.5,20601.75,First Class,In Transit,Credit Card,Small Business
ORD10073,22-01-2024,CUST1442,Tanvi Singh,Gujarat,Ahmedabad,West,Office Supplies,Marker,5,57998,5,275490.5,200785.01,74705.49,Second Class,Delivered,Net Banking,Enterprise
ORD10074,03-03-2025,CUST1471,Aarav Tiwari,Madhya Pradesh,Indore,Central,Office Supplies,Printer Paper,6,13838,15,70573.8,52746.8,17827,Same Day,Cancelled,Net Banking,Enterprise
ORD10075,05-08-2025,CUST1199,Shreya Singh,Delhi,New Delhi,North,Furniture,Table,4,16322,5,62023.6,52683.25,9340.35,First Class,Cancelled,Cash on Delivery,Enterprise
ORD10076,03-11-2024,CUST1793,Pooja Bansal,Delhi,New Delhi,North,Electronics,Smartphone,8,7320,20,46848,38803.41,8044.59,Same Day,Delivered,Credit Card,Corporate
ORD10077,30-07-2024,CUST1395,Simran Tiwari,Delhi,New Delhi,North,Furniture,Wardrobe,7,12017,15,71501.15,43497.18,28003.97,Second Class,Returned,Cash on Delivery,Corporate
ORD10078,13-05-2025,CUST1323,Yash Bansal,Gujarat,Ahmedabad,West,Electronics,Tablet,8,16302,25,97812,63156.65,34655.35,Standard Class,Delivered,UPI,Consumer
ORD10079,03-06-2024,CUST1218,Ankit Patel,Maharashtra,Mumbai,West,Electronics,Laptop,6,59300,10,320220,214884.42,105335.58,Standard Class,Returned,Cash on Delivery,Small Business
ORD10080,12-06-2024,CUST1155,Aditya Sharma,Gujarat,Surat,West,Furniture,Table,5,20073,0,100365,88403.26,11961.74,Same Day,Delivered,Cash on Delivery,Enterprise
ORD10081,31-03-2025,CUST1099,Ritika Jain,Maharashtra,Nashik,West,Furniture,Sofa,4,7629,25,22887,21305.29,1581.71,Standard Class,In Transit,Net Banking,Enterprise
ORD10082,03-04-2025,CUST1020,Rishi Dubey,Delhi,New Delhi,North,Furniture,Wardrobe,6,29097,20,139665.6,111756.03,27909.57,First Class,Returned,UPI,Small Business
ORD10083,11-10-2025,CUST1328,Khushi Kapoor,Maharashtra,Pune,West,Furniture,Bed,3,7472,25,16812,11247.16,5564.84,Standard Class,Returned,Cash on Delivery,Enterprise
ORD10084,16-06-2025,CUST1024,Neha Yadav,Maharashtra,Nashik,West,Office Supplies,Pen Set,5,12784,20,51136,35697.33,15438.67,First Class,In Transit,UPI,Corporate
ORD10085,16-02-2026,CUST1672,Aman Dubey,Madhya Pradesh,Bhopal,Central,Electronics,Smartwatch,6,2851,10,15395.4,13278.52,2116.88,Standard Class,Returned,Cash on Delivery,Consumer
ORD10025,24-01-2025,CUST1397,Palak Singh,Maharashtra,Mumbai,West,Furniture,Chair,5,25147,5,119448.25,109484.74,9963.51,First Class,Cancelled,Debit Card,Small Business
ORD10087,16-07-2024,CUST1500,Rohan Agarwal,Rajasthan,Udaipur,North,Electronics,Tablet,3,22891,25,51504.75,35618.41,15886.34,First Class,Delivered,Net Banking,Consumer
ORD10088,19-04-2024,CUST1248,Arjun Jain,Rajasthan,Udaipur,North,Office Supplies,Notebook,1,53333,5,50666.35,44696.81,5969.54,Second Class,Returned,UPI,Corporate
ORD10089,15-12-2024,CUST1632,Palak Joshi,Telangana,Hyderabad,South,Furniture,Chair,1,47589,0,47589,40820.71,6768.29,Second Class,Cancelled,Debit Card,Consumer
ORD10090,03-04-2024,CUST1003,Pooja Soni,Gujarat,Ahmedabad,West,Furniture,Table,2,12361,0,24722,21048.04,3673.96,Second Class,In Transit,UPI,Consumer
ORD10091,21-10-2024,CUST1749,Ritika Patel,Delhi,New Delhi,North,Furniture,Table,8,39879,25,239274,159146.57,80127.43,Standard Class,Cancelled,Credit Card,Consumer
ORD10092,18-03-2024,CUST1192,Harsh Malhotra,Maharashtra,Pune,West,Electronics,Headphones,4,46073,0,184292,155911.74,28380.26,First Class,In Transit,Credit Card,Enterprise
ORD10093,19-12-2024,CUST1753,Ishita Kapoor,Gujarat,Surat,West,Furniture,Wardrobe,5,14503,15,61637.75,42396.44,19241.31,Standard Class,Returned,Debit Card,Corporate
ORD10094,03-01-2026,CUST1456,Pooja Malhotra,Maharashtra,Mumbai,West,Furniture,Chair,7,5439,25,28554.75,24772.73,3782.02,Standard Class,Returned,Cash on Delivery,Small Business
ORD10095,14-01-2025,CUST1511,Tanvi Singh,Madhya Pradesh,Indore,Central,Furniture,Sofa,8,23669,25,142014,125517.35,,Same Day,Returned,Cash on Delivery,Corporate
ORD10096,26-03-2026,CUST1412,Dev Patel,Karnataka,Bengaluru,South,Electronics,Tablet,7,30670,15,182486.5,130209.36,52277.14,Same Day,Cancelled,,Corporate
ORD10097,10-06-2026,CUST1647,Rahul Jain,Madhya Pradesh,Bhopal,Central,Electronics,Laptop,3,51859,10,140019.3,102705.57,37313.73,Same Day,Returned,UPI,Enterprise
ORD10098,02-06-2024,CUST1277,Rohan Dubey,Rajasthan,Jaipur,North,Electronics,Smartphone,4,6415,0,25660,18910.19,6749.81,Second Class,Delivered,Net Banking,Enterprise
ORD10099,12-06-2024,CUST1499,Ankit Verma,Maharashtra,Nagpur,West,Electronics,Smartwatch,8,28567,15,194255.6,180961.88,13293.72,Standard Class,Returned,UPI,Consumer
ORD10100,02-03-2025,CUST1502,Ankit Sharma,West Bengal,Siliguri,East,,Table,4,34197,15,116269.8,102464.82,13804.98,First Class,In Transit,Debit Card,Small Business
ORD10101,17-01-2025,CUST1705,Aman Patel,Madhya Pradesh,Bhopal,Central,Furniture,Wardrobe,3,34910,10,94257,67806.98,26450.02,First Class,Cancelled,UPI,Consumer
ORD10102,02-05-2025,CUST1287,Muskan Saxena,Tamil Nadu,Coimbatore,South,Electronics,Tablet,4,59847,10,215449.2,177068,38381.2,First Class,Returned,Credit Card,Corporate
ORD10103,26-04-2025,CUST1019,Arjun Agarwal,West Bengal,Kolkata,East,Furniture,Wardrobe,4,53501,5,203303.8,156748.4,46555.4,Standard Class,Cancelled,Credit Card,Small Business
ORD10104,21-03-2026,CUST1788,Varun Yadav,Maharashtra,Nashik,West,Furniture,Sofa,2,29657,15,50416.9,43968.66,6448.24,Second Class,Returned,UPI,Enterprise
ORD10105,23-11-2024,CUST1496,Varun Jaiswal,Karnataka,Bengaluru,South,Electronics,Headphones,8,37023,5,281374.8,246003.03,35371.77,Second Class,In Transit,Cash on Delivery,Consumer
ORD10106,18-04-2026,CUST1011,Ananya Chopra,Karnataka,Bengaluru,South,Furniture,Table,5,16467,15,69984.75,52351.88,17632.87,First Class,In Transit,Credit Card,Small Business
ORD10107,09-06-2024,CUST1608,Rohan Gupta,Maharashtra,Nashik,West,Electronics,Smartwatch,3,29473,25,66314.25,48655.22,17659.03,First Class,Delivered,Debit Card,Enterprise
ORD10108,07-06-2026,CUST1334,Naina Verma,Karnataka,Mysuru,South,Electronics,Headphones,3,21355,0,64065,41217.51,22847.49,Same Day,Returned,Credit Card,Small Business
ORD10109,06-05-2026,CUST1778,Ankit Gupta,Rajasthan,Udaipur,North,Furniture,Bed,6,26121,5,148889.7,106353.95,42535.75,First Class,Returned,Cash on Delivery,Consumer
ORD10110,14-04-2024,CUST1535,Aditya Sharma,Uttar Pradesh,Lucknow,North,Furniture,Table,8,4386,0,35088,22771.02,12316.98,Second Class,Delivered,Debit Card,Small Business
ORD10111,02-03-2025,CUST1657,Rohan Mishra,Delhi,New Delhi,North,Electronics,Laptop,8,26451,20,169286.4,105254.27,64032.13,Second Class,Delivered,Credit Card,Enterprise
ORD10112,18-08-2024,CUST1490,Siddharth Malhotra,Maharashtra,Nagpur,West,Electronics,Laptop,1,3639,25,2729.25,2442.71,286.54,Standard Class,In Transit,Credit Card,Corporate
ORD10113,20-01-2024,CUST1522,Ishita Mehta,West Bengal,Kolkata,East,Furniture,Sofa,7,49742,25,261145.5,217949.96,43195.54,First Class,Cancelled,UPI,Enterprise
ORD10114,23-12-2024,CUST1718,Aman Agarwal,Telangana,Hyderabad,South,Electronics,Laptop,4,15240,20,48768,37649.52,11118.48,First Class,In Transit,Net Banking,Corporate
ORD10115,01-02-2025,CUST1163,Ishita Tiwari,Maharashtra,Mumbai,West,Office Supplies,Stapler,5,17609,20,70436,51489.08,18946.92,First Class,Returned,Credit Card,Small Business
ORD10116,29-10-2025,CUST1687,Nidhi Sharma,Uttar Pradesh,Noida,North,Electronics,Tablet,8,2088,15,14198.4,11517.44,2680.96,Same Day,In Transit,Credit Card,Consumer
ORD10117,01-11-2024,CUST1706,Aman Mishra,Maharashtra,Mumbai,West,Furniture,Table,4,49991,20,159971.2,137174.65,22796.55,Second Class,Returned,Debit Card,Enterprise
ORD10118,09-08-2024,CUST1185,Dev Dubey,Maharashtra,Pune,West,Furniture,Sofa,4,33695,0,134780,95486.99,39293.01,Second Class,Cancelled,Net Banking,Small Business
ORD10119,25-03-2026,CUST1683,Diya Malhotra,Tamil Nadu,Coimbatore,South,Furniture,Table,8,31668,20,202675.2,163935.69,38739.51,Standard Class,Delivered,UPI,Consumer
ORD10120,12-06-2024,CUST1099,Khushi Gupta,Gujarat,Ahmedabad,West,Office Supplies,Notebook,5,29367,15,124809.75,106720.06,18089.69,First Class,In Transit,Credit Card,Enterprise
ORD10121,05-11-2024,CUST1145,Aditi Verma,Madhya Pradesh,Bhopal,Central,Electronics,Smartwatch,1,19694,0,19694,18009.82,1684.18,Same Day,In Transit,UPI,Consumer
ORD10122,16-08-2025,CUST1711,Arjun Malhotra,Uttar Pradesh,Noida,North,Electronics,Laptop,2,47701,5,90631.9,68820.03,21811.87,First Class,Returned,UPI,Enterprise
ORD10123,30-04-2026,CUST1476,Khushi Dubey,Maharashtra,Pune,West,Electronics,Smartwatch,7,2159,0,15113,11698.95,3414.05,Second Class,Delivered,Cash on Delivery,Consumer
ORD10124,05-10-2024,CUST1192,Tanvi Chopra,Gujarat,Surat,West,Furniture,Bed,4,52756,10,189921.6,115575.75,74345.85,Same Day,Delivered,UPI,Enterprise
ORD10125,12-04-2025,CUST1483,Simran Jaiswal,Telangana,Warangal,South,Furniture,Chair,5,24057,0,120285,97348.72,22936.28,Second Class,Returned,Debit Card,Corporate
ORD10126,24-02-2026,CUST1299,Nikhil Saxena,Karnataka,Mysuru,South,Electronics,Headphones,7,24586,15,146286.7,138128.21,8158.49,Same Day,Cancelled,Debit Card,Enterprise
ORD10127,06-07-2025,CUST1696,Priya Jaiswal,Maharashtra,Nagpur,West,Office Supplies,Pen Set,6,42501,15,216755.1,164250.31,52504.79,Standard Class,Returned,Cash on Delivery,Corporate
ORD10128,09-02-2025,CUST1083,Priya Jain,Gujarat,Ahmedabad,West,Office Supplies,Stapler,3,53694,5,153027.9,135986.7,17041.2,Standard Class,Delivered,Cash on Delivery,Consumer
ORD10129,15-05-2025,CUST1119,Pooja Dubey,Telangana,Warangal,South,Office Supplies,Printer Paper,4,45027,25,135081,118290.9,16790.1,First Class,Cancelled,Cash on Delivery,Enterprise
ORD10130,04-05-2026,CUST1710,Aditya Agarwal,Karnataka,Mysuru,South,Furniture,Chair,4,42173,25,126519,95999.95,30519.05,Second Class,Delivered,Cash on Delivery,Consumer
ORD10131,02-08-2024,CUST1554,Shreya Verma,Tamil Nadu,Chennai,South,Furniture,Sofa,4,49732,15,169088.8,119376.72,49712.08,Standard Class,In Transit,UPI,Consumer
ORD10132,01-05-2024,CUST1432,Varun Bansal,Maharashtra,Mumbai,West,Electronics,Monitor,2,4592,10,8265.6,6268.71,1996.89,Same Day,Delivered,Cash on Delivery,Small Business
ORD10133,26-11-2025,CUST1503,Ritika Saxena,Delhi,New Delhi,North,Electronics,Smartwatch,8,41829,20,267705.6,216217.16,51488.44,Same Day,Returned,Debit Card,Consumer
ORD10134,25-12-2024,CUST1701,Neha Mishra,Karnataka,Mysuru,South,Office Supplies,Marker,2,27902,25,41853,33712.33,8140.67,Standard Class,Cancelled,UPI,Enterprise
ORD10135,02-01-2026,CUST1646,Aditya Joshi,Madhya Pradesh,Indore,Central,Furniture,Wardrobe,2,5637,5,10710.3,9141.21,1569.09,Same Day,Cancelled,Debit Card,Corporate
ORD10136,11-01-2024,CUST1700,Aman Patel,Gujarat,Surat,West,Electronics,Tablet,8,14392,20,92108.8,68502.46,23606.34,Standard Class,Cancelled,UPI,Corporate
ORD10137,13-06-2025,CUST1502,Varun Jain,Tamil Nadu,Coimbatore,South,Office Supplies,Stapler,1,16793,20,13434.4,8613.92,4820.48,Same Day,Returned,Credit Card,Consumer
ORD10138,12-05-2025,CUST1255,Meera Patel,Karnataka,Mysuru,South,Electronics,Monitor,3,55078,0,165234,110656.07,54577.93,Same Day,In Transit,Net Banking,Consumer
ORD10139,18-12-2025,CUST1118,Aditi Yadav,Karnataka,Bengaluru,South,Electronics,Monitor,8,15190,25,91140,68868.41,22271.59,Second Class,In Transit,Credit Card,Consumer
ORD10140,12-01-2025,CUST1650,Naina Malhotra,Tamil Nadu,Coimbatore,South,Furniture,Bed,1,46626,20,37300.8,34100.07,3200.73,Standard Class,Cancelled,Net Banking,Consumer
ORD10141,14-02-2025,CUST1519,Akash Agarwal,Karnataka,Mysuru,South,Electronics,Laptop,5,57726,25,216472.5,156980.42,59492.08,Second Class,Delivered,UPI,Corporate
ORD10142,19-03-2026,CUST1672,Diya Kapoor,Maharashtra,Pune,West,Furniture,Bed,6,36727,10,198325.8,152167.04,46158.76,Same Day,Delivered,Cash on Delivery,Consumer
ORD10143,18-03-2026,CUST1012,Yash Patel,Karnataka,Bengaluru,South,Electronics,Monitor,7,933,10,5877.9,3650.16,2227.74,First Class,Delivered,Debit Card,Corporate
ORD10144,07-08-2024,CUST1101,Ananya Kapoor,,Bengaluru,South,Office Supplies,Printer Paper,4,43718,15,148641.2,114066.72,34574.48,Same Day,Delivered,Credit Card,Corporate
ORD10145,09-09-2024,CUST1641,Aditya Agarwal,Uttar Pradesh,Lucknow,North,Office Supplies,Notebook,8,33845,0,270760,216108.47,54651.53,Same Day,Returned,Credit Card,Small Business
ORD10146,17-01-2025,CUST1400,Nidhi Dubey,Delhi,New Delhi,North,Electronics,Tablet,7,2013,5,13386.45,11178.75,2207.7,Second Class,In Transit,Net Banking,Enterprise
ORD10147,01-02-2024,CUST1427,Dev Soni,Gujarat,Ahmedabad,West,Electronics,Headphones,5,32780,0,163900,123164.22,40735.78,Standard Class,In Transit,UPI,Small Business
ORD10148,11-11-2024,CUST1481,Aditi Jaiswal,Karnataka,Mysuru,South,Furniture,Sofa,5,55009,20,220036,178637.01,41398.99,Same Day,Cancelled,Cash on Delivery,Corporate
ORD10149,04-10-2024,CUST1295,Riya Yadav,Tamil Nadu,Chennai,South,Furniture,Sofa,2,16688,25,25032,17369.06,7662.94,Second Class,Returned,Debit Card,Corporate
ORD10150,27-09-2024,CUST1612,Varun Dubey,Telangana,Warangal,South,Office Supplies,Printer Paper,6,34126,25,153567,114259.8,39307.2,Second Class,In Transit,Debit Card,Corporate
ORD10151,26-06-2024,CUST1120,Tanvi Kapoor,Madhya Pradesh,Bhopal,Central,Furniture,Wardrobe,6,13599,15,69354.9,55734.44,13620.46,First Class,In Transit,Credit Card,Small Business
ORD10152,15-04-2025,CUST1550,Vivaan Agarwal,Karnataka,Mysuru,South,Electronics,Smartwatch,8,47192,10,339782.4,314764.01,25018.39,Second Class,Returned,Cash on Delivery,Consumer
ORD10153,17-09-2024,CUST1506,Aarav Singh,Karnataka,Mysuru,South,Office Supplies,Marker,1,4561,5,4332.95,3831.18,501.77,First Class,Cancelled,Credit Card,Small Business
ORD10025,02-05-2024,CUST1143,Akash Mehta,Maharashtra,Nashik,West,Furniture,Bed,2,31419,15,53412.3,39279.92,14132.38,Standard Class,Returned,UPI,Consumer
ORD10155,04-12-2025,CUST1433,Aarav Mishra,Uttar Pradesh,Noida,North,Electronics,Headphones,5,8550,0,42750,39501.5,3248.5,Standard Class,Delivered,UPI,Consumer
ORD10156,08-02-2026,CUST1273,Naina Verma,Delhi,New Delhi,North,Electronics,Smartphone,4,14646,20,46867.2,38022.49,8844.71,First Class,In Transit,Credit Card,Consumer
ORD10157,13-06-2024,CUST1093,Dev Mishra,Telangana,Warangal,South,Furniture,Table,7,13513,20,75672.8,61726.59,13946.21,First Class,Cancelled,UPI,Consumer
ORD10158,13-10-2024,CUST1109,Yash Kapoor,Karnataka,Mysuru,South,Electronics,Smartwatch,3,58650,5,167152.5,153975.69,13176.81,Second Class,Returned,Net Banking,Enterprise
ORD10159,26-01-2026,CUST1393,Aditya Gupta,Tamil Nadu,Chennai,South,Electronics,Laptop,7,46889,15,278989.55,210604.93,68384.62,Same Day,Delivered,Cash on Delivery,Small Business
ORD10160,22-09-2025,CUST1397,Meera Joshi,Karnataka,Mysuru,South,Electronics,Headphones,6,21307,0,127842,99034.24,28807.76,Second Class,Returned,Credit Card,Consumer
ORD10161,07-10-2024,CUST1254,Rajat Agarwal,Gujarat,Surat,West,Electronics,Smartwatch,4,14482,10,52135.2,37727.27,14407.93,First Class,In Transit,Net Banking,Enterprise
ORD10162,19-12-2024,CUST1368,Ananya Saxena,West Bengal,Kolkata,East,Furniture,Chair,8,46931,0,375448,276368.95,99079.05,Standard Class,Cancelled,Net Banking,Enterprise
ORD10163,23-09-2024,CUST1490,Ankit Mishra,Uttar Pradesh,Lucknow,North,Electronics,Tablet,4,17837,10,64213.2,59015.75,5197.45,Second Class,In Transit,Cash on Delivery,Corporate
ORD10164,13-12-2025,CUST1566,Muskan Tiwari,Uttar Pradesh,Noida,North,Electronics,Smartphone,2,46540,5,88426,55914.58,32511.42,First Class,Delivered,Cash on Delivery,Small Business
ORD10165,15-11-2024,CUST1170,Aditya Tiwari,Tamil Nadu,Coimbatore,South,Electronics,Smartwatch,5,57282,5,272089.5,185070.12,87019.38,Standard Class,In Transit,UPI,Consumer
ORD10166,07-04-2026,CUST1200,Naina Bansal,Telangana,Hyderabad,South,Electronics,Smartwatch,7,58849,5,391345.85,267166.27,124179.58,Standard Class,Delivered,UPI,Small Business
ORD10167,10-07-2024,CUST1251,Riya Dubey,Rajasthan,Jaipur,North,Furniture,Bed,6,47596,5,271297.2,177279.57,94017.63,First Class,In Transit,Debit Card,Consumer
ORD10168,04-09-2024,CUST1623,Shreya Tiwari,Tamil Nadu,Chennai,South,Electronics,Smartphone,1,30940,5,29393,26344.59,3048.41,First Class,Cancelled,Credit Card,Enterprise
ORD10169,21-10-2024,CUST1471,Pooja Tiwari,Maharashtra,Mumbai,West,Furniture,Table,1,4595,15,3905.75,2529.23,1376.52,Same Day,Cancelled,Cash on Delivery,Enterprise
ORD10170,07-05-2026,CUST1767,Rahul Chopra,Uttar Pradesh,Noida,North,Office Supplies,Stapler,6,51736,20,248332.8,199191.5,49141.3,First Class,Cancelled,Credit Card,Enterprise
ORD10171,26-02-2025,CUST1391,Ritika Sharma,Maharashtra,Mumbai,West,Electronics,Headphones,6,55377,10,299035.8,191513.79,107522.01,First Class,Returned,UPI,Small Business
ORD10172,06-02-2026,CUST1143,Aarav Gupta,Tamil Nadu,Chennai,South,Electronics,Monitor,3,29687,20,71248.8,62462.65,8786.15,First Class,Cancelled,Credit Card,Corporate
ORD10173,15-01-2025,CUST1209,Dev Patel,Maharashtra,Pune,West,Office Supplies,Pen Set,8,26364,15,179275.2,152296.36,26978.84,Second Class,Cancelled,UPI,Corporate
ORD10174,12-06-2026,CUST1443,Rahul Kapoor,West Bengal,Kolkata,East,Electronics,Laptop,6,30680,15,156468,142458.84,14009.16,First Class,Returned,Cash on Delivery,Enterprise
ORD10175,13-04-2024,CUST1149,Manav Agarwal,Maharashtra,Nashik,West,Electronics,Tablet,4,20538,20,65721.6,43250.13,22471.47,First Class,Delivered,UPI,Corporate
ORD10176,28-09-2025,CUST1334,Nidhi Tiwari,Gujarat,Surat,West,Electronics,Smartwatch,6,52531,20,252148.8,191910.92,60237.88,First Class,Delivered,Cash on Delivery,Consumer
ORD10177,02-08-2025,CUST1518,Palak Mehta,Uttar Pradesh,Noida,North,,Headphones,1,43867,20,35093.6,30006.17,5087.43,Second Class,Cancelled,Debit Card,Enterprise
ORD10178,13-08-2024,CUST1042,Khushi Tiwari,Madhya Pradesh,Bhopal,Central,Electronics,Smartphone,2,40627,15,69065.9,48105.5,20960.4,First Class,Delivered,Credit Card,Corporate
ORD10179,03-08-2024,CUST1000,Dev Soni,Delhi,New Delhi,North,Electronics,Smartphone,7,36051,20,201885.6,139160.1,62725.5,Second Class,Delivered,Debit Card,Enterprise
ORD10180,11-04-2026,CUST1350,Naina Yadav,Rajasthan,Jaipur,North,Furniture,Table,8,7686,0,61488,51299.19,10188.81,First Class,Cancelled,Debit Card,Small Business
ORD10181,08-09-2024,CUST1231,Ritika Kapoor,Gujarat,Surat,West,Furniture,Wardrobe,5,53034,20,212136,185068.22,27067.78,Same Day,Cancelled,Debit Card,Small Business
ORD10182,20-09-2024,CUST1109,Nikhil Saxena,Uttar Pradesh,Noida,North,Furniture,Bed,1,38977,10,35079.3,30890.33,4188.97,Second Class,In Transit,Credit Card,Enterprise
ORD10183,03-08-2025,CUST1339,Karan Mehta,Uttar Pradesh,Lucknow,North,Furniture,Wardrobe,6,27243,25,122593.5,90712.78,31880.72,Standard Class,In Transit,Credit Card,Enterprise
ORD10184,29-04-2025,CUST1031,Dev Dubey,West Bengal,Kolkata,East,Furniture,Chair,7,26802,15,159471.9,104281.24,55190.66,First Class,Delivered,Debit Card,Corporate
ORD10185,20-10-2024,CUST1249,Yash Bansal,Tamil Nadu,Coimbatore,South,Office Supplies,Marker,4,26762,15,90990.8,81646.73,9344.07,Second Class,Returned,Credit Card,Small Business
ORD10186,04-04-2024,CUST1714,Ankit Saxena,Gujarat,Ahmedabad,West,Electronics,Laptop,1,10033,20,8026.4,6019.72,2006.68,Second Class,Delivered,UPI,Enterprise
ORD10187,18-06-2024,CUST1317,Meera Verma,,Pune,West,Electronics,Tablet,6,43850,20,210480,132735.44,77744.56,Standard Class,Delivered,Cash on Delivery,Consumer
ORD10188,17-05-2025,CUST1110,Karan Singh,West Bengal,Kolkata,East,,Printer Paper,3,58989,15,150421.95,133644.91,16777.04,First Class,Delivered,Cash on Delivery,Small Business
ORD10189,23-05-2025,CUST1621,Pooja Singh,Maharashtra,Nashik,West,Furniture,Sofa,3,42370,25,95332.5,74379.56,20952.94,First Class,Delivered,Net Banking,Small Business
ORD10190,14-02-2025,CUST1428,Tanvi Chopra,Gujarat,Surat,West,Office Supplies,Pen Set,5,19444,25,72915,61757.55,11157.45,First Class,Returned,Credit Card,Corporate
ORD10191,09-05-2024,CUST1152,Varun Patel,Tamil Nadu,Chennai,South,Electronics,Laptop,2,9878,0,19756,18755.93,1000.07,Standard Class,Returned,Debit Card,Small Business
ORD10192,02-11-2025,CUST1034,Muskan Malhotra,Telangana,Warangal,South,Electronics,Laptop,5,46672,5,221692,202505.97,19186.03,Second Class,Cancelled,Credit Card,Small Business
ORD10193,11-02-2025,CUST1726,Rahul Singh,Maharashtra,Mumbai,West,Office Supplies,Pen Set,7,12426,15,73934.7,56354.98,17579.72,Same Day,In Transit,Debit Card,Enterprise
ORD10194,08-12-2024,CUST1151,Siddharth Malhotra,Gujarat,Ahmedabad,West,Electronics,Smartphone,5,27449,0,137245,105735.33,31509.67,Second Class,In Transit,Cash on Delivery,Enterprise
ORD10195,29-12-2025,CUST1351,Aditya Gupta,West Bengal,Kolkata,East,Furniture,Bed,1,50719,0,50719,41642.24,9076.76,First Class,Returned,UPI,Consumer
ORD10196,27-08-2025,CUST1627,Rishi Bansal,Tamil Nadu,Chennai,South,Electronics,Tablet,5,34991,15,148711.75,135529.23,13182.52,Second Class,Cancelled,UPI,Enterprise
ORD10197,26-08-2025,CUST1642,Aarav Agarwal,West Bengal,Siliguri,East,Furniture,Bed,1,18844,10,16959.6,10282.1,6677.5,Same Day,Cancelled,Net Banking,Corporate
ORD10198,16-08-2025,CUST1260,Kavya Jaiswal,Uttar Pradesh,Lucknow,North,Electronics,Tablet,1,53725,5,51038.75,42563.83,8474.92,First Class,Delivered,Cash on Delivery,Corporate
ORD10199,07-10-2024,CUST1548,Ankit Jaiswal,Maharashtra,Nashik,West,Electronics,Laptop,7,3330,0,23310,20532.31,2777.69,Same Day,Delivered,Cash on Delivery,Small Business
ORD10200,09-03-2026,CUST1118,Tanvi Chopra,Rajasthan,Jaipur,North,Furniture,Wardrobe,4,35202,25,105606,83779.96,21826.04,Same Day,Returned,Credit Card,Corporate
ORD10201,06-02-2026,CUST1748,Ananya Jain,Maharashtra,Nashik,West,,Monitor,4,31648,0,126592,80361.99,46230.01,Second Class,Returned,Debit Card,Enterprise
ORD10202,09-07-2025,CUST1708,Rohan Patel,Maharashtra,Nashik,West,Electronics,Smartphone,6,6596,10,35618.4,25229.31,10389.09,Standard Class,Delivered,Credit Card,Consumer
ORD10203,11-12-2024,CUST1124,Akash Kapoor,Uttar Pradesh,Lucknow,North,Office Supplies,Notebook,5,11929,0,59645,51754.87,7890.13,Same Day,Delivered,Net Banking,Small Business
ORD10204,13-09-2024,CUST1742,Rohan Tiwari,Rajasthan,Udaipur,North,Furniture,Sofa,3,25620,5,73017,57745.97,15271.03,Standard Class,Delivered,Credit Card,Corporate
ORD10205,18-03-2025,CUST1106,Nidhi Sharma,Delhi,New Delhi,North,Furniture,Sofa,1,22494,15,19119.9,16776.43,2343.47,Same Day,In Transit,Credit Card,Corporate
ORD10206,10-03-2026,CUST1506,Arjun Malhotra,Gujarat,Surat,West,Furniture,Chair,4,54890,25,164670,152620.88,,Same Day,Cancelled,Debit Card,Small Business
ORD10207,11-11-2025,CUST1381,Aarav Gupta,Karnataka,Bengaluru,South,Electronics,Smartphone,1,37617,10,33855.3,20516.06,13339.24,First Class,Cancelled,UPI,Small Business
ORD10208,20-07-2025,CUST1564,Aditi Singh,Uttar Pradesh,Lucknow,North,Electronics,Laptop,2,39055,5,74204.5,56818.42,17386.08,First Class,Delivered,Cash on Delivery,Consumer
ORD10209,26-02-2024,CUST1307,Khushi Saxena,Rajasthan,Udaipur,North,Electronics,Headphones,7,19431,0,136017,122487.38,13529.62,Second Class,Returned,Net Banking,Corporate
ORD10210,03-11-2024,CUST1416,Karan Tiwari,Karnataka,Mysuru,South,Office Supplies,Stapler,6,5122,15,26122.2,18492.81,7629.39,Standard Class,Returned,Debit Card,Corporate
ORD10211,27-09-2024,CUST1786,Dev Dubey,Madhya Pradesh,Indore,Central,Office Supplies,Stapler,2,23958,0,47916,30345.44,17570.56,First Class,Delivered,Credit Card,Corporate
ORD10212,29-05-2026,CUST1081,Simran Joshi,Gujarat,Ahmedabad,West,Electronics,Tablet,5,55346,20,221384,191318.77,30065.23,First Class,Returned,UPI,Enterprise
ORD10213,23-02-2024,CUST1140,Aman Kapoor,Madhya Pradesh,Indore,Central,Electronics,Smartwatch,2,43315,10,77967,54122.11,23844.89,Standard Class,Delivered,UPI,Enterprise
ORD10214,24-03-2026,CUST1253,Simran Dubey,Maharashtra,Nagpur,West,Electronics,Laptop,5,10607,20,42428,39410.52,3017.48,First Class,In Transit,Credit Card,Consumer
ORD10215,21-02-2025,CUST1005,Ananya Bansal,Gujarat,Ahmedabad,West,Furniture,Table,3,48556,25,109251,85039.84,24211.16,First Class,In Transit,Net Banking,Corporate
ORD10025,19-05-2024,CUST1414,Varun Chopra,Maharashtra,Pune,West,Furniture,Bed,4,54268,20,173657.6,121985.3,51672.3,Same Day,Returned,Debit Card,Corporate
ORD10217,14-07-2024,CUST1764,Rishi Tiwari,Gujarat,Ahmedabad,West,Furniture,Sofa,8,295,0,2360,1750.98,609.02,Second Class,In Transit,Cash on Delivery,Consumer
ORD10218,14-03-2024,CUST1700,Kavya Jaiswal,West Bengal,Kolkata,East,Electronics,Laptop,4,16583,25,49749,30660.18,19088.82,Second Class,In Transit,Debit Card,Consumer
ORD10219,27-05-2024,CUST1150,Tanvi Kapoor,Telangana,Hyderabad,South,Furniture,Chair,7,7209,10,45416.7,30529.86,14886.84,Standard Class,Returned,Debit Card,Enterprise
ORD10220,09-06-2026,CUST1681,Meera Jain,Delhi,New Delhi,North,Electronics,Smartphone,3,13751,15,35065.05,25373.5,9691.55,Second Class,Cancelled,Net Banking,Small Business
ORD10221,20-06-2025,CUST1296,Shreya Mishra,Tamil Nadu,Coimbatore,South,Electronics,Smartwatch,3,4224,0,12672,10922.17,1749.83,Same Day,Delivered,Debit Card,Corporate
ORD10222,10-04-2025,CUST1356,Muskan Soni,Karnataka,Bengaluru,South,Electronics,Laptop,8,51691,20,330822.4,206053.81,124768.59,Second Class,Cancelled,Credit Card,Small Business
ORD10223,28-08-2024,CUST1660,Rajat Joshi,Rajasthan,Udaipur,North,Electronics,Smartwatch,4,28913,5,109869.4,66580.97,43288.43,Same Day,In Transit,Cash on Delivery,Corporate
ORD10224,13-11-2024,CUST1764,Kavya Verma,Maharashtra,Nagpur,West,,Chair,5,56692,25,212595,165987.41,46607.59,Standard Class,Delivered,Cash on Delivery,Consumer
ORD10225,04-01-2024,CUST1152,Ananya Dubey,Karnataka,Mysuru,South,Electronics,Smartphone,3,41325,15,105378.75,99278.18,6100.57,First Class,Cancelled,Cash on Delivery,Small Business
ORD10226,03-04-2026,CUST1278,Neha Jain,Maharashtra,Pune,West,Electronics,Monitor,5,47443,15,201632.75,138704.92,62927.83,Second Class,Cancelled,Cash on Delivery,Small Business
ORD10227,16-02-2026,CUST1246,Kavya Tiwari,Maharashtra,Nashik,West,Furniture,Table,6,3201,10,17285.4,12530.33,4755.07,First Class,Cancelled,Credit Card,Enterprise
ORD10228,28-07-2024,CUST1478,Khushi Dubey,West Bengal,Kolkata,East,Furniture,Chair,3,15358,15,39162.9,35375.58,3787.32,Standard Class,Delivered,Cash on Delivery,Enterprise
ORD10229,24-08-2025,CUST1418,Meera Kapoor,Madhya Pradesh,Indore,Central,Furniture,Table,6,6547,0,39282,27095.14,12186.86,First Class,Cancelled,Credit Card,Consumer
ORD10230,06-10-2025,CUST1779,Ishita Kapoor,Delhi,New Delhi,North,Furniture,Chair,5,52045,20,208180,164027.5,44152.5,Standard Class,Cancelled,Debit Card,Corporate
ORD10231,12-04-2024,CUST1090,Pooja Chopra,Gujarat,Ahmedabad,West,Office Supplies,Marker,4,52348,15,177983.2,162073.98,15909.22,Second Class,Returned,UPI,Enterprise
ORD10232,04-10-2025,CUST1585,Rishi Patel,Madhya Pradesh,Bhopal,Central,Furniture,Wardrobe,3,1962,25,4414.5,2799.36,1615.14,First Class,In Transit,Credit Card,Corporate
ORD10233,03-03-2024,CUST1677,Nidhi Dubey,Karnataka,Bengaluru,South,Furniture,Table,4,13152,5,49977.6,35146.75,14830.85,Second Class,In Transit,UPI,Consumer
ORD10234,11-06-2024,CUST1485,Aditya Dubey,Madhya Pradesh,Indore,Central,Electronics,Tablet,7,10287,25,54006.75,33599.96,20406.79,Standard Class,In Transit,Debit Card,Consumer
ORD10235,21-03-2025,CUST1234,Vivaan Sharma,Telangana,Warangal,South,Electronics,Smartphone,4,4998,5,18992.4,14154.44,4837.96,Second Class,Returned,Cash on Delivery,Small Business
ORD10236,06-05-2026,CUST1455,Tanvi Bansal,Uttar Pradesh,Lucknow,North,Office Supplies,Stapler,4,29629,15,100738.6,66512.38,34226.22,First Class,Returned,Cash on Delivery,Corporate
ORD10237,03-04-2024,CUST1595,Khushi Bansal,Uttar Pradesh,Lucknow,North,Electronics,Tablet,7,50830,20,284648,217102.15,67545.85,Second Class,Delivered,Credit Card,Consumer
ORD10025,15-06-2026,CUST1237,Muskan Bansal,Telangana,Warangal,South,Office Supplies,Stapler,3,3662,20,8788.8,5826.34,2962.46,Second Class,Delivered,Cash on Delivery,Consumer
ORD10239,19-05-2024,CUST1182,Khushi Tiwari,Karnataka,Bengaluru,South,Electronics,Headphones,2,17216,10,30988.8,22195,8793.8,Same Day,Cancelled,Credit Card,Corporate
ORD10240,08-01-2026,CUST1649,Ankit Jaiswal,Rajasthan,Jaipur,North,Furniture,Chair,3,41149,15,104929.95,65581.46,39348.49,Standard Class,Returned,Net Banking,Corporate
ORD10241,02-06-2026,CUST1740,Neha Agarwal,Madhya Pradesh,Bhopal,Central,Electronics,Laptop,1,51010,25,38257.5,32205.52,6051.98,Standard Class,Returned,Credit Card,Consumer
ORD10242,28-02-2024,CUST1645,Meera Mishra,Maharashtra,Pune,West,Furniture,Chair,8,51557,20,329964.8,272762.66,57202.14,Standard Class,In Transit,Debit Card,Small Business
ORD10243,28-03-2024,CUST1558,Nikhil Saxena,Delhi,New Delhi,North,Furniture,Wardrobe,5,49517,10,222826.5,154035.82,68790.68,Same Day,Returned,Net Banking,Consumer
ORD10244,21-03-2025,CUST1478,Kavya Malhotra,Maharashtra,Nagpur,West,Furniture,Chair,6,25067,15,127841.7,78511.95,49329.75,Standard Class,Delivered,UPI,Small Business
ORD10245,26-06-2025,CUST1153,Rahul Chopra,Uttar Pradesh,Noida,North,Electronics,Tablet,2,23889,25,35833.5,27970.26,7863.24,Same Day,Delivered,Credit Card,Enterprise
ORD10246,21-04-2026,CUST1174,Yash Jaiswal,Maharashtra,Nagpur,West,Furniture,Sofa,6,43540,0,261240,190228.1,71011.9,Same Day,Delivered,Cash on Delivery,Consumer
ORD10247,24-09-2025,CUST1363,Priya Verma,Gujarat,Ahmedabad,West,Electronics,Smartphone,7,39659,20,222090.4,176648.89,45441.51,Second Class,In Transit,UPI,Consumer
ORD10248,23-07-2025,CUST1541,Priya Gupta,Karnataka,Bengaluru,South,Office Supplies,Marker,5,54915,20,219660,141349.58,78310.42,Standard Class,Returned,Debit Card,Corporate
ORD10249,25-06-2025,CUST1663,Riya Singh,Telangana,Warangal,South,Furniture,Table,4,24978,25,74934,64993.89,9940.11,Same Day,Returned,Credit Card,Corporate
ORD10250,22-10-2025,CUST1685,Rishi Malhotra,Gujarat,Ahmedabad,West,Furniture,Wardrobe,5,47778,5,226945.5,177608.28,49337.22,First Class,Cancelled,Debit Card,Corporate
ORD10251,17-03-2025,CUST1219,Ananya Yadav,Maharashtra,Nashik,West,Furniture,Table,6,47533,25,213898.5,191602.55,22295.95,First Class,Returned,UPI,Enterprise
ORD10252,17-01-2025,CUST1775,Aarav Soni,Uttar Pradesh,Noida,North,Electronics,Monitor,7,10467,10,65942.1,61401.96,4540.14,Standard Class,In Transit,Net Banking,Corporate
ORD10253,16-01-2026,CUST1023,Yash Malhotra,Madhya Pradesh,Bhopal,Central,Electronics,Monitor,3,19456,5,55449.6,51885.66,3563.94,Standard Class,Cancelled,Net Banking,Small Business
ORD10254,12-01-2025,CUST1247,Diya Saxena,Delhi,New Delhi,North,Office Supplies,Stapler,1,50796,5,48256.2,41296.35,6959.85,Second Class,Returned,Debit Card,Corporate
ORD10255,23-05-2026,CUST1298,Vivaan Malhotra,Tamil Nadu,Chennai,South,Furniture,Sofa,1,19185,25,14388.75,11851.7,2537.05,Second Class,In Transit,Credit Card,Small Business
ORD10256,05-04-2026,CUST1104,Muskan Kapoor,Karnataka,Mysuru,South,Furniture,Chair,7,47939,5,318794.35,281287.16,37507.19,Standard Class,Cancelled,Cash on Delivery,Enterprise
ORD10257,26-11-2025,CUST1202,Varun Joshi,Madhya Pradesh,Indore,Central,Furniture,Wardrobe,-1,16000,20,51200,32358.22,18841.78,Second Class,In Transit,Net Banking,Small Business
ORD10258,23-05-2025,CUST1776,Manav Mishra,West Bengal,Kolkata,East,Office Supplies,Notebook,2,5696,20,9113.6,7896.7,1216.9,Same Day,Delivered,Net Banking,Enterprise
ORD10259,31-01-2024,CUST1600,Mohit Mehta,Rajasthan,Jaipur,North,Electronics,Smartphone,4,53962,0,215848,204848.84,10999.16,First Class,Cancelled,UPI,Corporate
ORD10260,27-09-2024,CUST1746,Ritika Malhotra,Rajasthan,Jaipur,North,Electronics,Smartwatch,6,31150,25,140175,118587.14,21587.86,Standard Class,Cancelled,UPI,Corporate
ORD10261,06-05-2024,CUST1538,Nidhi Singh,Delhi,New Delhi,North,Electronics,Laptop,2,20596,20,32953.6,20590.05,12363.55,First Class,Delivered,Cash on Delivery,Small Business
ORD10262,21-02-2025,CUST1199,Kavya Patel,Karnataka,Mysuru,South,Furniture,Sofa,1,38640,5,36708,31744.43,4963.57,Second Class,In Transit,Cash on Delivery,Corporate
ORD10263,07-02-2024,CUST1712,Naina Chopra,Maharashtra,Nashik,West,Electronics,Tablet,7,5229,0,36603,25230.51,11372.49,First Class,In Transit,Cash on Delivery,Enterprise
ORD10264,14-03-2025,CUST1445,Sneha Joshi,West Bengal,Kolkata,East,Office Supplies,Notebook,6,15774,15,80447.4,74611.53,,Standard Class,Delivered,UPI,Corporate
ORD10265,11-02-2025,CUST1622,Akash Gupta,Delhi,New Delhi,North,Office Supplies,Printer Paper,1,34295,5,32580.25,23668.34,8911.91,Standard Class,Cancelled,Credit Card,Enterprise
ORD10266,17-04-2026,CUST1440,Ananya Sharma,Maharashtra,Pune,West,Electronics,Smartphone,4,16847,10,60649.2,43942.07,16707.13,Second Class,Cancelled,Cash on Delivery,Consumer
ORD10267,01-05-2026,CUST1270,Aarav Soni,Tamil Nadu,Coimbatore,South,Electronics,Headphones,3,40909,5,116590.65,110104.94,6485.71,Standard Class,Delivered,Credit Card,Small Business
ORD10268,02-06-2026,CUST1683,Vivaan Bansal,Uttar Pradesh,Lucknow,North,Furniture,Bed,4,22653,10,81550.8,55707.27,25843.53,Second Class,Cancelled,UPI,Corporate
ORD10269,08-12-2025,CUST1710,Rohan Tiwari,Karnataka,Mysuru,South,Furniture,Chair,1,6915,25,5186.25,3784.39,1401.86,Standard Class,Returned,Cash on Delivery,Consumer
ORD10270,16-02-2025,CUST1774,Aditya Chopra,Rajasthan,Udaipur,North,Furniture,Chair,8,16927,20,108332.8,95610.6,12722.2,Same Day,Cancelled,Debit Card,Enterprise
ORD10271,04-12-2024,CUST1578,Yash Yadav,Maharashtra,Nagpur,West,Electronics,Tablet,7,41931,20,234813.6,161286.48,73527.12,First Class,Delivered,Cash on Delivery,Small Business
ORD10272,24-05-2024,CUST1794,Ishita Soni,Telangana,Hyderabad,South,Office Supplies,Printer Paper,2,12321,5,23409.9,16458.36,6951.54,Same Day,Delivered,Net Banking,Consumer
ORD10273,01-02-2024,CUST1657,Meera Joshi,West Bengal,Siliguri,East,Electronics,Monitor,2,30161,15,51273.7,48213.68,3060.02,Second Class,In Transit,Debit Card,Corporate
ORD10274,16-06-2025,CUST1141,Aarav Dubey,Telangana,Hyderabad,South,Electronics,Monitor,6,42810,5,244017,223149.32,20867.68,Standard Class,Returned,UPI,Small Business
ORD10275,19-05-2026,CUST1150,Karan Jaiswal,West Bengal,Kolkata,East,Office Supplies,Stapler,7,22570,0,157990,125165.72,32824.28,First Class,In Transit,Net Banking,Small Business
ORD10276,09-08-2024,CUST1015,Nidhi Mishra,,Nashik,West,Furniture,Sofa,7,41510,0,290570,268257.56,22312.44,Same Day,Cancelled,UPI,Corporate
ORD10277,12-02-2025,CUST1554,Rahul Jain,Rajasthan,Udaipur,North,Furniture,Chair,5,55467,5,263468.25,229751.3,33716.95,Second Class,Returned,Cash on Delivery,Small Business
ORD10278,14-11-2025,CUST1526,Aditya Soni,Gujarat,Ahmedabad,West,Office Supplies,Printer Paper,8,49504,5,376230.4,225867.05,150363.35,Same Day,Cancelled,UPI,Consumer
ORD10279,08-12-2024,CUST1026,Tanvi Agarwal,Maharashtra,Nashik,West,Furniture,Chair,2,43998,5,83596.2,73983.46,9612.74,Standard Class,Cancelled,Cash on Delivery,Consumer
ORD10280,09-04-2025,CUST1417,Ananya Singh,Gujarat,Surat,West,Electronics,Monitor,2,56419,25,84628.5,60296.75,24331.75,Second Class,In Transit,Cash on Delivery,Enterprise
ORD10281,22-05-2025,CUST1451,Rishi Saxena,Gujarat,Ahmedabad,West,Electronics,Tablet,4,41979,10,151124.4,104962.32,46162.08,First Class,Cancelled,Credit Card,Consumer
ORD10282,18-12-2024,CUST1019,Muskan Saxena,Madhya Pradesh,Bhopal,Central,Office Supplies,Marker,7,44200,5,293930,237703.9,56226.1,Standard Class,Cancelled,Net Banking,Enterprise
ORD10283,20-06-2025,CUST1690,Rahul Malhotra,Uttar Pradesh,Lucknow,North,Furniture,Wardrobe,2,50604,10,91087.2,55377.13,35710.07,First Class,Delivered,Credit Card,Corporate
ORD10284,26-07-2024,CUST1353,Diya Sharma,Karnataka,Bengaluru,South,Electronics,Smartphone,6,23653,25,106438.5,98531.6,7906.9,Standard Class,Cancelled,Cash on Delivery,Consumer
ORD10285,23-01-2025,CUST1115,Varun Sharma,Tamil Nadu,Chennai,South,Office Supplies,Printer Paper,2,5350,20,8560,5625.49,2934.51,Same Day,In Transit,Cash on Delivery,Small Business
ORD10286,17-03-2024,CUST1683,Akash Saxena,Maharashtra,Nashik,West,,Sofa,7,8147,5,54177.55,36645.09,17532.46,First Class,Returned,Debit Card,Consumer
ORD10287,14-02-2024,CUST1096,Karan Gupta,Madhya Pradesh,Indore,Central,Office Supplies,Pen Set,1,9430,15,8015.5,5634.14,2381.36,First Class,Returned,UPI,Corporate
ORD10288,19-04-2025,CUST1758,Palak Tiwari,Tamil Nadu,Coimbatore,South,Office Supplies,Marker,8,35208,0,281664,260451.71,21212.29,Second Class,In Transit,UPI,Consumer
ORD10289,15-06-2025,CUST1429,Mohit Verma,Rajasthan,Jaipur,North,Office Supplies,Stapler,3,6906,25,15538.5,10374.82,5163.68,First Class,Cancelled,Cash on Delivery,Enterprise
ORD10290,30-06-2024,CUST1556,Ananya Bansal,Karnataka,Mysuru,South,Office Supplies,Printer Paper,4,57651,0,230604,206811.81,23792.19,First Class,Cancelled,UPI,Small Business
ORD10291,06-01-2026,CUST1651,Harsh Agarwal,Karnataka,Mysuru,South,,Notebook,8,51685,25,310110,249953.02,60156.98,Same Day,Delivered,Net Banking,Enterprise
ORD10292,06-04-2026,CUST1150,Priya Agarwal,Madhya Pradesh,Bhopal,Central,Office Supplies,Marker,4,59202,15,201286.8,157284.92,44001.88,First Class,Delivered,Net Banking,Corporate
ORD10293,06-02-2025,CUST1695,Neha Saxena,Maharashtra,Pune,West,Electronics,Monitor,6,21688,25,97596,63996.23,33599.77,First Class,Delivered,Debit Card,Enterprise
ORD10294,27-06-2024,CUST1074,Dev Mishra,Uttar Pradesh,Noida,North,Electronics,Smartphone,2,34464,25,51696,44951.3,6744.7,Second Class,Returned,Cash on Delivery,Enterprise
ORD10295,08-07-2025,CUST1295,Ankit Jaiswal,West Bengal,Kolkata,East,Furniture,Wardrobe,5,15615,15,66363.75,54299.02,12064.73,Standard Class,In Transit,Credit Card,Consumer
ORD10296,13-09-2024,CUST1519,Mohit Yadav,Uttar Pradesh,Lucknow,North,Office Supplies,Printer Paper,7,47332,20,265059.2,225529.03,39530.17,Second Class,Returned,Cash on Delivery,Small Business
ORD10297,13-04-2025,CUST1769,Palak Singh,Uttar Pradesh,Lucknow,North,Furniture,Sofa,6,29813,25,134158.5,106118.35,28040.15,Same Day,Delivered,Debit Card,Corporate
ORD10298,22-09-2025,CUST1462,Ishita Bansal,Karnataka,Mysuru,South,Electronics,Smartwatch,4,35541,25,106623,70943.36,35679.64,Same Day,Delivered,Cash on Delivery,Consumer
ORD10299,30-09-2025,CUST1588,Simran Mishra,Madhya Pradesh,Bhopal,Central,Furniture,Wardrobe,8,25396,20,162534.4,106048.98,56485.42,Same Day,In Transit,Credit Card,Small Business
ORD10300,20-10-2025,CUST1190,Ananya Malhotra,Telangana,Hyderabad,South,Furniture,Chair,6,44866,20,215356.8,129263.42,86093.38,Second Class,Returned,UPI,Small Business
ORD10301,12-04-2025,CUST1582,Naina Jain,Uttar Pradesh,Noida,North,Furniture,Bed,7,47889,20,268178.4,192057.82,76120.58,Standard Class,Delivered,Credit Card,Small Business
ORD10302,20-06-2025,CUST1402,Siddharth Soni,Uttar Pradesh,Lucknow,North,Furniture,Sofa,6,17784,10,96033.6,63756.19,32277.41,Same Day,In Transit,Credit Card,Small Business
ORD10303,17-05-2026,CUST1275,Khushi Mishra,Rajasthan,Udaipur,North,Electronics,Smartphone,3,44995,20,107988,92737.52,15250.48,Second Class,In Transit,Cash on Delivery,Consumer
ORD10304,09-01-2026,CUST1494,Ankit Singh,Delhi,New Delhi,North,Electronics,Monitor,6,12429,20,59659.2,51696.15,7963.05,First Class,Cancelled,Credit Card,Corporate
ORD10305,13-01-2025,CUST1104,Sneha Chopra,Delhi,New Delhi,North,Office Supplies,Printer Paper,6,34917,20,167601.6,146414.9,21186.7,Standard Class,Cancelled,Debit Card,Small Business
ORD10306,14-05-2025,CUST1791,Rajat Soni,Maharashtra,Nashik,West,Furniture,Bed,6,1224,20,5875.2,4184.05,1691.15,First Class,Returned,Credit Card,Consumer
ORD10307,05-09-2025,CUST1495,Priya Jaiswal,Karnataka,Bengaluru,South,Office Supplies,Stapler,2,54751,0,109502,100726.31,8775.69,Standard Class,In Transit,Cash on Delivery,Small Business
ORD10308,29-11-2024,CUST1300,Priya Saxena,Gujarat,Surat,West,Furniture,Chair,6,13974,15,71267.4,50432.6,20834.8,Standard Class,Returned,Debit Card,Corporate
ORD10309,21-06-2025,CUST1099,Neha Malhotra,Maharashtra,Pune,West,Electronics,Smartphone,-1,31385,25,164771.25,147644.33,17126.92,Same Day,Cancelled,Debit Card,Consumer
ORD10310,28-12-2024,CUST1181,Rohan Soni,Maharashtra,Nagpur,West,Office Supplies,Printer Paper,2,18778,0,37556,22996.19,14559.81,Same Day,Delivered,Cash on Delivery,Enterprise
ORD10311,10-06-2025,CUST1539,Neha Soni,Telangana,Hyderabad,South,Furniture,Chair,5,23857,5,113320.75,77313.48,36007.27,First Class,Cancelled,Credit Card,Corporate
ORD10312,13-10-2024,CUST1305,Tanvi Patel,Uttar Pradesh,Noida,North,Electronics,Tablet,7,52123,15,310131.85,244576.25,65555.6,Second Class,Cancelled,Debit Card,Small Business
ORD10025,11-05-2026,CUST1628,Siddharth Saxena,West Bengal,Siliguri,East,Furniture,Sofa,7,24036,10,151426.8,132598.8,18828,Second Class,In Transit,Debit Card,Consumer
ORD10314,13-02-2024,CUST1159,Ankit Patel,West Bengal,Siliguri,East,Office Supplies,Notebook,3,55971,0,167913,152611.34,15301.66,First Class,In Transit,Cash on Delivery,Corporate
ORD10315,06-01-2024,CUST1331,Rishi Sharma,Maharashtra,Pune,West,Electronics,Laptop,6,57117,10,308431.8,192533.89,115897.91,Same Day,Delivered,Cash on Delivery,Corporate
ORD10316,16-06-2025,CUST1537,Naina Yadav,Gujarat,Surat,West,Furniture,Table,2,18806,10,33850.8,23679.55,10171.25,Same Day,Cancelled,Cash on Delivery,Enterprise
ORD10317,02-06-2024,CUST1764,Vivaan Gupta,Maharashtra,Pune,West,Electronics,Monitor,8,47344,10,340876.8,281257.77,59619.03,Second Class,Returned,Cash on Delivery,Corporate
ORD10318,07-04-2026,CUST1108,Naina Mishra,Uttar Pradesh,Noida,North,Electronics,Laptop,4,52981,5,201327.8,170655.11,30672.69,Second Class,In Transit,UPI,Corporate
ORD10319,26-01-2026,CUST1008,Muskan Kapoor,Karnataka,Bengaluru,South,Office Supplies,Notebook,5,41098,0,205490,127536.25,77953.75,Second Class,Cancelled,Debit Card,Enterprise
ORD10320,24-12-2025,CUST1089,Ankit Verma,Maharashtra,Nashik,West,,Headphones,3,50461,15,128675.55,95401.19,33274.36,Same Day,In Transit,Credit Card,Small Business
ORD10321,02-06-2026,CUST1584,Aman Saxena,Tamil Nadu,Coimbatore,South,Electronics,Tablet,5,31908,5,151563,111037.84,40525.16,First Class,In Transit,Cash on Delivery,Consumer
ORD10322,16-07-2025,CUST1186,Rahul Verma,Telangana,Warangal,South,Electronics,Monitor,4,48012,0,192048,141611.1,50436.9,Same Day,Delivered,Net Banking,Corporate
ORD10323,09-07-2024,CUST1029,Pooja Dubey,Maharashtra,Pune,West,Electronics,Monitor,4,37194,25,111582,89700.11,21881.89,Second Class,In Transit,Credit Card,Corporate
ORD10324,06-11-2024,CUST1241,Aman Bansal,Madhya Pradesh,Indore,Central,Office Supplies,Marker,6,43273,20,207710.4,130105.02,,Second Class,In Transit,Credit Card,Small Business
ORD10325,30-09-2024,CUST1427,Rajat Mishra,Gujarat,Ahmedabad,West,Furniture,Wardrobe,4,21184,20,67788.8,62968.59,4820.21,Same Day,Cancelled,Net Banking,Corporate
ORD10326,04-03-2026,CUST1510,Yash Bansal,Maharashtra,Nashik,West,Electronics,Laptop,6,17307,10,93457.8,74968.4,18489.4,Standard Class,In Transit,Net Banking,Enterprise
ORD10327,02-09-2025,CUST1479,Simran Verma,Maharashtra,Pune,West,Electronics,Smartphone,1,21899,5,20804.05,17337.1,3466.95,Same Day,Delivered,Credit Card,Enterprise
ORD10328,22-11-2025,CUST1770,Tanvi Jaiswal,Madhya Pradesh,Bhopal,Central,Electronics,Headphones,4,8763,5,33299.4,20306.89,12992.51,Second Class,Returned,Net Banking,Consumer
ORD10329,10-04-2026,CUST1702,Dev Mehta,Telangana,Hyderabad,South,Electronics,Laptop,5,50072,20,200288,154448.27,45839.73,Same Day,Returned,Credit Card,Small Business
ORD10330,11-10-2024,CUST1309,Ishita Patel,Gujarat,Surat,West,Electronics,Monitor,7,4189,0,29323,19666.89,9656.11,Same Day,Delivered,Cash on Delivery,Small Business
ORD10331,07-06-2026,CUST1095,Karan Tiwari,Maharashtra,Mumbai,West,Electronics,Smartphone,4,57347,25,172041,137577.86,34463.14,Second Class,In Transit,Cash on Delivery,Small Business
ORD10332,28-02-2024,CUST1626,Priya Dubey,Gujarat,Ahmedabad,West,Electronics,Smartwatch,5,43044,25,161415,125739.6,35675.4,Standard Class,Cancelled,Net Banking,Consumer
ORD10333,19-01-2026,CUST1155,Khushi Bansal,Karnataka,Mysuru,South,Electronics,Laptop,3,26271,0,78813,64756.84,14056.16,Second Class,In Transit,UPI,Enterprise
ORD10334,17-04-2024,CUST1132,Akash Mehta,Delhi,New Delhi,North,Electronics,Headphones,2,7797,0,15594,11444.49,4149.51,Standard Class,Delivered,Cash on Delivery,Consumer
ORD10335,03-02-2026,CUST1747,Vivaan Patel,Tamil Nadu,Coimbatore,South,Furniture,Wardrobe,8,16497,5,125377.2,115838.38,9538.82,Standard Class,Returned,Cash on Delivery,Corporate
ORD10336,10-04-2026,CUST1308,Varun Tiwari,Tamil Nadu,Coimbatore,South,Electronics,Laptop,3,30041,25,67592.25,61299.78,6292.47,Standard Class,In Transit,Debit Card,Corporate
ORD10337,11-12-2024,CUST1008,Yash Jaiswal,Maharashtra,Nagpur,West,Electronics,Headphones,7,41182,20,230619.2,149721.2,80898,First Class,In Transit,Credit Card,Small Business
ORD10338,24-12-2024,CUST1738,Arjun Mishra,Delhi,New Delhi,North,Office Supplies,Stapler,4,46116,10,166017.6,157401.03,8616.57,Standard Class,Delivered,Credit Card,Small Business
ORD10339,14-07-2024,CUST1434,Aditi Bansal,Maharashtra,Nashik,West,Office Supplies,Notebook,4,29935,0,119740,77790.01,41949.99,First Class,Returned,Net Banking,Small Business
ORD10340,27-01-2024,CUST1144,Pooja Gupta,Rajasthan,Jaipur,North,Electronics,Laptop,5,5111,25,19166.25,16722.22,2444.03,Standard Class,Cancelled,UPI,Small Business
ORD10341,03-03-2024,CUST1453,Manav Saxena,Gujarat,Surat,West,Electronics,Smartwatch,5,4152,5,19722,15968.38,3753.62,Standard Class,Cancelled,Net Banking,Consumer
ORD10342,03-06-2026,CUST1162,Varun Verma,Delhi,New Delhi,North,Electronics,Tablet,2,22638,10,40748.4,28172.29,12576.11,Standard Class,In Transit,Debit Card,Consumer
ORD10343,17-10-2025,CUST1462,Akash Yadav,Karnataka,Bengaluru,South,Electronics,Tablet,7,32731,20,183293.6,168625.03,14668.57,Same Day,Returned,Cash on Delivery,Consumer
ORD10344,18-04-2024,CUST1140,Nikhil Chopra,Delhi,New Delhi,North,Electronics,Smartwatch,-1,16328,10,44085.6,33851.13,10234.47,Same Day,Cancelled,UPI,Consumer
ORD10345,24-01-2026,CUST1422,Riya Chopra,Maharashtra,Mumbai,West,Furniture,Wardrobe,2,2738,5,5202.2,3169.84,2032.36,Second Class,Delivered,Net Banking,Enterprise
ORD10346,11-04-2026,CUST1744,Harsh Jain,Karnataka,Bengaluru,South,,Bed,1,35876,0,35876,28015.5,7860.5,First Class,Cancelled,UPI,Corporate
ORD10347,22-02-2025,CUST1463,Rajat Verma,Gujarat,Ahmedabad,West,Office Supplies,Notebook,8,5733,5,43570.8,33894.91,9675.89,Second Class,Delivered,Net Banking,Corporate
ORD10348,23-07-2024,CUST1410,Aman Singh,Delhi,New Delhi,North,Office Supplies,Pen Set,6,34979,10,188886.6,145860.42,43026.18,Standard Class,In Transit,UPI,Consumer
ORD10349,02-09-2025,CUST1259,Kavya Sharma,Telangana,Hyderabad,South,Electronics,Headphones,6,29482,15,150358.2,127232.01,23126.19,Standard Class,In Transit,UPI,Consumer
ORD10350,23-03-2025,CUST1152,Nikhil Jaiswal,Delhi,New Delhi,North,Furniture,Table,8,16860,15,114648,104487.07,10160.93,First Class,Delivered,Cash on Delivery,Corporate
ORD10351,14-11-2024,CUST1338,Naina Gupta,Rajasthan,Udaipur,North,Electronics,Laptop,5,26609,15,113088.25,84697.13,28391.12,Standard Class,Delivered,UPI,Consumer
ORD10352,25-09-2024,CUST1599,Ishita Patel,Tamil Nadu,Coimbatore,South,Furniture,Chair,5,2647,0,13235,11410.66,1824.34,Standard Class,Returned,Cash on Delivery,Consumer
ORD10353,08-02-2024,CUST1603,Naina Joshi,Karnataka,Bengaluru,South,Electronics,Smartphone,1,16945,20,13556,11022.35,2533.65,Same Day,Cancelled,Cash on Delivery,Enterprise
ORD10025,26-01-2025,CUST1617,Diya Saxena,Gujarat,Ahmedabad,West,Electronics,Headphones,8,45102,0,360816,319243.81,41572.19,First Class,Delivered,Net Banking,Enterprise
ORD10355,11-09-2024,CUST1238,Varun Jain,West Bengal,Kolkata,East,Electronics,Tablet,1,31986,15,27188.1,21746.57,5441.53,First Class,Cancelled,Credit Card,Corporate
ORD10356,22-04-2026,CUST1270,Rishi Singh,Madhya Pradesh,Bhopal,Central,Furniture,Chair,8,53088,0,424704,264781.05,159922.95,Same Day,In Transit,UPI,Corporate
ORD10357,11-05-2026,CUST1162,Neha Verma,Tamil Nadu,Coimbatore,South,Office Supplies,Stapler,3,7126,0,21378,15900.09,5477.91,Standard Class,Returned,UPI,Consumer
ORD10358,04-07-2025,CUST1515,Yash Sharma,Karnataka,Mysuru,South,Office Supplies,Notebook,2,29327,0,58654,50198.14,8455.86,First Class,Delivered,UPI,Enterprise
ORD10359,25-01-2026,CUST1238,Dev Mishra,Uttar Pradesh,Noida,North,Furniture,Table,2,29775,10,53595,41947.8,11647.2,Same Day,Returned,Net Banking,Consumer
ORD10360,13-11-2025,CUST1095,Aditya Bansal,Telangana,Hyderabad,South,Office Supplies,Pen Set,1,27645,15,23498.25,16732.38,6765.87,Second Class,Cancelled,Cash on Delivery,Consumer
ORD10361,21-11-2025,CUST1604,Neha Tiwari,Karnataka,Mysuru,South,Electronics,Monitor,2,10543,20,16868.8,15381.76,1487.04,Second Class,Cancelled,Cash on Delivery,Corporate
ORD10362,22-08-2024,CUST1730,Arjun Singh,Tamil Nadu,Coimbatore,South,Furniture,Bed,1,17706,0,17706,14272.71,3433.29,First Class,Delivered,Cash on Delivery,Enterprise
ORD10363,07-04-2026,CUST1707,Aman Bansal,Maharashtra,Nashik,West,Electronics,Headphones,4,11801,15,40123.4,28063.96,12059.44,Second Class,Returned,Net Banking,Small Business
ORD10364,11-09-2025,CUST1431,Riya Saxena,Maharashtra,Nashik,West,Furniture,Bed,3,19392,25,43632,26868.96,16763.04,First Class,Cancelled,Net Banking,Corporate
ORD10365,05-06-2024,CUST1574,Aditya Yadav,Madhya Pradesh,Bhopal,Central,Electronics,Smartwatch,5,10141,0,50705,38301.61,12403.39,Standard Class,Cancelled,Credit Card,Corporate
ORD10366,01-01-2024,CUST1514,Pooja Agarwal,West Bengal,Siliguri,East,Furniture,Table,7,18236,20,102121.6,80813.84,21307.76,Second Class,Returned,Cash on Delivery,Enterprise
ORD10367,09-02-2026,CUST1539,Karan Yadav,Telangana,Hyderabad,South,Furniture,Bed,3,17143,15,43714.65,33565.56,10149.09,Standard Class,Cancelled,UPI,Consumer
ORD10368,06-09-2025,CUST1655,Aditya Sharma,Maharashtra,Mumbai,West,Electronics,Laptop,4,23645,25,70935,61317.77,9617.23,Second Class,Cancelled,UPI,Corporate
ORD10369,24-11-2024,CUST1569,Aditi Jaiswal,Karnataka,Mysuru,South,Office Supplies,Pen Set,3,16493,0,49479,45591.07,3887.93,Standard Class,Cancelled,Debit Card,Consumer
ORD10370,23-09-2025,CUST1099,Arjun Jaiswal,Uttar Pradesh,Noida,North,Office Supplies,Pen Set,5,32679,5,155225.25,107379.23,47846.02,First Class,Delivered,Credit Card,Small Business
ORD10371,04-02-2026,CUST1066,Vivaan Verma,Karnataka,Mysuru,South,Electronics,Laptop,8,49719,25,298314,229547.81,68766.19,Second Class,Returned,Cash on Delivery,Consumer
ORD10372,04-10-2024,CUST1423,Palak Kapoor,Telangana,Hyderabad,South,Office Supplies,Marker,3,6550,10,17685,11103.82,6581.18,Standard Class,In Transit,Debit Card,Corporate
ORD10373,04-04-2026,CUST1254,Diya Verma,Uttar Pradesh,Noida,North,Office Supplies,Stapler,7,40600,25,213150,168056.27,45093.73,Same Day,Cancelled,Debit Card,Enterprise
ORD10374,07-05-2024,CUST1628,Palak Patel,Telangana,Hyderabad,South,Electronics,Headphones,5,20749,25,77808.75,48027.85,29780.9,Second Class,Delivered,Net Banking,Small Business
ORD10375,08-03-2025,CUST1699,Aditya Mehta,Karnataka,Mysuru,South,Office Supplies,Notebook,6,7631,0,45786,35075.2,10710.8,Standard Class,In Transit,Cash on Delivery,Enterprise
ORD10376,01-12-2024,CUST1381,Diya Chopra,Karnataka,Mysuru,South,Electronics,Monitor,3,6754,20,16209.6,13012.16,3197.44,Standard Class,Cancelled,Net Banking,Consumer
ORD10377,20-01-2025,CUST1384,Ananya Malhotra,Maharashtra,Nagpur,West,Office Supplies,Pen Set,5,11926,0,59630,41899.68,17730.32,First Class,Cancelled,Net Banking,Enterprise
ORD10378,04-06-2026,CUST1372,Neha Yadav,Delhi,New Delhi,North,Furniture,Sofa,3,1140,10,3078,2185.88,892.12,Same Day,Returned,Cash on Delivery,Consumer
ORD10379,30-01-2024,CUST1435,Harsh Gupta,Telangana,Warangal,South,Furniture,Table,4,51400,20,164480,145045.47,19434.53,Second Class,Returned,Debit Card,Enterprise
ORD10380,21-04-2024,CUST1406,Aditi Joshi,Uttar Pradesh,Lucknow,North,Office Supplies,Printer Paper,7,22253,25,116828.25,81921.91,34906.34,First Class,Returned,Credit Card,Consumer
ORD10381,19-02-2026,CUST1462,Harsh Agarwal,Maharashtra,Nashik,West,Electronics,Smartphone,2,11662,5,22157.8,15575.59,6582.21,Same Day,Cancelled,Debit Card,Enterprise
ORD10382,27-12-2025,CUST1102,Akash Sharma,Maharashtra,Nagpur,West,Furniture,Bed,1,6993,0,6993,4628.72,2364.28,First Class,Returned,Cash on Delivery,Enterprise
ORD10383,09-02-2025,CUST1492,Mohit Jain,West Bengal,Kolkata,East,Furniture,Wardrobe,1,7300,15,6205,5001.75,1203.25,Same Day,In Transit,Credit Card,Consumer
ORD10384,22-02-2025,CUST1269,Priya Jaiswal,Maharashtra,Nagpur,West,Electronics,Laptop,5,29436,5,139821,132546.9,7274.1,Same Day,Delivered,Credit Card,Consumer
ORD10385,16-03-2025,CUST1354,Nikhil Mishra,Uttar Pradesh,Lucknow,North,Electronics,Tablet,4,48396,15,164546.4,118432.7,46113.7,Same Day,Delivered,Net Banking,Small Business
ORD10386,24-07-2025,CUST1711,Ankit Malhotra,West Bengal,Kolkata,East,Electronics,Tablet,3,20500,5,58425,37578.5,20846.5,Second Class,Returned,Debit Card,Small Business
ORD10387,19-10-2024,CUST1667,Khushi Yadav,Rajasthan,Udaipur,North,Electronics,Monitor,7,16876,10,106318.8,88083.79,18235.01,First Class,In Transit,Credit Card,Consumer
ORD10388,24-01-2026,CUST1748,Rishi Dubey,Maharashtra,Pune,West,Electronics,Monitor,8,18908,20,121011.2,98644.92,22366.28,Standard Class,Cancelled,Net Banking,Enterprise
ORD10389,02-05-2026,CUST1568,Riya Jain,Rajasthan,Jaipur,North,Furniture,Table,8,11322,0,90576,60420.52,30155.48,Same Day,In Transit,UPI,Enterprise
ORD10390,26-04-2026,CUST1042,Ankit Yadav,Delhi,New Delhi,North,Furniture,Chair,2,39963,15,67937.1,63644.2,4292.9,First Class,In Transit,UPI,Enterprise
ORD10391,04-12-2024,CUST1235,Yash Mehta,Gujarat,Ahmedabad,West,Electronics,Headphones,3,17682,20,42436.8,38737.5,3699.3,Standard Class,Delivered,UPI,Consumer
ORD10392,19-12-2024,CUST1176,Tanvi Bansal,Madhya Pradesh,Bhopal,Central,Electronics,Headphones,5,33897,0,169485,151671.46,17813.54,First Class,Returned,Debit Card,Small Business
ORD10393,26-09-2025,CUST1222,Naina Sharma,Karnataka,Bengaluru,South,Office Supplies,Printer Paper,6,45317,0,271902,208355.51,63546.49,Standard Class,Delivered,Debit Card,Corporate
ORD10394,03-04-2026,CUST1637,Simran Tiwari,Gujarat,Ahmedabad,West,Electronics,Smartwatch,5,57487,20,229948,197150.38,32797.62,Same Day,In Transit,Cash on Delivery,Consumer
ORD10395,28-11-2025,CUST1140,Rishi Tiwari,Karnataka,Mysuru,South,Furniture,Table,8,7058,10,50817.6,45426.41,5391.19,Same Day,In Transit,UPI,Consumer
ORD10025,26-10-2025,CUST1231,Karan Patel,Uttar Pradesh,Noida,North,Furniture,Table,5,8863,5,42099.25,37513.57,4585.68,Same Day,In Transit,Cash on Delivery,Corporate
ORD10397,09-06-2024,CUST1580,Aman Gupta,Karnataka,Bengaluru,South,Electronics,Laptop,8,2171,15,14762.8,13611.05,1151.75,Second Class,Delivered,Cash on Delivery,Corporate
ORD10398,03-01-2024,CUST1016,Aarav Agarwal,,Mumbai,West,Electronics,Laptop,1,12331,5,11714.45,7749.17,3965.28,Same Day,Cancelled,Net Banking,Enterprise
ORD10399,14-07-2025,CUST1085,Kavya Bansal,Maharashtra,Mumbai,West,Furniture,Wardrobe,8,47049,15,319933.2,205587.78,114345.42,Second Class,Returned,Net Banking,Consumer
ORD10400,28-03-2024,CUST1603,Neha Gupta,Karnataka,Bengaluru,South,Office Supplies,Pen Set,6,42790,5,243903,201074.52,42828.48,Standard Class,Cancelled,Debit Card,Enterprise
ORD10401,23-11-2025,CUST1100,Ankit Gupta,Rajasthan,Jaipur,North,Electronics,Tablet,7,56977,20,319071.2,226775.8,92295.4,Standard Class,In Transit,UPI,Enterprise
ORD10402,30-01-2026,CUST1602,Yash Verma,Rajasthan,Udaipur,North,Office Supplies,Notebook,6,53767,10,290341.8,270078.97,20262.83,Same Day,Delivered,Debit Card,Consumer
ORD10403,14-01-2024,CUST1662,Rajat Dubey,Uttar Pradesh,Lucknow,North,Electronics,Monitor,7,27861,10,175524.3,110968.15,64556.15,First Class,Returned,UPI,Consumer
ORD10404,20-09-2025,CUST1605,Dev Malhotra,Madhya Pradesh,Indore,Central,Office Supplies,Notebook,8,35697,10,257018.4,163258.1,93760.3,Same Day,Delivered,Cash on Delivery,Consumer
ORD10405,01-07-2025,CUST1743,Simran Tiwari,Delhi,New Delhi,North,Electronics,Headphones,4,19480,20,62336,40474.1,21861.9,Same Day,In Transit,Net Banking,Enterprise
ORD10406,07-11-2025,CUST1656,Riya Tiwari,Rajasthan,Jaipur,North,Furniture,Wardrobe,2,31164,20,49862.4,47282.13,2580.27,Standard Class,Returned,UPI,Small Business
ORD10407,24-01-2024,CUST1709,Riya Yadav,Rajasthan,Udaipur,North,Electronics,Smartwatch,2,37512,15,63770.4,58278.32,5492.08,Second Class,In Transit,UPI,Consumer
ORD10408,21-03-2024,CUST1566,Meera Patel,Maharashtra,Nagpur,West,Furniture,Wardrobe,3,25112,0,75336,53183.75,22152.25,First Class,In Transit,UPI,Enterprise
ORD10409,02-04-2024,CUST1687,Kavya Yadav,Delhi,New Delhi,North,Office Supplies,Notebook,8,32093,15,218232.4,153150.17,65082.23,Second Class,Cancelled,Debit Card,Enterprise
ORD10410,29-08-2025,CUST1412,Shreya Soni,Gujarat,Ahmedabad,West,Electronics,Monitor,3,18571,0,55713,45294.28,10418.72,Same Day,Returned,Credit Card,Corporate
ORD10411,27-09-2024,CUST1738,Diya Dubey,Maharashtra,Nashik,West,Electronics,Headphones,2,29643,0,59286,52403.31,6882.69,First Class,Returned,Credit Card,Consumer
ORD10412,09-03-2026,CUST1517,Muskan Bansal,Rajasthan,Udaipur,North,Furniture,Sofa,8,54820,0,438560,312095.15,126464.85,Standard Class,In Transit,Credit Card,Small Business
ORD10413,22-12-2025,CUST1350,Tanvi Yadav,Tamil Nadu,Chennai,South,Furniture,Chair,1,4352,25,3264,2414.56,849.44,First Class,Delivered,Net Banking,Corporate
ORD10414,17-09-2025,CUST1335,Nidhi Kapoor,Karnataka,Bengaluru,South,Electronics,Smartwatch,3,33171,5,94537.35,87148.3,7389.05,First Class,Delivered,UPI,Consumer
ORD10415,05-03-2025,CUST1074,Manav Sharma,Tamil Nadu,Chennai,South,Electronics,Tablet,8,15952,0,127616,82655.28,44960.72,First Class,Delivered,Net Banking,Consumer
ORD10416,02-01-2024,CUST1625,Ankit Singh,Maharashtra,Nagpur,West,Office Supplies,Notebook,2,7813,20,12500.8,9127.22,3373.58,Same Day,Delivered,UPI,Small Business
ORD10417,06-08-2025,CUST1139,Manav Kapoor,Karnataka,Bengaluru,South,Furniture,Chair,6,15103,15,77025.3,47650.47,29374.83,Standard Class,Delivered,Net Banking,Consumer
ORD10418,31-10-2025,CUST1088,Ishita Singh,Rajasthan,Udaipur,North,Furniture,Chair,8,17005,25,102030,90856.9,11173.1,First Class,Returned,Debit Card,Corporate
ORD10419,06-08-2024,CUST1422,Manav Tiwari,Rajasthan,Jaipur,North,Furniture,Wardrobe,8,27279,20,174585.6,138684.96,35900.64,Second Class,Returned,Debit Card,Enterprise
ORD10420,10-04-2026,CUST1551,Meera Mehta,Rajasthan,Udaipur,North,Office Supplies,Notebook,3,31272,5,89125.2,78579.08,10546.12,Second Class,Delivered,UPI,Small Business
ORD10421,24-04-2025,CUST1303,Rajat Jaiswal,Delhi,New Delhi,North,Electronics,Headphones,7,14734,25,77353.5,51371.35,25982.15,First Class,Cancelled,Debit Card,Corporate
ORD10422,21-03-2025,CUST1039,Naina Chopra,Delhi,New Delhi,North,Electronics,Laptop,7,56694,10,357172.2,336690.07,20482.13,Same Day,Cancelled,Credit Card,Corporate
ORD10423,21-11-2024,CUST1233,Mohit Soni,West Bengal,Siliguri,East,Office Supplies,Stapler,4,36058,10,129808.8,121849.65,7959.15,First Class,Cancelled,Credit Card,Consumer
ORD10424,04-04-2025,CUST1634,Diya Agarwal,Delhi,New Delhi,North,Electronics,Smartwatch,5,46382,0,231910,171083.66,60826.34,First Class,Delivered,Debit Card,Enterprise
ORD10025,28-11-2024,CUST1109,Siddharth Malhotra,Maharashtra,Pune,West,Furniture,Chair,1,35644,10,32079.6,29378.81,2700.79,Same Day,Returned,UPI,Consumer
ORD10426,07-04-2024,CUST1615,Ananya Joshi,Uttar Pradesh,Lucknow,North,Office Supplies,Notebook,8,51246,20,327974.4,304849.36,23125.04,Standard Class,In Transit,,Small Business
ORD10427,04-01-2026,CUST1635,Neha Jaiswal,Madhya Pradesh,Bhopal,Central,Furniture,Chair,3,11222,25,25249.5,15359.97,9889.53,Second Class,Returned,Debit Card,Consumer
ORD10428,02-08-2025,CUST1365,Ritika Soni,Madhya Pradesh,Indore,Central,Office Supplies,Printer Paper,3,28887,10,77994.9,68224.23,9770.67,Standard Class,In Transit,Net Banking,Consumer
ORD10429,01-11-2025,CUST1702,Muskan Singh,Maharashtra,Mumbai,West,Electronics,Monitor,3,59608,10,160941.6,151013.81,9927.79,First Class,Cancelled,Cash on Delivery,Small Business
ORD10430,14-05-2026,CUST1132,Dev Patel,Maharashtra,Nagpur,West,Electronics,Smartwatch,2,50334,15,85567.8,72430.11,13137.69,Standard Class,Returned,Cash on Delivery,Small Business
ORD10431,24-11-2025,CUST1636,Ritika Yadav,Gujarat,Ahmedabad,West,Furniture,Chair,1,837,15,711.45,498.55,212.9,First Class,Delivered,Credit Card,Consumer
ORD10432,16-12-2025,CUST1778,Nidhi Tiwari,,Nagpur,West,Electronics,Laptop,4,28276,0,113104,87912.21,25191.79,Standard Class,Delivered,Cash on Delivery,Small Business
ORD10433,07-02-2026,CUST1249,Yash Chopra,Gujarat,Ahmedabad,West,Office Supplies,Pen Set,3,35946,10,97054.2,69989.46,27064.74,First Class,In Transit,UPI,Small Business
ORD10434,14-03-2025,CUST1560,Ritika Soni,Delhi,New Delhi,North,Electronics,Smartwatch,1,42413,0,42413,31352.72,11060.28,Standard Class,Cancelled,Net Banking,Enterprise
ORD10435,11-08-2024,CUST1678,Simran Kapoor,Karnataka,Bengaluru,South,Office Supplies,Stapler,5,45707,25,171401.25,110357.94,61043.31,First Class,Returned,Cash on Delivery,Small Business
ORD10436,09-01-2024,CUST1223,Khushi Agarwal,Uttar Pradesh,Lucknow,North,Electronics,Smartwatch,8,24905,5,189278,135704.94,53573.06,First Class,Delivered,UPI,Enterprise
ORD10437,04-07-2025,CUST1260,Ananya Soni,Karnataka,Mysuru,South,Electronics,Smartphone,7,12235,10,77080.5,49101.72,27978.78,Standard Class,In Transit,Cash on Delivery,Corporate
ORD10438,08-08-2025,CUST1040,Khushi Singh,Karnataka,Bengaluru,South,Electronics,Laptop,2,1198,25,1797,1573.47,223.53,Same Day,Delivered,Debit Card,Corporate
ORD10439,06-02-2025,CUST1454,Akash Singh,Maharashtra,Nashik,West,Furniture,Table,1,10126,0,10126,6388.85,3737.15,Second Class,Delivered,Debit Card,Small Business
ORD10440,30-03-2024,CUST1175,Rajat Malhotra,West Bengal,Siliguri,East,Electronics,Headphones,8,21386,20,136870.4,123353.94,13516.46,Same Day,Returned,Credit Card,Enterprise
ORD10441,13-01-2025,CUST1362,Aditya Tiwari,Maharashtra,Pune,West,Electronics,Smartphone,1,58182,25,43636.5,28342.47,15294.03,Second Class,Delivered,Debit Card,Enterprise
ORD10442,31-03-2026,CUST1352,Arjun Gupta,West Bengal,Kolkata,East,Furniture,Table,1,59662,15,50712.7,32460.54,18252.16,Second Class,Delivered,Credit Card,Corporate
ORD10443,21-06-2025,CUST1127,Vivaan Saxena,Tamil Nadu,Chennai,South,Electronics,Headphones,3,4625,10,12487.5,11456.24,1031.26,Same Day,Delivered,Debit Card,Consumer
ORD10444,17-01-2026,CUST1602,Arjun Agarwal,Tamil Nadu,Chennai,South,Furniture,Table,6,21978,20,105494.4,83626.51,21867.89,Same Day,Cancelled,Credit Card,Consumer
ORD10445,17-12-2025,CUST1618,Ritika Yadav,Delhi,New Delhi,North,Furniture,Sofa,4,31575,20,101040,87698.25,13341.75,Standard Class,Cancelled,Cash on Delivery,Corporate
ORD10446,04-11-2025,CUST1098,Rishi Mehta,Tamil Nadu,Coimbatore,South,Office Supplies,Stapler,5,21938,10,98721,89162.97,9558.03,Second Class,In Transit,Net Banking,Corporate
ORD10447,08-05-2026,CUST1234,Palak Patel,Maharashtra,Pune,West,Furniture,Wardrobe,5,35370,5,168007.5,137572.14,30435.36,Second Class,Delivered,Debit Card,Consumer
ORD10448,08-03-2024,CUST1431,Mohit Chopra,Karnataka,Mysuru,South,Office Supplies,Printer Paper,3,49306,20,118334.4,101971.17,16363.23,Second Class,Delivered,Credit Card,Consumer
ORD10449,25-03-2025,CUST1509,Aditi Bansal,Maharashtra,Pune,West,Office Supplies,Pen Set,3,14553,5,41476.05,26781.28,14694.77,Second Class,Delivered,Credit Card,Small Business
ORD10450,20-02-2025,CUST1259,Rohan Mishra,Madhya Pradesh,Indore,Central,Office Supplies,Printer Paper,2,27589,10,49660.2,45201.59,4458.61,Second Class,Delivered,UPI,Small Business
ORD10451,21-08-2025,CUST1098,Yash Bansal,Madhya Pradesh,Indore,Central,Office Supplies,Marker,8,30320,10,218304,161383.26,56920.74,Second Class,In Transit,UPI,Consumer
ORD10452,14-09-2025,CUST1041,Priya Mehta,Gujarat,Ahmedabad,West,Electronics,Monitor,2,30980,10,55764,40838.32,14925.68,Second Class,Delivered,UPI,Small Business
ORD10453,31-03-2026,CUST1207,Neha Sharma,Karnataka,Mysuru,South,Electronics,Smartwatch,7,10830,5,72019.5,57516.3,14503.2,Same Day,Cancelled,UPI,Consumer
ORD10454,18-12-2025,CUST1403,Aarav Kapoor,Delhi,New Delhi,North,Office Supplies,Marker,7,30379,0,212653,156110.19,56542.81,Standard Class,Cancelled,Debit Card,Small Business
ORD10455,17-03-2025,CUST1400,Priya Dubey,Maharashtra,Nagpur,West,Furniture,Sofa,5,43193,0,215965,162911.33,53053.67,First Class,In Transit,Credit Card,Enterprise
ORD10025,21-06-2024,CUST1394,Mohit Malhotra,Delhi,New Delhi,North,Furniture,Bed,3,29928,5,85294.8,55042.14,30252.66,Same Day,Delivered,UPI,Small Business
ORD10457,01-11-2025,CUST1568,Ankit Bansal,West Bengal,Siliguri,East,Electronics,Smartwatch,3,54512,25,122652,88338.01,34313.99,First Class,Returned,Credit Card,Consumer
ORD10458,31-05-2024,CUST1654,Aarav Saxena,Gujarat,Ahmedabad,West,Furniture,Bed,2,48690,20,77904,72108.47,5795.53,First Class,Delivered,Cash on Delivery,Enterprise
ORD10459,10-07-2024,CUST1374,Rishi Malhotra,Karnataka,Bengaluru,South,Furniture,Table,3,47396,10,127969.2,119207.42,8761.78,Standard Class,Returned,Cash on Delivery,Corporate
ORD10460,09-01-2025,CUST1684,Pooja Tiwari,Karnataka,Mysuru,South,Office Supplies,Notebook,4,5282,0,21128,17900.53,3227.47,Same Day,Cancelled,UPI,Small Business
ORD10461,26-05-2025,CUST1338,Priya Saxena,West Bengal,Siliguri,East,Electronics,Smartwatch,7,45408,20,254284.8,212658.08,41626.72,Same Day,Returned,Debit Card,Corporate
ORD10462,15-01-2026,CUST1608,Varun Tiwari,Delhi,New Delhi,North,Electronics,Headphones,8,56380,10,405936,299402,106534,Same Day,Delivered,Net Banking,Corporate
ORD10463,09-01-2024,CUST1586,Varun Gupta,Uttar Pradesh,Lucknow,North,Electronics,Tablet,5,24444,0,122220,96238.5,25981.5,First Class,Delivered,Debit Card,Corporate
ORD10464,05-07-2024,CUST1115,Aarav Saxena,Rajasthan,Jaipur,North,Electronics,Tablet,7,26222,10,165198.6,147932.67,17265.93,Standard Class,Cancelled,Debit Card,Corporate
ORD10465,14-11-2025,CUST1271,Shreya Jaiswal,Karnataka,Bengaluru,South,Electronics,Smartwatch,2,53522,10,96339.6,59578.69,36760.91,Second Class,In Transit,Credit Card,Enterprise
ORD10466,26-02-2025,CUST1225,Aarav Dubey,Rajasthan,Udaipur,North,Furniture,Sofa,4,47280,0,189120,143444.08,45675.92,Same Day,In Transit,UPI,Consumer
ORD10467,22-03-2024,CUST1377,Aditi Dubey,Maharashtra,Mumbai,West,Furniture,Wardrobe,6,11145,5,63526.5,58836.49,4690.01,Same Day,Delivered,Cash on Delivery,Small Business
ORD10468,01-06-2025,CUST1471,Vivaan Jain,Karnataka,Bengaluru,South,Electronics,Monitor,5,48639,5,231035.25,173630.14,57405.11,First Class,Cancelled,UPI,Consumer
ORD10025,20-04-2026,CUST1151,Naina Dubey,Tamil Nadu,Chennai,South,Office Supplies,Notebook,7,52408,10,330170.4,299252.99,30917.41,Same Day,Cancelled,Net Banking,Corporate
ORD10470,12-10-2024,CUST1063,Ananya Gupta,Telangana,Warangal,South,Furniture,Bed,4,12978,15,44125.2,26527.71,17597.49,Standard Class,Returned,Credit Card,Enterprise
ORD10471,16-02-2024,CUST1037,Manav Dubey,Uttar Pradesh,Lucknow,North,Electronics,Tablet,6,42737,20,205137.6,170346.23,34791.37,Second Class,Cancelled,Credit Card,Corporate
ORD10472,04-11-2024,CUST1232,Pooja Agarwal,Maharashtra,Pune,West,Electronics,Monitor,4,8058,15,27397.2,16692.14,10705.06,Standard Class,In Transit,Net Banking,Consumer
ORD10473,25-12-2024,CUST1726,Dev Verma,Tamil Nadu,Chennai,South,Office Supplies,Printer Paper,2,13183,15,22411.1,18328.96,4082.14,Same Day,In Transit,UPI,Corporate
ORD10474,26-12-2024,CUST1675,Nidhi Mehta,Telangana,Warangal,South,Furniture,Sofa,3,47329,10,127788.3,119894.31,7893.99,Second Class,In Transit,Credit Card,Corporate
ORD10475,27-06-2024,CUST1001,Siddharth Saxena,Maharashtra,Nashik,West,Electronics,Headphones,-1,58764,20,188044.8,152539.39,35505.41,First Class,Cancelled,Credit Card,Small Business
ORD10476,20-02-2024,CUST1564,Palak Chopra,Karnataka,Bengaluru,South,Electronics,Laptop,6,2477,15,12632.7,9335.36,3297.34,Standard Class,In Transit,Net Banking,Enterprise
ORD10477,18-05-2025,CUST1127,Karan Verma,Rajasthan,Jaipur,North,Furniture,Table,4,25177,0,100708,63902.71,36805.29,Same Day,Delivered,Debit Card,Corporate
ORD10478,21-09-2024,CUST1798,Kavya Agarwal,Uttar Pradesh,Lucknow,North,Furniture,Bed,7,46563,10,293346.9,230848.27,62498.63,Same Day,In Transit,Debit Card,Enterprise
ORD10479,04-06-2025,CUST1017,Mohit Joshi,Madhya Pradesh,Indore,Central,Electronics,Smartphone,3,9482,5,27023.7,24912.47,2111.23,Standard Class,Returned,Debit Card,Corporate
ORD10480,21-01-2025,CUST1187,Aarav Sharma,Delhi,New Delhi,North,Furniture,Table,3,48319,10,130461.3,96770.92,33690.38,First Class,In Transit,Debit Card,Consumer
ORD10481,26-02-2024,CUST1278,Harsh Mehta,Uttar Pradesh,Lucknow,North,Office Supplies,Marker,4,4569,25,13707,8774.66,4932.34,Same Day,Returned,UPI,Corporate
ORD10482,27-11-2024,CUST1152,Ankit Sharma,Maharashtra,Nagpur,West,Electronics,Headphones,5,50804,0,254020,210486.16,43533.84,Standard Class,In Transit,Net Banking,Corporate
ORD10483,29-04-2025,CUST1672,Tanvi Tiwari,Delhi,New Delhi,North,Furniture,Sofa,7,15223,20,85248.8,75859.51,9389.29,Same Day,Delivered,Debit Card,Small Business
ORD10484,06-11-2025,CUST1068,Akash Yadav,Rajasthan,Jaipur,North,Electronics,Tablet,2,52581,5,99903.9,92698.25,7205.65,Standard Class,Cancelled,Debit Card,Consumer
ORD10485,08-01-2026,CUST1384,Karan Patel,Maharashtra,Nagpur,West,Electronics,Tablet,1,37527,25,28145.25,17786.77,10358.48,Second Class,Returned,Net Banking,Enterprise
ORD10486,11-06-2024,CUST1682,Priya Agarwal,Delhi,New Delhi,North,Electronics,Laptop,3,1390,10,3753,2473.43,1279.57,Standard Class,Cancelled,UPI,Corporate
ORD10487,16-03-2025,CUST1635,Kavya Verma,Madhya Pradesh,Indore,Central,Electronics,Laptop,4,37658,5,143100.4,123519.14,19581.26,Same Day,Cancelled,Net Banking,Consumer
ORD10488,28-03-2026,CUST1616,Pooja Yadav,Telangana,Warangal,South,Electronics,Smartphone,7,32348,15,192470.6,131065.45,61405.15,Second Class,In Transit,Net Banking,Enterprise
ORD10489,30-08-2024,CUST1652,Ritika Chopra,Gujarat,Ahmedabad,West,Furniture,Sofa,8,42716,20,273382.4,204250.77,69131.63,First Class,In Transit,UPI,Consumer
ORD10490,15-08-2025,CUST1652,Pooja Verma,Gujarat,Surat,West,Electronics,Smartphone,-1,33786,25,25339.5,21634.32,3705.18,Second Class,In Transit,UPI,Corporate
ORD10491,22-01-2025,CUST1278,Pooja Jain,,Mumbai,West,Furniture,Sofa,1,50963,10,45866.7,35326.6,10540.1,Same Day,Returned,Net Banking,Consumer
ORD10492,12-11-2025,CUST1780,Rahul Gupta,Madhya Pradesh,Indore,Central,Electronics,Headphones,8,26128,10,188121.6,133230.61,54890.99,Same Day,Cancelled,Debit Card,Enterprise
ORD10493,21-12-2024,CUST1436,Aditi Malhotra,Gujarat,Surat,West,Office Supplies,Notebook,7,53691,5,357045.15,262421.02,94624.13,Standard Class,Returned,Debit Card,Consumer
ORD10494,26-01-2026,CUST1395,Yash Mishra,Maharashtra,Pune,West,Electronics,Monitor,4,31018,5,117868.4,72273.63,45594.77,Same Day,In Transit,Net Banking,Enterprise
ORD10495,12-12-2025,CUST1379,Rajat Malhotra,Maharashtra,Nagpur,West,Electronics,Monitor,7,14797,10,93221.1,62650.27,30570.83,Same Day,Delivered,Credit Card,Small Business
ORD10496,28-08-2024,CUST1080,Varun Jaiswal,Delhi,New Delhi,North,Furniture,Bed,7,44398,5,295246.7,221227.84,74018.86,First Class,Returned,Cash on Delivery,Enterprise
ORD10497,14-06-2026,CUST1299,Naina Chopra,Delhi,New Delhi,North,Electronics,Smartwatch,4,19764,10,71150.4,61459.84,9690.56,Second Class,Returned,Debit Card,Consumer
ORD10498,23-12-2025,CUST1264,Varun Yadav,Rajasthan,Udaipur,North,Furniture,Bed,4,49547,20,158550.4,108584.88,49965.52,Same Day,Returned,Credit Card,Small Business
ORD10499,02-12-2024,CUST1512,Nikhil Malhotra,Uttar Pradesh,Noida,North,Electronics,Monitor,3,9775,5,27858.75,17180.78,10677.97,Second Class,Cancelled,Credit Card,Small Business
ORD10025,27-04-2024,CUST1490,Meera Yadav,Maharashtra,Pune,West,Electronics,Laptop,8,8659,0,69272,58323.23,10948.77,Standard Class,Cancelled,Debit Card,Small Business
ORD10501,22-08-2025,CUST1135,Vivaan Yadav,Uttar Pradesh,Noida,North,Electronics,Monitor,7,24483,10,154242.9,118060.01,36182.89,Second Class,Delivered,Credit Card,Consumer
ORD10502,16-08-2024,CUST1580,Arjun Verma,Maharashtra,Nagpur,West,Furniture,Sofa,7,4400,5,29260,24965.72,4294.28,Standard Class,In Transit,Debit Card,Consumer
ORD10503,25-06-2025,CUST1723,Ishita Saxena,Maharashtra,Mumbai,West,Electronics,Smartwatch,6,56460,15,287946,259874.63,28071.37,Same Day,In Transit,Debit Card,Small Business
ORD10504,16-09-2025,CUST1223,Aman Kapoor,Gujarat,Surat,West,Office Supplies,Stapler,7,53032,0,371224,342619.06,28604.94,First Class,Returned,Cash on Delivery,Small Business
ORD10505,17-07-2025,CUST1379,Tanvi Agarwal,Karnataka,Mysuru,South,Electronics,Smartphone,2,4949,5,9403.1,8717.54,,Second Class,Returned,Credit Card,Corporate
ORD10506,13-04-2025,CUST1299,Rahul Agarwal,Rajasthan,Jaipur,North,Office Supplies,Printer Paper,1,56428,5,53606.6,35820.79,17785.81,First Class,Cancelled,Credit Card,Consumer
ORD10507,31-03-2026,CUST1673,Rohan Mishra,Maharashtra,Pune,West,Furniture,Wardrobe,7,33258,25,174604.5,147121.97,27482.53,Standard Class,Delivered,Cash on Delivery,Small Business
ORD10508,05-06-2024,CUST1669,Priya Sharma,Madhya Pradesh,Indore,Central,Furniture,Sofa,7,49565,20,277564,259728.34,17835.66,Same Day,Cancelled,Debit Card,Consumer
ORD10509,21-08-2024,CUST1549,Rajat Jain,Tamil Nadu,Chennai,South,Office Supplies,Pen Set,4,55346,10,199245.6,123623.1,75622.5,Standard Class,In Transit,Credit Card,Small Business
ORD10510,05-06-2024,CUST1638,Ishita Joshi,Delhi,New Delhi,North,Electronics,Tablet,3,13239,5,37731.15,24401.37,13329.78,Standard Class,In Transit,UPI,Corporate
ORD10511,22-02-2025,CUST1479,Yash Joshi,Delhi,New Delhi,North,Electronics,Laptop,4,1639,5,6228.2,4166.94,2061.26,Standard Class,Delivered,Net Banking,Enterprise
ORD10512,21-12-2024,CUST1768,Karan Kapoor,Delhi,New Delhi,North,Electronics,Smartwatch,3,51049,15,130174.95,105882.4,24292.55,Second Class,Delivered,Credit Card,Small Business
ORD10513,21-09-2024,CUST1499,Kavya Patel,Gujarat,Ahmedabad,West,Electronics,Smartphone,4,48350,20,154720,122947.48,31772.52,Second Class,Delivered,Credit Card,Small Business
ORD10514,29-03-2026,CUST1595,Yash Agarwal,Madhya Pradesh,Indore,Central,Electronics,Headphones,5,30245,0,151225,140834.6,10390.4,Standard Class,Delivered,Net Banking,Corporate
ORD10515,01-05-2026,CUST1265,Neha Verma,West Bengal,Kolkata,East,Electronics,Tablet,1,28993,25,21744.75,16194.52,5550.23,Same Day,Delivered,Net Banking,Enterprise
ORD10516,17-10-2025,CUST1554,Ankit Soni,Karnataka,Mysuru,South,Electronics,Headphones,3,17482,0,52446,38558.88,13887.12,Same Day,In Transit,Net Banking,Corporate
ORD10517,17-12-2024,CUST1394,Aditya Malhotra,Delhi,New Delhi,North,Electronics,Tablet,1,52803,20,42242.4,36906.31,5336.09,First Class,Returned,Cash on Delivery,Corporate
ORD10518,12-04-2024,CUST1133,Dev Tiwari,West Bengal,Siliguri,East,Electronics,Smartphone,8,37778,0,302224,265367.85,36856.15,Standard Class,Delivered,UPI,Enterprise
ORD10519,16-11-2025,CUST1075,Aarav Singh,West Bengal,Kolkata,East,Electronics,Tablet,7,53109,25,278822.25,227230.87,51591.38,Standard Class,Cancelled,Debit Card,Consumer
ORD10520,12-12-2025,CUST1363,Ankit Singh,Rajasthan,Jaipur,North,Furniture,Sofa,2,38719,20,61950.4,50553.86,11396.54,First Class,Delivered,Net Banking,Consumer
ORD10521,05-07-2024,CUST1167,Rishi Patel,Maharashtra,Pune,West,Office Supplies,Marker,5,16569,5,78702.75,62580.08,16122.67,First Class,Returned,Credit Card,Corporate
ORD10522,15-07-2024,CUST1199,Harsh Chopra,Maharashtra,Pune,West,Electronics,Tablet,5,38938,25,146017.5,107158.6,38858.9,Standard Class,In Transit,Credit Card,Small Business
ORD10523,05-09-2025,CUST1594,Meera Verma,Karnataka,Mysuru,South,Office Supplies,Notebook,5,33112,20,132448,102605.28,29842.72,Standard Class,Returned,Net Banking,Consumer
ORD10524,14-03-2024,CUST1626,Ritika Singh,Rajasthan,Jaipur,North,Office Supplies,Stapler,7,50397,20,282223.2,236933.19,45290.01,First Class,In Transit,Net Banking,Enterprise
ORD10525,28-02-2025,CUST1238,Muskan Sharma,Karnataka,Bengaluru,South,Electronics,Monitor,4,10683,20,34185.6,29378.36,4807.24,Second Class,Cancelled,Net Banking,Enterprise
ORD10025,12-02-2025,CUST1357,Nikhil Joshi,Karnataka,Bengaluru,South,Electronics,Tablet,3,1349,15,3439.95,2160.95,1279,Standard Class,In Transit,Cash on Delivery,Corporate
ORD10527,26-11-2024,CUST1787,Muskan Jaiswal,Maharashtra,Nagpur,West,Furniture,Table,3,39031,10,105383.7,67546.63,37837.07,Second Class,Delivered,Credit Card,Small Business
ORD10528,23-10-2025,CUST1418,Ananya Kapoor,Karnataka,Mysuru,South,Electronics,Smartphone,8,44002,25,264012,233473.05,30538.95,First Class,In Transit,UPI,Enterprise
ORD10529,09-04-2024,CUST1199,Aarav Mishra,Delhi,New Delhi,North,Furniture,Wardrobe,1,42556,25,31917,25307.91,6609.09,Standard Class,In Transit,Cash on Delivery,Consumer
ORD10530,20-05-2026,CUST1155,Aditya Joshi,Maharashtra,Pune,West,Furniture,Table,2,53868,25,80802,50848.52,29953.48,Second Class,Delivered,Debit Card,Small Business
ORD10531,02-07-2025,CUST1511,Karan Chopra,Telangana,Hyderabad,South,Furniture,Wardrobe,3,57198,15,145854.9,115255.12,30599.78,First Class,Delivered,UPI,Consumer
ORD10532,07-05-2026,CUST1689,Karan Sharma,Telangana,Warangal,South,Furniture,Chair,7,20470,10,128961,111232.32,17728.68,Standard Class,Cancelled,Credit Card,Enterprise
ORD10533,15-10-2025,CUST1411,Rohan Agarwal,Tamil Nadu,Coimbatore,South,Electronics,Tablet,6,51051,25,229729.5,215007.73,14721.77,Same Day,Returned,,Enterprise
ORD10534,22-03-2025,CUST1148,Yash Tiwari,Madhya Pradesh,Indore,Central,Electronics,Smartphone,2,40210,5,76399,64954.48,11444.52,Standard Class,In Transit,Credit Card,Consumer
ORD10535,25-04-2024,CUST1288,Karan Soni,Karnataka,Bengaluru,South,Electronics,Smartphone,5,35058,5,166525.5,146299.84,20225.66,Same Day,Delivered,UPI,Enterprise
ORD10536,29-10-2025,CUST1164,Rishi Mehta,Uttar Pradesh,Noida,North,Electronics,Smartwatch,5,37907,25,142151.25,111502.88,30648.37,Second Class,Delivered,Cash on Delivery,Consumer
ORD10537,22-12-2024,CUST1201,Kavya Yadav,Maharashtra,Nashik,West,Electronics,Laptop,3,46483,0,139449,86714.38,52734.62,Second Class,Returned,Credit Card,Enterprise
ORD10538,26-06-2025,CUST1240,Vivaan Bansal,Karnataka,Bengaluru,South,Electronics,Monitor,1,21606,5,20525.7,14256.2,6269.5,Standard Class,Returned,Cash on Delivery,Corporate
ORD10539,15-12-2025,CUST1442,Aditya Sharma,Uttar Pradesh,Lucknow,North,Furniture,Wardrobe,1,4108,15,3491.8,2581.62,910.18,Same Day,Cancelled,Credit Card,Corporate
ORD10540,10-05-2025,CUST1417,Dev Saxena,Maharashtra,Pune,West,Office Supplies,Stapler,7,44317,5,294708.05,198949.02,95759.03,Standard Class,Returned,UPI,Enterprise
ORD10541,17-03-2024,CUST1194,Nikhil Agarwal,Maharashtra,Nashik,West,Electronics,Smartwatch,5,51119,0,255595,153430.4,102164.6,Second Class,In Transit,Credit Card,Corporate
ORD10542,05-03-2024,CUST1541,Simran Soni,Maharashtra,Pune,West,Electronics,Smartphone,8,48511,20,310470.4,265425.19,45045.21,First Class,Delivered,Net Banking,Enterprise
ORD10025,12-10-2025,CUST1551,Rahul Saxena,Tamil Nadu,Chennai,South,Furniture,Bed,6,54301,20,260644.8,171625.96,89018.84,Standard Class,Returned,Credit Card,Consumer
ORD10544,26-12-2024,CUST1607,Priya Jain,Gujarat,Surat,West,Furniture,Bed,2,30388,20,48620.8,40995.98,7624.82,Second Class,Returned,Debit Card,Enterprise
ORD10545,21-04-2026,CUST1408,Rahul Malhotra,Maharashtra,Mumbai,West,Office Supplies,Printer Paper,7,24898,10,156857.4,132321.12,24536.28,Same Day,In Transit,Cash on Delivery,Small Business
ORD10546,02-08-2025,CUST1166,Aman Joshi,Telangana,Hyderabad,South,Electronics,Smartwatch,4,20388,20,65241.6,50727.33,14514.27,First Class,In Transit,Cash on Delivery,Small Business
ORD10547,01-10-2024,CUST1642,Yash Jain,Gujarat,Ahmedabad,West,Furniture,Sofa,3,38167,20,91600.8,55681.03,35919.77,Second Class,Cancelled,Net Banking,Small Business
ORD10548,11-03-2026,CUST1609,Sneha Malhotra,Maharashtra,Nashik,West,Furniture,Bed,8,1615,20,10336,6215.52,4120.48,First Class,Cancelled,Debit Card,Small Business
ORD10549,17-05-2026,CUST1309,Yash Patel,Madhya Pradesh,Bhopal,Central,Electronics,Laptop,4,52807,20,168982.4,148821.77,20160.63,Same Day,Cancelled,Credit Card,Small Business
ORD10550,30-06-2025,CUST1028,Kavya Singh,Rajasthan,Udaipur,North,Electronics,Monitor,2,25157,10,45282.6,39474.74,5807.86,First Class,Returned,UPI,Corporate
ORD10551,22-05-2024,CUST1469,Sneha Patel,Gujarat,Surat,West,Office Supplies,Pen Set,3,7950,0,23850,15679.21,8170.79,Same Day,Cancelled,Debit Card,Consumer
ORD10552,01-01-2024,CUST1569,Nikhil Jain,Maharashtra,Pune,West,Electronics,Tablet,6,34284,0,205704,178872.04,26831.96,Second Class,Delivered,Debit Card,Enterprise
ORD10553,20-07-2025,CUST1355,Siddharth Chopra,Karnataka,Bengaluru,South,Furniture,Bed,5,54818,25,205567.5,194918.12,10649.38,Second Class,Delivered,Credit Card,Enterprise
ORD10554,17-02-2026,CUST1695,Kavya Agarwal,Rajasthan,Jaipur,North,Electronics,Smartphone,1,44742,10,40267.8,34311.04,5956.76,Standard Class,Returned,Credit Card,Consumer
ORD10555,24-03-2025,CUST1554,Khushi Saxena,Uttar Pradesh,Noida,North,Electronics,Laptop,5,50482,20,201928,134696.81,67231.19,First Class,Cancelled,Net Banking,Consumer
ORD10556,18-06-2026,CUST1658,Ankit Gupta,Tamil Nadu,Coimbatore,South,Office Supplies,Notebook,2,34987,15,59477.9,39059.04,20418.86,Standard Class,Delivered,Credit Card,Enterprise
ORD10557,01-09-2025,CUST1044,Rajat Dubey,Delhi,New Delhi,North,Electronics,Tablet,5,20058,10,90261,58311.71,31949.29,Same Day,Returned,Debit Card,Enterprise
ORD10558,17-03-2026,CUST1796,Muskan Bansal,Telangana,Warangal,South,Office Supplies,Pen Set,3,19918,0,59754,43754.29,15999.71,Standard Class,Returned,Debit Card,Enterprise
ORD10559,09-01-2024,CUST1339,Ishita Patel,Uttar Pradesh,Lucknow,North,Electronics,Smartwatch,3,12274,5,34980.9,22517.54,12463.36,Second Class,Returned,Net Banking,Consumer
ORD10560,29-11-2024,CUST1381,Ankit Mehta,Karnataka,Mysuru,South,Furniture,Bed,5,35667,10,160501.5,134766.21,25735.29,Second Class,Cancelled,Debit Card,Corporate
ORD10561,21-10-2024,CUST1341,Shreya Singh,Maharashtra,Pune,West,Furniture,Sofa,1,32253,0,32253,30295.48,1957.52,First Class,In Transit,UPI,Corporate
ORD10562,03-04-2024,CUST1069,Mohit Sharma,Madhya Pradesh,Indore,Central,,Smartphone,7,8570,25,44992.5,29906.16,15086.34,Same Day,In Transit,Credit Card,Enterprise
ORD10563,30-12-2025,CUST1691,Siddharth Mehta,Tamil Nadu,Coimbatore,South,Furniture,Wardrobe,4,40667,10,146401.2,116314.26,30086.94,First Class,In Transit,Credit Card,Small Business
ORD10564,01-12-2024,CUST1500,Akash Yadav,Maharashtra,Nagpur,West,Electronics,Tablet,2,26812,0,53624,50520.48,3103.52,Standard Class,Cancelled,UPI,Consumer
ORD10565,03-04-2025,CUST1465,Ankit Patel,Delhi,New Delhi,North,Furniture,Chair,6,20418,20,98006.4,61985.24,36021.16,First Class,Cancelled,Credit Card,Small Business
ORD10566,23-05-2026,CUST1749,Kavya Bansal,Gujarat,Surat,West,Furniture,Sofa,8,57468,20,367795.2,314880.52,52914.68,Standard Class,Cancelled,UPI,Small Business
ORD10567,06-06-2025,CUST1547,Neha Agarwal,Gujarat,Surat,West,Electronics,Tablet,4,2601,10,9363.6,6376.41,2987.19,Second Class,In Transit,UPI,Corporate
ORD10568,02-06-2025,CUST1547,Aman Singh,Delhi,New Delhi,North,Furniture,Table,3,28191,0,84573,65928.29,18644.71,Standard Class,Returned,Credit Card,Enterprise
ORD10569,16-11-2024,CUST1185,Rajat Mishra,Telangana,Hyderabad,South,,Headphones,7,12255,10,77206.5,64814.46,12392.04,Same Day,Returned,Net Banking,Small Business
ORD10570,08-06-2025,CUST1578,Mohit Mehta,,Jaipur,North,Office Supplies,Printer Paper,8,53426,20,341926.4,211139.86,130786.54,First Class,Cancelled,Net Banking,Corporate
ORD10571,29-08-2025,CUST1407,Kavya Dubey,Karnataka,Mysuru,South,Furniture,Bed,8,48847,15,332159.6,307822.39,24337.21,Standard Class,Returned,Credit Card,Corporate
ORD10572,16-03-2025,CUST1268,Vivaan Agarwal,Rajasthan,Jaipur,North,Furniture,Wardrobe,5,58439,15,248365.75,203706.3,44659.45,Standard Class,Delivered,UPI,Consumer
ORD10573,01-12-2025,CUST1725,Rishi Sharma,Maharashtra,Nagpur,West,Furniture,Wardrobe,1,35018,5,33267.1,29655.33,3611.77,Second Class,Delivered,UPI,Enterprise
ORD10574,10-06-2025,CUST1795,Palak Kapoor,Gujarat,Surat,West,Office Supplies,Printer Paper,5,25750,10,115875,99379.37,16495.63,First Class,Cancelled,Cash on Delivery,Small Business
ORD10575,11-02-2026,CUST1532,Muskan Bansal,Tamil Nadu,Coimbatore,South,Office Supplies,Marker,6,41822,25,188199,150531.94,37667.06,Standard Class,Delivered,Credit Card,Corporate
ORD10576,07-07-2025,CUST1192,Nidhi Singh,Maharashtra,Nashik,West,Furniture,Wardrobe,2,53939,5,102484.1,72224.02,30260.08,Same Day,Delivered,Net Banking,Consumer
ORD10577,24-03-2026,CUST1211,Harsh Verma,Uttar Pradesh,Noida,North,Office Supplies,Pen Set,6,53342,0,320052,280515.22,39536.78,Same Day,In Transit,Cash on Delivery,Enterprise
ORD10578,29-05-2025,CUST1349,Aditya Jaiswal,West Bengal,Kolkata,East,Electronics,Monitor,4,42024,0,168096,113207.95,,Same Day,Delivered,UPI,Corporate
ORD10579,20-04-2026,CUST1023,Ritika Tiwari,Gujarat,Surat,West,Office Supplies,Notebook,5,22256,20,89024,53768.25,35255.75,Second Class,Delivered,Net Banking,Enterprise
ORD10580,22-04-2026,CUST1382,Priya Sharma,Telangana,Warangal,South,Electronics,Headphones,7,27919,20,156346.4,105174.86,51171.54,First Class,Delivered,Net Banking,Consumer
ORD10025,04-05-2024,CUST1589,Ishita Kapoor,Rajasthan,Udaipur,North,Electronics,Monitor,7,1509,25,7922.25,6817.45,1104.8,Standard Class,Delivered,Credit Card,Corporate
ORD10582,12-03-2025,CUST1043,Pooja Agarwal,Uttar Pradesh,Noida,North,Electronics,Monitor,6,23108,0,138648,94997.76,43650.24,Standard Class,Returned,Cash on Delivery,Consumer
ORD10583,01-01-2026,CUST1472,Meera Malhotra,Uttar Pradesh,Lucknow,North,Electronics,Tablet,1,57827,5,54935.65,38716.88,16218.77,Same Day,Delivered,Debit Card,Enterprise
ORD10584,07-01-2026,CUST1613,Diya Sharma,Karnataka,Mysuru,South,Electronics,Smartwatch,2,14423,25,21634.5,15620.92,6013.58,Second Class,In Transit,Debit Card,Corporate
ORD10585,10-10-2025,CUST1298,Naina Sharma,Rajasthan,Jaipur,North,Furniture,Sofa,6,57466,15,293076.6,185113.53,107963.07,Second Class,Delivered,Debit Card,Enterprise
ORD10586,28-04-2024,CUST1103,Yash Verma,Rajasthan,Jaipur,North,Furniture,Wardrobe,3,23600,10,63720,55847.32,7872.68,First Class,In Transit,Net Banking,Consumer
ORD10587,07-03-2025,CUST1784,Diya Mehta,Gujarat,Ahmedabad,West,Furniture,Table,8,2046,5,15549.6,12294.23,3255.37,Same Day,Cancelled,UPI,Small Business
ORD10588,16-04-2026,CUST1721,Nidhi Mehta,Uttar Pradesh,Noida,North,Electronics,Laptop,7,53103,10,334548.9,230754.66,103794.24,Same Day,Delivered,UPI,Consumer
ORD10589,12-10-2025,CUST1306,Tanvi Yadav,Gujarat,Surat,West,Office Supplies,Pen Set,4,22138,20,70841.6,64130.59,6711.01,First Class,Delivered,Debit Card,Consumer
ORD10590,01-08-2024,CUST1432,Mohit Malhotra,Maharashtra,Mumbai,West,Electronics,Smartphone,1,17505,5,16629.75,12810.1,3819.65,Standard Class,Returned,Debit Card,Small Business
ORD10591,15-02-2024,CUST1428,Meera Soni,Tamil Nadu,Chennai,South,Furniture,Table,1,37905,15,32219.25,25817.17,6402.08,Same Day,Returned,Cash on Delivery,Consumer
ORD10592,11-02-2026,CUST1359,Pooja Kapoor,Telangana,Hyderabad,South,Furniture,Sofa,8,50352,10,362534.4,328060.67,34473.73,Second Class,Returned,Cash on Delivery,Enterprise
ORD10593,05-04-2026,CUST1566,Riya Patel,Maharashtra,Nashik,West,Electronics,Tablet,4,1594,25,4782,4489.07,292.93,Standard Class,Delivered,Net Banking,Small Business
ORD10594,26-04-2025,CUST1453,Priya Patel,Rajasthan,Jaipur,North,Electronics,Smartphone,2,33443,15,56853.1,38201.94,18651.16,First Class,In Transit,Credit Card,Corporate
ORD10595,13-01-2024,CUST1637,Yash Patel,Delhi,New Delhi,North,Electronics,Tablet,2,15440,25,23160,13964.32,9195.68,First Class,In Transit,Cash on Delivery,Enterprise
ORD10596,10-02-2024,CUST1268,Varun Saxena,West Bengal,Kolkata,East,Furniture,Bed,3,23051,10,62237.7,54497.42,7740.28,Second Class,In Transit,UPI,Consumer
ORD10597,27-02-2024,CUST1724,Shreya Kapoor,Madhya Pradesh,Bhopal,Central,Furniture,Table,1,17798,10,16018.2,9982.54,6035.66,Same Day,Returned,UPI,Corporate
ORD10598,22-09-2025,CUST1316,Shreya Malhotra,Maharashtra,Nagpur,West,Office Supplies,Printer Paper,2,4099,20,6558.4,5043.1,1515.3,Second Class,In Transit,Debit Card,Enterprise
ORD10599,06-07-2024,CUST1181,Yash Chopra,Maharashtra,Nashik,West,Electronics,Smartwatch,5,56924,20,227696,169042.84,58653.16,Standard Class,Cancelled,Debit Card,Corporate
ORD10600,30-06-2025,CUST1636,Kavya Jain,Karnataka,Bengaluru,South,Electronics,Monitor,4,11497,15,39089.8,24817.63,14272.17,Standard Class,In Transit,Debit Card,Enterprise
ORD10601,12-02-2025,CUST1459,Aditya Singh,Telangana,Hyderabad,South,Furniture,Table,1,31322,0,31322,20430.03,10891.97,Second Class,Delivered,Credit Card,Consumer
ORD10602,12-03-2024,CUST1584,Neha Mehta,,Nagpur,West,Furniture,Table,7,58740,15,349503,297952.91,51550.09,Second Class,Cancelled,Cash on Delivery,Consumer
ORD10603,19-05-2024,CUST1341,Kavya Joshi,Maharashtra,Nashik,West,Furniture,Sofa,1,4127,0,4127,3191.11,935.89,Standard Class,Delivered,Net Banking,Corporate
ORD10604,28-07-2024,CUST1553,Arjun Mishra,Gujarat,Ahmedabad,West,Electronics,Laptop,8,11450,5,87020,55060.47,31959.53,Standard Class,Cancelled,UPI,Enterprise
ORD10605,31-01-2026,CUST1417,Pooja Kapoor,Tamil Nadu,Chennai,South,Electronics,Tablet,6,57225,25,257512.5,224220.23,33292.27,Same Day,Delivered,Cash on Delivery,Corporate
ORD10606,25-02-2024,CUST1148,Aditi Chopra,Telangana,Hyderabad,South,Furniture,Chair,8,17031,10,122623.2,84083.64,38539.56,First Class,Returned,Credit Card,Corporate
ORD10607,24-08-2025,CUST1276,Ritika Jain,Delhi,New Delhi,North,Furniture,Chair,3,22634,5,64506.9,43550.92,20955.98,Standard Class,In Transit,UPI,Small Business
ORD10608,21-11-2025,CUST1187,Nikhil Malhotra,Karnataka,Mysuru,South,Furniture,Bed,3,24830,20,59592,36226.66,23365.34,First Class,Returned,UPI,Corporate
ORD10609,25-01-2024,CUST1693,Mohit Malhotra,Uttar Pradesh,Noida,North,Electronics,Monitor,8,39697,10,285818.4,243537.29,42281.11,First Class,Returned,Debit Card,Small Business
ORD10610,11-05-2026,CUST1093,Kavya Patel,Maharashtra,Mumbai,West,Electronics,Laptop,2,21149,20,33838.4,27189.32,6649.08,Same Day,Cancelled,Debit Card,Enterprise
ORD10611,01-03-2024,CUST1009,Akash Kapoor,Karnataka,Mysuru,South,Furniture,Wardrobe,7,8516,5,56631.4,43168.03,13463.37,First Class,Returned,Net Banking,Small Business
ORD10612,17-05-2025,CUST1298,Ankit Tiwari,Maharashtra,Pune,West,Electronics,Monitor,2,37198,0,74396,59528.74,14867.26,Second Class,Delivered,Net Banking,Small Business
ORD10613,02-10-2025,CUST1130,Sneha Verma,Maharashtra,Nashik,West,Furniture,Wardrobe,4,25958,20,83065.6,77806.03,5259.57,First Class,In Transit,Debit Card,Small Business
ORD10614,24-06-2025,CUST1420,Nidhi Patel,,Coimbatore,South,Electronics,Laptop,3,7885,5,22472.25,17998.69,4473.56,First Class,Cancelled,Credit Card,Corporate
ORD10615,30-01-2026,CUST1151,Aman Yadav,Madhya Pradesh,Indore,Central,Electronics,Smartphone,4,48924,25,146772,113320.28,33451.72,First Class,Returned,UPI,Corporate
ORD10616,16-02-2025,CUST1464,Aarav Saxena,Rajasthan,Jaipur,North,Electronics,Laptop,7,16496,10,103924.8,89408.78,14516.02,Standard Class,Delivered,UPI,Consumer
ORD10617,10-02-2026,CUST1759,Simran Singh,Maharashtra,Mumbai,West,Electronics,Laptop,1,38187,0,38187,28050.99,10136.01,Second Class,In Transit,Credit Card,Enterprise
ORD10618,01-02-2025,CUST1009,Ishita Yadav,Karnataka,Mysuru,South,Furniture,Wardrobe,8,48697,25,292182,238485.25,53696.75,First Class,Returned,Cash on Delivery,Consumer
ORD10619,03-09-2025,CUST1603,Varun Kapoor,West Bengal,Siliguri,East,Furniture,Sofa,7,16252,0,113764,70275.64,43488.36,First Class,In Transit,Credit Card,Enterprise
ORD10620,28-03-2024,CUST1325,Akash Sharma,Maharashtra,Mumbai,West,Furniture,Table,8,5605,0,44840,35118.1,9721.9,First Class,Returned,Debit Card,Corporate
ORD10621,11-11-2025,CUST1012,Aman Kapoor,Madhya Pradesh,Bhopal,Central,Electronics,Laptop,4,41875,10,150750,132919.58,17830.42,First Class,In Transit,Debit Card,Corporate
ORD10622,17-10-2024,CUST1595,Nikhil Sharma,Karnataka,Mysuru,South,Electronics,Tablet,7,37867,20,212055.2,171559.16,40496.04,First Class,Cancelled,Net Banking,Enterprise
ORD10623,09-04-2026,CUST1142,Manav Verma,Maharashtra,Mumbai,West,Electronics,Headphones,3,17697,25,39818.25,33939.33,5878.92,Standard Class,In Transit,Credit Card,Corporate
ORD10624,27-05-2025,CUST1071,Kavya Sharma,,Warangal,South,Office Supplies,Printer Paper,7,9423,0,65961,51832.65,14128.35,First Class,Returned,Credit Card,Enterprise
ORD10625,15-08-2024,CUST1352,Aarav Singh,Karnataka,Mysuru,South,Furniture,Table,7,20619,5,137116.35,127910.67,9205.68,Standard Class,Delivered,Debit Card,Consumer
ORD10626,16-07-2025,CUST1118,Ananya Joshi,Maharashtra,Mumbai,West,Office Supplies,Stapler,3,36353,25,81794.25,58581.49,23212.76,Same Day,Delivered,Credit Card,Small Business
ORD10627,08-09-2025,CUST1177,Varun Sharma,Delhi,New Delhi,North,Electronics,Smartwatch,2,58092,0,116184,72184.11,43999.89,Standard Class,Returned,Net Banking,Enterprise
ORD10628,10-01-2026,CUST1763,Aman Singh,Maharashtra,Mumbai,West,Electronics,Smartphone,3,30233,0,90699,55359.83,35339.17,Second Class,In Transit,Cash on Delivery,Enterprise
ORD10629,24-05-2025,CUST1753,Arjun Jaiswal,Maharashtra,Mumbai,West,Electronics,Monitor,5,35088,25,131580,96183.85,35396.15,Same Day,Returned,Credit Card,Small Business
ORD10630,05-03-2025,CUST1224,Mohit Joshi,Karnataka,Bengaluru,South,Office Supplies,Pen Set,3,58778,5,167517.3,157879.07,9638.23,First Class,Cancelled,UPI,Consumer
ORD10631,28-07-2024,CUST1749,Khushi Verma,,Surat,West,Electronics,Tablet,8,47332,25,283992,249768.79,34223.21,Same Day,In Transit,Debit Card,Corporate
ORD10632,06-02-2026,CUST1695,Muskan Bansal,Delhi,New Delhi,North,Electronics,Smartwatch,3,10894,10,29413.8,25440.05,3973.75,Same Day,In Transit,Net Banking,Enterprise
ORD10633,26-05-2026,CUST1133,Varun Yadav,West Bengal,Siliguri,East,Office Supplies,Marker,6,45995,15,234574.5,218962.69,15611.81,Standard Class,Cancelled,Net Banking,Enterprise
ORD10634,15-08-2025,CUST1061,Nidhi Singh,Telangana,Warangal,South,Furniture,Sofa,8,30810,0,246480,205031.19,41448.81,Second Class,Returned,UPI,Consumer
ORD10635,16-11-2024,CUST1278,Riya Bansal,Delhi,New Delhi,North,Office Supplies,Pen Set,8,19948,5,151604.8,97624.99,,First Class,Delivered,Debit Card,Enterprise
ORD10636,19-03-2025,CUST1258,Ishita Jaiswal,Uttar Pradesh,Noida,North,Furniture,Chair,3,5893,10,15911.1,13949.59,1961.51,First Class,In Transit,Debit Card,Small Business
ORD10637,31-03-2024,CUST1784,Siddharth Patel,Telangana,Hyderabad,South,Electronics,Smartwatch,5,52696,10,237132,195630.66,41501.34,Standard Class,Cancelled,Credit Card,Consumer
ORD10638,24-11-2025,CUST1600,Siddharth Saxena,Telangana,Warangal,South,Electronics,Monitor,7,15502,10,97662.6,66300.36,31362.24,Second Class,Delivered,Cash on Delivery,Small Business
ORD10639,10-04-2024,CUST1103,Sneha Mehta,Gujarat,Surat,West,Furniture,Bed,7,17217,0,120519,86961.79,33557.21,Second Class,Delivered,Credit Card,Small Business
ORD10640,15-02-2025,CUST1052,Manav Bansal,Karnataka,Mysuru,South,Electronics,Monitor,3,16396,0,49188,31552.25,17635.75,Same Day,Delivered,,Enterprise
ORD10641,25-07-2024,CUST1107,Riya Yadav,Maharashtra,Nashik,West,Electronics,Laptop,4,10892,0,43568,41382.01,2185.99,Same Day,Delivered,UPI,Consumer
ORD10642,07-02-2026,CUST1706,Kavya Sharma,Rajasthan,Jaipur,North,Office Supplies,Printer Paper,5,31319,0,156595,107149.45,49445.55,Standard Class,Cancelled,Cash on Delivery,Enterprise
ORD10643,23-09-2025,CUST1769,Kavya Jain,Maharashtra,Mumbai,West,Office Supplies,Marker,3,50044,10,135118.8,113406.56,21712.24,First Class,Delivered,Cash on Delivery,Small Business
ORD10644,29-07-2024,CUST1448,Rishi Sharma,Uttar Pradesh,Noida,North,Office Supplies,Pen Set,6,817,25,3676.5,2360.93,1315.57,Second Class,Returned,,Corporate
ORD10645,20-05-2024,CUST1798,Harsh Jaiswal,Madhya Pradesh,Indore,Central,Furniture,Table,8,34448,25,206688,124263.32,82424.68,Standard Class,In Transit,Net Banking,Consumer
ORD10646,04-05-2026,CUST1158,Riya Gupta,West Bengal,Kolkata,East,Electronics,Headphones,2,51265,20,82024,62706.82,19317.18,Second Class,Cancelled,Debit Card,Enterprise
ORD10647,18-06-2026,CUST1429,Riya Patel,Tamil Nadu,Chennai,South,,Bed,6,55086,5,313990.2,192824.97,121165.23,Standard Class,Delivered,Credit Card,Small Business
ORD10648,16-11-2025,CUST1300,Simran Kapoor,Telangana,Warangal,South,Furniture,Bed,1,1165,5,1106.75,916.35,190.4,Second Class,In Transit,Net Banking,Corporate
ORD10649,18-07-2025,CUST1360,Varun Malhotra,Maharashtra,Mumbai,West,Electronics,Laptop,7,39683,25,208335.75,180668.02,27667.73,First Class,Cancelled,Net Banking,Consumer
ORD10025,08-09-2024,CUST1591,Priya Kapoor,Delhi,New Delhi,North,Furniture,Sofa,2,28834,20,46134.4,38823.61,7310.79,Second Class,Delivered,Debit Card,Consumer
ORD10651,10-01-2024,CUST1222,Sneha Verma,Madhya Pradesh,Bhopal,Central,Office Supplies,Printer Paper,7,4964,0,34748,26690.63,8057.37,First Class,Delivered,Cash on Delivery,Small Business
ORD10652,14-08-2025,CUST1140,Rishi Joshi,Uttar Pradesh,Lucknow,North,Electronics,Smartphone,2,40832,20,65331.2,58993.8,6337.4,First Class,Delivered,Credit Card,Consumer
ORD10653,22-08-2024,CUST1047,Riya Agarwal,Maharashtra,Mumbai,West,Furniture,Wardrobe,2,53549,0,107098,76118.56,30979.44,Standard Class,Returned,UPI,Enterprise
ORD10654,24-03-2026,CUST1250,Tanvi Gupta,Tamil Nadu,Coimbatore,South,Furniture,Wardrobe,7,45962,10,289560.6,214708.59,74852.01,First Class,In Transit,Debit Card,Consumer
ORD10655,26-02-2026,CUST1159,Neha Mishra,Maharashtra,Nagpur,West,Electronics,Laptop,5,59974,15,254889.5,190456.97,64432.53,Same Day,Delivered,Debit Card,Enterprise
ORD10656,19-05-2025,CUST1337,Tanvi Jaiswal,Karnataka,Mysuru,South,Electronics,Laptop,3,35983,0,107949,98993.71,8955.29,Second Class,In Transit,Cash on Delivery,Small Business
ORD10657,16-10-2025,CUST1046,Karan Dubey,Rajasthan,Udaipur,North,Furniture,Sofa,6,17212,5,98108.4,71789.17,26319.23,Same Day,In Transit,Credit Card,Enterprise
ORD10658,18-04-2025,CUST1479,Diya Jaiswal,Maharashtra,Nagpur,West,Furniture,Bed,6,50774,10,274179.6,205085.8,69093.8,Standard Class,Returned,UPI,Enterprise
ORD10659,26-09-2024,CUST1772,Priya Patel,Maharashtra,Nashik,West,Electronics,Headphones,8,8228,10,59241.6,43512.71,15728.89,Same Day,In Transit,Net Banking,Consumer
ORD10660,30-10-2024,CUST1074,Rajat Mehta,Karnataka,Mysuru,South,Electronics,Smartphone,1,51076,5,48522.2,44205.35,4316.85,First Class,Cancelled,Credit Card,Enterprise
ORD10661,12-06-2025,CUST1307,Ritika Jaiswal,Maharashtra,Pune,West,Electronics,Smartwatch,7,9866,15,58702.7,39041.86,19660.84,Same Day,Cancelled,Net Banking,Small Business
ORD10662,30-05-2026,CUST1723,Meera Malhotra,Maharashtra,Nashik,West,Furniture,Bed,4,9625,15,32725,30465.61,2259.39,First Class,In Transit,Cash on Delivery,Enterprise
ORD10663,31-05-2025,CUST1486,Rohan Chopra,Tamil Nadu,Chennai,South,Electronics,Smartphone,4,58731,20,187939.2,141129.76,46809.44,Standard Class,Cancelled,UPI,Small Business
ORD10664,14-01-2025,CUST1796,Tanvi Chopra,Telangana,Warangal,South,Furniture,Table,3,3970,25,8932.5,6405.61,2526.89,First Class,Delivered,Debit Card,Consumer
ORD10665,01-12-2024,CUST1610,Nidhi Dubey,Madhya Pradesh,Indore,Central,Furniture,Wardrobe,7,48841,0,341887,319646.42,22240.58,Same Day,Returned,UPI,Small Business
ORD10666,26-05-2025,CUST1727,Sneha Dubey,Karnataka,Mysuru,South,Electronics,Laptop,8,32980,20,211072,191789,19283,First Class,Returned,Credit Card,Enterprise
ORD10667,30-05-2026,CUST1412,Palak Jain,Uttar Pradesh,Lucknow,North,Electronics,Headphones,5,9844,5,46759,35859.47,10899.53,Second Class,Cancelled,Credit Card,Corporate
ORD10668,17-03-2024,CUST1475,Neha Jaiswal,Maharashtra,Pune,West,Electronics,Monitor,3,31797,0,95391,60787.52,34603.48,Same Day,Cancelled,Cash on Delivery,Consumer
ORD10669,15-01-2025,CUST1116,Rishi Joshi,West Bengal,Kolkata,East,Electronics,Laptop,5,10529,20,42116,38286.15,3829.85,First Class,Cancelled,Cash on Delivery,Corporate
ORD10670,02-07-2024,CUST1191,Akash Verma,Maharashtra,Pune,West,Office Supplies,Marker,1,13787,20,11029.6,9924.07,1105.53,Second Class,Cancelled,Cash on Delivery,Consumer
ORD10671,13-07-2025,CUST1025,Khushi Sharma,Maharashtra,Nagpur,West,Electronics,Smartwatch,5,32670,0,163350,101471.8,61878.2,Same Day,Cancelled,UPI,Corporate
ORD10672,02-12-2025,CUST1011,Aman Saxena,Rajasthan,Jaipur,North,Electronics,Smartphone,8,58336,0,466688,425087.57,41600.43,First Class,In Transit,Credit Card,Corporate
ORD10673,02-06-2026,CUST1451,Rishi Soni,Delhi,New Delhi,North,Electronics,Tablet,7,38051,5,253039.15,227351.64,25687.51,First Class,Cancelled,Net Banking,Corporate
ORD10674,28-11-2024,CUST1266,Aarav Verma,Uttar Pradesh,Lucknow,North,Furniture,Wardrobe,1,48790,15,41471.5,35859.63,5611.87,Second Class,Returned,Cash on Delivery,Small Business
ORD10675,15-02-2026,CUST1505,Aditya Bansal,Maharashtra,Pune,West,Furniture,Table,3,30478,25,68575.5,44937.61,23637.89,Standard Class,In Transit,Cash on Delivery,Consumer
ORD10676,01-03-2024,CUST1128,Ishita Soni,Rajasthan,Jaipur,North,Electronics,Laptop,5,50820,20,203280,180103.33,23176.67,Same Day,Cancelled,Net Banking,Small Business
ORD10677,28-09-2024,CUST1638,Meera Mishra,Rajasthan,Udaipur,North,Office Supplies,Stapler,5,23524,5,111739,90043.67,21695.33,First Class,Delivered,Net Banking,Consumer
ORD10678,10-02-2026,CUST1422,Ritika Kapoor,Tamil Nadu,Coimbatore,South,Electronics,Laptop,7,49232,15,292930.4,277639.74,15290.66,Second Class,Delivered,Cash on Delivery,Consumer
ORD10679,15-01-2025,CUST1795,Karan Mehta,Gujarat,Ahmedabad,West,Furniture,Table,1,11072,5,10518.4,9151.81,1366.59,Second Class,Delivered,Debit Card,Small Business
ORD10025,26-06-2024,CUST1006,Tanvi Patel,Telangana,Hyderabad,South,Furniture,Table,3,23039,5,65661.15,45079.21,20581.94,Second Class,Returned,UPI,Consumer
ORD10681,16-01-2026,CUST1231,Rohan Dubey,Maharashtra,Nagpur,West,Office Supplies,Pen Set,6,56135,0,336810,215468.38,121341.62,First Class,Returned,UPI,Corporate
ORD10682,15-06-2024,CUST1301,Priya Tiwari,Uttar Pradesh,Noida,North,Furniture,Table,4,49683,5,188795.4,126013.72,62781.68,Same Day,In Transit,Cash on Delivery,Enterprise
ORD10683,18-03-2026,CUST1275,Aditya Jaiswal,Maharashtra,Mumbai,West,Electronics,Monitor,4,8224,5,31251.2,27847.28,3403.92,First Class,Delivered,Credit Card,Consumer
ORD10684,17-05-2024,CUST1057,Arjun Singh,Tamil Nadu,Coimbatore,South,Furniture,Bed,6,59685,20,286488,232169.94,54318.06,Second Class,In Transit,Net Banking,Enterprise
ORD10685,16-01-2024,CUST1393,Rajat Tiwari,Karnataka,Mysuru,South,Furniture,Wardrobe,6,18409,5,104931.3,65366.77,39564.53,First Class,Delivered,Cash on Delivery,Corporate
ORD10686,20-12-2025,CUST1234,Aditi Jain,Uttar Pradesh,Noida,North,Furniture,Chair,3,12049,15,30724.95,23234.78,7490.17,Same Day,Returned,Credit Card,Enterprise
ORD10687,04-06-2025,CUST1644,Kavya Soni,Maharashtra,Nashik,West,Office Supplies,Pen Set,8,21073,5,160154.8,133524.73,26630.07,First Class,Cancelled,UPI,Corporate
ORD10688,06-11-2025,CUST1759,Kavya Tiwari,Madhya Pradesh,Bhopal,Central,Electronics,Smartphone,1,495,20,396,319.8,76.2,First Class,Returned,Credit Card,Small Business
ORD10689,29-12-2024,CUST1010,Pooja Mishra,Maharashtra,Pune,West,Furniture,Chair,6,45490,5,259293,233628.42,25664.58,Standard Class,Returned,Credit Card,Corporate
ORD10690,28-08-2025,CUST1472,Shreya Verma,Maharashtra,Mumbai,West,Electronics,Monitor,1,34109,15,28992.65,22318.25,6674.4,Second Class,Returned,Net Banking,Corporate
ORD10691,18-04-2026,CUST1260,Neha Singh,Delhi,New Delhi,North,Office Supplies,Printer Paper,2,33080,20,52928,36133.6,16794.4,First Class,Delivered,Cash on Delivery,Corporate
ORD10692,11-10-2025,CUST1391,Mohit Patel,Madhya Pradesh,Indore,Central,Electronics,Headphones,8,32485,0,259880,195169.29,64710.71,Second Class,In Transit,Credit Card,Corporate
ORD10693,09-07-2025,CUST1681,Ankit Kapoor,Gujarat,Surat,West,Electronics,Tablet,1,11074,10,9966.6,7609.94,2356.66,Same Day,Returned,UPI,Small Business
ORD10694,04-03-2026,CUST1328,Vivaan Sharma,Gujarat,Surat,West,Furniture,Wardrobe,4,54564,25,163692,129238.12,34453.88,Same Day,Cancelled,Credit Card,Enterprise
ORD10695,08-03-2026,CUST1172,Priya Soni,Rajasthan,Jaipur,North,,Sofa,7,31805,5,211503.25,175645.36,35857.89,First Class,In Transit,Debit Card,Small Business
ORD10696,18-04-2024,CUST1546,Rahul Agarwal,Maharashtra,Nashik,West,Electronics,Smartphone,3,12230,10,33021,19912.26,13108.74,First Class,Cancelled,Credit Card,Small Business
ORD10697,22-06-2024,CUST1166,Vivaan Tiwari,Tamil Nadu,Coimbatore,South,Electronics,Tablet,3,42544,0,127632,80628.18,47003.82,First Class,Delivered,Debit Card,Corporate
ORD10698,17-05-2024,CUST1419,Kavya Soni,Gujarat,Ahmedabad,West,Furniture,Bed,7,11356,25,59619,45023.34,14595.66,Standard Class,Returned,Debit Card,Consumer
ORD10025,20-01-2024,CUST1734,Akash Tiwari,West Bengal,Siliguri,East,Electronics,Smartphone,2,31474,10,56653.2,46821.35,9831.85,Standard Class,Delivered,UPI,Corporate
ORD10700,05-04-2024,CUST1088,Karan Patel,Karnataka,Bengaluru,South,Furniture,Table,3,10706,10,28906.2,25805.25,3100.95,Second Class,Cancelled,UPI,Consumer
ORD10701,13-02-2025,CUST1287,Kavya Gupta,Delhi,New Delhi,North,Office Supplies,Printer Paper,8,32040,25,192240,117851.8,74388.2,Standard Class,Cancelled,UPI,Enterprise
ORD10702,21-08-2024,CUST1474,Ishita Dubey,West Bengal,Kolkata,East,Electronics,Smartphone,6,876,0,5256,4206.67,1049.33,Second Class,Returned,Net Banking,Consumer
ORD10703,27-04-2024,CUST1012,Khushi Singh,Tamil Nadu,Coimbatore,South,Furniture,Table,2,13673,5,25978.7,22738.51,3240.19,First Class,Returned,UPI,Enterprise
ORD10704,05-02-2026,CUST1201,Palak Chopra,Karnataka,Bengaluru,South,Furniture,Bed,6,18289,10,98760.6,63276.56,35484.04,Second Class,Cancelled,Net Banking,Enterprise
ORD10705,14-09-2024,CUST1618,Khushi Kapoor,Telangana,Warangal,South,Office Supplies,Notebook,7,56472,25,296478,199514.84,96963.16,Second Class,Delivered,Debit Card,Enterprise
ORD10706,29-03-2024,CUST1506,Ankit Tiwari,Rajasthan,Udaipur,North,Electronics,Tablet,2,33728,20,53964.8,40715.53,13249.27,Second Class,In Transit,Debit Card,Corporate
ORD10707,20-03-2024,CUST1787,Kavya Sharma,Maharashtra,Pune,West,Electronics,Smartphone,8,20362,10,146606.4,127551.01,19055.39,Second Class,In Transit,Debit Card,Small Business
ORD10708,18-02-2026,CUST1011,Rishi Singh,Delhi,New Delhi,North,Furniture,Wardrobe,7,37725,10,237667.5,179919.61,57747.89,First Class,Returned,Cash on Delivery,Small Business
ORD10709,05-12-2025,CUST1478,Ishita Dubey,Madhya Pradesh,Bhopal,Central,Office Supplies,Printer Paper,7,36861,20,206421.6,126848.52,,Second Class,Cancelled,Debit Card,Consumer
ORD10710,01-10-2024,CUST1178,Akash Malhotra,Gujarat,Ahmedabad,West,Furniture,Table,6,41213,10,222550.2,171051.66,51498.54,Same Day,Returned,Credit Card,Small Business
ORD10711,19-11-2025,CUST1437,Muskan Tiwari,Rajasthan,Jaipur,North,Office Supplies,Notebook,4,31457,20,100662.4,63133.28,37529.12,First Class,Cancelled,Net Banking,Consumer
ORD10712,09-02-2025,CUST1745,Ritika Sharma,Karnataka,Mysuru,South,Furniture,Wardrobe,5,18275,5,86806.25,65969.52,20836.73,Standard Class,Cancelled,Debit Card,Enterprise
ORD10713,08-04-2026,CUST1068,Shreya Tiwari,Karnataka,Mysuru,South,Office Supplies,Printer Paper,7,49680,5,330372,244953.08,85418.92,First Class,Delivered,Cash on Delivery,Small Business
ORD10714,13-05-2026,CUST1112,Ishita Jain,Rajasthan,Jaipur,North,Office Supplies,Printer Paper,8,31354,25,188124,123866.11,64257.89,First Class,Returned,UPI,Enterprise
ORD10715,07-02-2024,CUST1233,Diya Tiwari,Gujarat,Surat,West,Electronics,Smartphone,6,27194,15,138689.4,84828.42,53860.98,Second Class,Cancelled,Debit Card,Enterprise
ORD10716,23-01-2024,CUST1414,Rahul Joshi,Gujarat,Ahmedabad,West,Electronics,Smartwatch,8,42445,15,288626,240441.38,48184.62,Standard Class,In Transit,Credit Card,Corporate
ORD10025,07-04-2025,CUST1520,Nikhil Yadav,Delhi,New Delhi,North,Office Supplies,Pen Set,2,40459,0,80918,70389.28,10528.72,Same Day,Returned,Credit Card,Small Business
ORD10718,22-06-2024,CUST1713,Varun Kapoor,Gujarat,Ahmedabad,West,Electronics,Smartphone,7,13592,10,85629.6,71749.73,13879.87,Same Day,Cancelled,UPI,Small Business
ORD10719,01-03-2024,CUST1268,Ankit Saxena,Rajasthan,Udaipur,North,Office Supplies,Pen Set,3,9309,0,27927,23544.26,4382.74,Same Day,Delivered,Cash on Delivery,Enterprise
ORD10720,15-02-2025,CUST1781,Meera Agarwal,Madhya Pradesh,Bhopal,Central,Electronics,Smartwatch,4,12443,0,49772,43146.74,6625.26,Standard Class,Cancelled,Credit Card,Corporate
ORD10721,04-03-2025,CUST1719,Harsh Kapoor,Rajasthan,Jaipur,North,Furniture,Wardrobe,3,32347,0,97041,77307.55,19733.45,Second Class,In Transit,Net Banking,Consumer
ORD10722,10-06-2024,CUST1030,Meera Malhotra,Tamil Nadu,Chennai,South,Furniture,Sofa,5,11447,15,48649.75,39190.26,9459.49,Second Class,Delivered,Credit Card,Small Business
ORD10723,05-09-2025,CUST1183,Riya Singh,Karnataka,Bengaluru,South,Electronics,Tablet,7,29667,0,207669,196841.01,10827.99,First Class,Cancelled,Credit Card,Consumer
ORD10724,11-10-2024,CUST1674,Vivaan Tiwari,Delhi,New Delhi,North,Office Supplies,Pen Set,4,36992,20,118374.4,101787.15,16587.25,Standard Class,In Transit,UPI,Enterprise
ORD10725,18-10-2025,CUST1277,Aarav Jaiswal,Madhya Pradesh,Indore,Central,Electronics,Headphones,1,25520,25,19140,14008.89,5131.11,Second Class,Delivered,Debit Card,Consumer
ORD10726,02-12-2024,CUST1001,Manav Kapoor,Maharashtra,Nagpur,West,Office Supplies,Stapler,3,59264,25,133344,103855.08,29488.92,Same Day,Delivered,UPI,Enterprise
ORD10727,09-06-2025,CUST1644,Nikhil Jain,Maharashtra,Pune,West,Electronics,Tablet,1,29446,0,29446,19765.79,9680.21,Standard Class,Delivered,Net Banking,Corporate
ORD10728,12-05-2026,CUST1539,Aditi Mishra,Delhi,New Delhi,North,Furniture,Bed,3,42882,10,115781.4,103221.81,12559.59,Standard Class,Delivered,Net Banking,Corporate
ORD10729,05-03-2025,CUST1552,Akash Jaiswal,Telangana,Warangal,South,Office Supplies,Printer Paper,8,41575,10,299340,188909.3,110430.7,Same Day,Delivered,Cash on Delivery,Enterprise
ORD10730,27-06-2025,CUST1136,Priya Verma,Uttar Pradesh,Lucknow,North,Furniture,Bed,7,8879,0,62153,49418.74,12734.26,Second Class,Delivered,Net Banking,Consumer
ORD10731,11-08-2024,CUST1333,Ishita Saxena,Gujarat,Ahmedabad,West,Office Supplies,Marker,4,44274,10,159386.4,111285.79,48100.61,Same Day,In Transit,Debit Card,Small Business
ORD10025,09-04-2026,CUST1677,Aarav Dubey,West Bengal,Siliguri,East,Office Supplies,Notebook,3,917,25,2063.25,1776.94,286.31,Second Class,Returned,Credit Card,Small Business
ORD10733,06-07-2024,CUST1564,Palak Dubey,Karnataka,Bengaluru,South,Furniture,Table,4,30250,10,108900,74817.07,34082.93,Same Day,Cancelled,UPI,Corporate
ORD10734,22-02-2026,CUST1706,Manav Jaiswal,Gujarat,Surat,West,Electronics,Tablet,4,24804,10,89294.4,57731.97,31562.43,Standard Class,Returned,Debit Card,Corporate
ORD10735,12-10-2024,CUST1695,Varun Mehta,Madhya Pradesh,Bhopal,Central,Electronics,Laptop,8,51958,10,374097.6,326441.14,47656.46,Second Class,Cancelled,Debit Card,Corporate
ORD10736,04-06-2024,CUST1202,Riya Soni,Maharashtra,Nashik,West,Office Supplies,Printer Paper,6,18317,25,82426.5,60997.51,21428.99,Second Class,Cancelled,UPI,Enterprise
ORD10737,16-01-2025,CUST1595,Aarav Malhotra,Delhi,New Delhi,North,Furniture,Wardrobe,7,18792,20,105235.2,65855.3,39379.9,Same Day,In Transit,Credit Card,Consumer
ORD10738,11-05-2024,CUST1011,Nidhi Jain,West Bengal,Kolkata,East,Furniture,Bed,3,11064,15,28213.2,22494,5719.2,Same Day,Cancelled,UPI,Enterprise
ORD10739,07-09-2025,CUST1673,Nikhil Agarwal,West Bengal,Siliguri,East,Electronics,Tablet,7,40194,20,225086.4,206637.96,18448.44,Second Class,In Transit,Debit Card,Enterprise
ORD10740,10-03-2026,CUST1444,Pooja Malhotra,Uttar Pradesh,Noida,North,Furniture,Bed,8,29752,20,190412.8,126729.6,63683.2,First Class,Delivered,Credit Card,Small Business
ORD10741,24-06-2025,CUST1763,Sneha Yadav,Telangana,Hyderabad,South,Furniture,Sofa,4,6468,10,23284.8,15601.97,7682.83,Standard Class,In Transit,Credit Card,Enterprise
ORD10742,16-12-2025,CUST1477,Kavya Soni,Maharashtra,Mumbai,West,Office Supplies,Pen Set,5,3455,25,12956.25,12212.7,743.55,Second Class,Delivered,Debit Card,Corporate
ORD10743,28-07-2024,CUST1528,Mohit Patel,Uttar Pradesh,Noida,North,Furniture,Wardrobe,2,14468,10,26042.4,16702.89,9339.51,Same Day,Returned,Credit Card,Enterprise
ORD10744,15-12-2025,CUST1138,Naina Soni,Maharashtra,Nashik,West,Furniture,Bed,5,10670,25,40012.5,35013.6,4998.9,Standard Class,Returned,Cash on Delivery,Corporate
ORD10745,14-03-2025,CUST1623,Rajat Verma,Maharashtra,Pune,West,Electronics,Smartphone,1,37570,15,31934.5,30263.18,1671.32,First Class,Cancelled,Credit Card,Consumer
ORD10746,08-09-2024,CUST1643,Akash Jaiswal,Gujarat,Surat,West,Electronics,Smartphone,1,5782,15,4914.7,4082.19,832.51,Same Day,Cancelled,,Consumer
ORD10747,19-10-2025,CUST1789,Aarav Soni,Uttar Pradesh,Noida,North,Furniture,Bed,3,49856,25,112176,103243.78,8932.22,Standard Class,Returned,Credit Card,Small Business
ORD10748,07-11-2025,CUST1633,Akash Soni,Tamil Nadu,Chennai,South,Furniture,Sofa,4,4954,25,14862,9927.22,4934.78,Same Day,Delivered,UPI,Consumer
ORD10749,05-03-2025,CUST1088,Palak Sharma,Tamil Nadu,Coimbatore,South,Electronics,Smartphone,2,32727,10,58908.6,36625.74,22282.86,Second Class,Delivered,Credit Card,Small Business
ORD10750,13-07-2024,CUST1305,Palak Malhotra,Rajasthan,Jaipur,North,Furniture,Wardrobe,8,12873,5,97834.8,74439.33,23395.47,Second Class,Returned,Debit Card,Small Business
ORD10751,06-02-2026,CUST1547,Siddharth Chopra,Uttar Pradesh,Noida,North,Furniture,Chair,5,32534,15,138269.5,84204.11,54065.39,Second Class,In Transit,Debit Card,Consumer
ORD10752,14-09-2025,CUST1073,Rahul Joshi,Uttar Pradesh,Lucknow,North,Furniture,Bed,7,21260,0,148820,129784.03,19035.97,Standard Class,Returned,UPI,Enterprise
ORD10753,16-07-2024,CUST1261,Tanvi Jain,Madhya Pradesh,Indore,Central,,Stapler,6,5341,10,28841.4,20854.82,7986.58,Standard Class,Returned,Cash on Delivery,Consumer
ORD10754,05-01-2026,CUST1634,Akash Dubey,Delhi,New Delhi,North,Furniture,Chair,6,58867,15,300221.7,207513.3,92708.4,First Class,In Transit,Cash on Delivery,Consumer
ORD10755,08-09-2024,CUST1012,Mohit Sharma,Uttar Pradesh,Lucknow,North,Furniture,Bed,1,3514,10,3162.6,1910.08,1252.52,First Class,Returned,Debit Card,Consumer
ORD10756,25-01-2024,CUST1697,Riya Bansal,Telangana,Hyderabad,South,Office Supplies,Printer Paper,3,11879,0,35637,31413.84,4223.16,Same Day,Cancelled,Credit Card,Consumer
ORD10757,11-12-2025,CUST1761,Rishi Patel,Karnataka,Mysuru,South,Office Supplies,Stapler,7,45058,10,283865.4,232746.84,51118.56,Same Day,Delivered,Credit Card,Enterprise
ORD10758,30-07-2024,CUST1208,Sneha Kapoor,Karnataka,Mysuru,South,Electronics,Smartwatch,5,45554,15,193604.5,164225.58,29378.92,Second Class,Returned,Net Banking,Corporate
ORD10759,03-06-2025,CUST1054,Karan Dubey,Karnataka,Bengaluru,South,Furniture,Bed,5,17478,0,87390,67823.22,19566.78,Same Day,Cancelled,UPI,Enterprise
ORD10760,07-07-2025,CUST1740,Diya Patel,West Bengal,Kolkata,East,Furniture,Chair,2,39487,25,59230.5,48290.44,10940.06,First Class,In Transit,UPI,Consumer
ORD10761,20-07-2025,CUST1346,Aman Tiwari,Karnataka,Bengaluru,South,Office Supplies,Marker,2,6507,10,11712.6,9229.41,2483.19,Standard Class,Returned,Credit Card,Enterprise
ORD10762,28-03-2026,CUST1700,Kavya Mehta,Karnataka,Bengaluru,South,Electronics,Monitor,7,2319,10,14609.7,13849.53,760.17,Second Class,In Transit,UPI,Small Business
ORD10763,30-10-2024,CUST1491,Aditi Singh,Karnataka,Mysuru,South,Furniture,Bed,8,18067,10,130082.4,110428.1,19654.3,Standard Class,In Transit,Credit Card,Consumer
ORD10764,16-01-2026,CUST1249,Yash Jaiswal,Tamil Nadu,Chennai,South,Electronics,Monitor,2,54127,20,86603.2,69308.82,17294.38,First Class,Cancelled,Net Banking,Enterprise
ORD10765,19-01-2025,CUST1002,Muskan Malhotra,West Bengal,Kolkata,East,Office Supplies,Printer Paper,4,21611,25,64833,56121.42,8711.58,Second Class,Delivered,Credit Card,Enterprise
ORD10766,07-01-2024,CUST1221,Shreya Saxena,Maharashtra,Nagpur,West,Electronics,Tablet,8,53477,20,342252.8,314025.7,28227.1,Same Day,Delivered,Debit Card,Consumer
ORD10767,12-05-2024,CUST1748,Aman Sharma,Delhi,New Delhi,North,Electronics,Smartphone,7,54544,0,381808,278657.83,103150.17,Standard Class,Cancelled,Debit Card,Consumer
ORD10768,01-03-2024,CUST1758,Siddharth Yadav,Gujarat,Ahmedabad,West,Electronics,Smartphone,1,39021,0,39021,36912.02,2108.98,Standard Class,In Transit,Debit Card,Corporate
ORD10769,05-08-2025,CUST1478,Ankit Bansal,Maharashtra,Nagpur,West,Electronics,Monitor,4,50491,15,171669.4,148484.01,23185.39,First Class,In Transit,UPI,Corporate
ORD10770,19-04-2025,CUST1357,Varun Joshi,West Bengal,Kolkata,East,Electronics,Monitor,7,3017,5,20063.05,18098.16,1964.89,First Class,Returned,Debit Card,Small Business
ORD10771,18-08-2024,CUST1526,Muskan Kapoor,West Bengal,Kolkata,East,Electronics,Tablet,5,45648,10,205416,189805.43,15610.57,Standard Class,Delivered,Cash on Delivery,Consumer
ORD10772,11-02-2025,CUST1415,Naina Jaiswal,Madhya Pradesh,Bhopal,Central,Electronics,Tablet,4,18772,10,67579.2,58573,9006.2,Second Class,Returned,Credit Card,Consumer
ORD10773,11-04-2026,CUST1418,Yash Yadav,Tamil Nadu,Coimbatore,South,Electronics,Monitor,7,25096,0,175672,119835.85,55836.15,Same Day,In Transit,Debit Card,Enterprise
ORD10774,19-02-2025,CUST1016,Palak Gupta,Maharashtra,Mumbai,West,Electronics,Monitor,3,49861,15,127145.55,116418.17,10727.38,Second Class,Returned,UPI,Small Business
ORD10775,13-01-2026,CUST1650,Muskan Kapoor,Tamil Nadu,Chennai,South,Electronics,Smartphone,1,4646,15,3949.1,2687.91,1261.19,Same Day,Cancelled,UPI,Small Business
ORD10776,05-11-2024,CUST1076,Riya Bansal,Delhi,New Delhi,North,Furniture,Wardrobe,1,24672,5,23438.4,15533.45,7904.95,Second Class,Returned,Debit Card,Enterprise
ORD10777,23-11-2024,CUST1711,Khushi Yadav,Telangana,Hyderabad,South,Furniture,Sofa,6,14211,0,85266,71453.19,13812.81,Standard Class,Returned,Net Banking,Consumer
ORD10778,17-05-2026,CUST1735,Rahul Chopra,Telangana,Hyderabad,South,,Wardrobe,7,28690,25,150622.5,139755.88,10866.62,Second Class,Cancelled,Debit Card,Enterprise
ORD10779,16-04-2025,CUST1405,Priya Malhotra,Uttar Pradesh,Lucknow,North,Electronics,Tablet,8,17491,25,104946,87597.74,17348.26,Standard Class,Returned,Net Banking,Consumer
ORD10780,28-09-2024,CUST1250,Vivaan Gupta,Rajasthan,Jaipur,North,Office Supplies,Marker,8,52713,25,316278,199585.89,116692.11,Standard Class,In Transit,Credit Card,Consumer
ORD10781,10-09-2025,CUST1715,Rajat Singh,Gujarat,Surat,West,Furniture,Table,4,55925,5,212515,178846.49,33668.51,Second Class,In Transit,Credit Card,Enterprise
ORD10782,15-04-2026,CUST1404,Siddharth Soni,Karnataka,Bengaluru,South,Electronics,Headphones,3,21313,5,60742.05,52668.23,8073.82,Same Day,In Transit,Debit Card,Corporate
ORD10783,29-10-2025,CUST1144,Rishi Jaiswal,Tamil Nadu,Chennai,South,,Table,4,47446,20,151827.2,137193.06,14634.14,Second Class,In Transit,Credit Card,Consumer
ORD10784,18-02-2026,CUST1179,Karan Bansal,Telangana,Warangal,South,Furniture,Chair,2,27940,20,44704,29777.99,14926.01,First Class,Returned,Credit Card,Corporate
ORD10785,19-11-2025,CUST1494,Varun Agarwal,West Bengal,Siliguri,East,Furniture,Wardrobe,3,58491,20,140378.4,84673.79,55704.61,First Class,Delivered,Debit Card,Small Business
ORD10786,15-09-2025,CUST1637,Simran Sharma,Madhya Pradesh,Indore,Central,Office Supplies,Notebook,8,21407,15,145567.6,116299.47,29268.13,Second Class,In Transit,UPI,Consumer
ORD10787,15-02-2026,CUST1442,Yash Sharma,Maharashtra,Nashik,West,Furniture,Table,4,44334,5,168469.2,111948.92,56520.28,Second Class,In Transit,Net Banking,Enterprise
ORD10788,04-02-2024,CUST1407,Karan Chopra,Tamil Nadu,Chennai,South,Electronics,Laptop,7,58310,25,306127.5,237916.54,68210.96,First Class,Cancelled,UPI,Enterprise
ORD10789,30-09-2025,CUST1515,Palak Mishra,Maharashtra,Nagpur,West,Electronics,Smartwatch,1,22158,20,17726.4,12578.96,5147.44,Second Class,Returned,UPI,Consumer
ORD10790,08-06-2026,CUST1444,Ishita Mishra,Gujarat,Surat,West,Furniture,Table,8,17911,0,143288,119844.53,23443.47,First Class,In Transit,Net Banking,Enterprise
ORD10791,10-02-2024,CUST1250,Manav Verma,Delhi,New Delhi,North,Furniture,Chair,7,54621,5,363229.65,219691.35,143538.3,Same Day,In Transit,Cash on Delivery,Small Business
ORD10792,03-04-2025,CUST1273,Karan Kapoor,Gujarat,Surat,West,Office Supplies,Pen Set,7,47971,0,335797,234706.51,101090.49,Same Day,In Transit,UPI,Corporate
ORD10793,20-09-2024,CUST1613,Manav Verma,West Bengal,Siliguri,East,Furniture,Wardrobe,5,55388,20,221552,194158.8,27393.2,Same Day,Delivered,Cash on Delivery,Small Business
ORD10794,22-03-2025,CUST1303,Ritika Yadav,Rajasthan,Jaipur,North,Office Supplies,Stapler,4,9566,15,32524.4,28337.77,4186.63,Second Class,In Transit,Credit Card,Small Business
ORD10795,22-10-2024,CUST1575,Sneha Dubey,Uttar Pradesh,Lucknow,North,Electronics,Smartphone,2,43488,0,86976,62217.46,24758.54,Second Class,Returned,UPI,Consumer
ORD10796,27-06-2025,CUST1720,Palak Mishra,Madhya Pradesh,Indore,Central,Furniture,Bed,3,9209,5,26245.65,23248.85,2996.8,Same Day,Returned,Credit Card,Corporate
ORD10797,22-06-2025,CUST1144,Aman Patel,Delhi,New Delhi,North,Furniture,Bed,2,55725,20,89160,77660.4,11499.6,Second Class,Cancelled,Cash on Delivery,Enterprise
ORD10025,18-01-2026,CUST1204,Pooja Joshi,Maharashtra,Nagpur,West,Electronics,Headphones,1,25393,25,19044.75,11940.34,7104.41,First Class,Returned,Net Banking,Small Business
ORD10799,30-09-2025,CUST1275,Sneha Bansal,Tamil Nadu,Coimbatore,South,Electronics,Monitor,6,33971,15,173252.1,145591.45,27660.65,Same Day,In Transit,Cash on Delivery,Corporate
ORD10800,24-05-2024,CUST1427,Tanvi Mehta,West Bengal,Siliguri,East,Electronics,Smartwatch,2,3522,20,5635.2,3498.19,2137.01,Same Day,Cancelled,Credit Card,Consumer
ORD10801,11-10-2024,CUST1338,Palak Tiwari,Maharashtra,Nagpur,West,Electronics,Tablet,8,45051,20,288326.4,214002.55,74323.85,Same Day,Returned,Debit Card,Small Business
ORD10025,08-01-2024,CUST1053,Pooja Saxena,Uttar Pradesh,Noida,North,Electronics,Smartphone,5,31018,15,131826.5,91765.61,40060.89,Same Day,Returned,Cash on Delivery,Enterprise
ORD10803,18-09-2024,CUST1332,Mohit Mehta,Rajasthan,Jaipur,North,Electronics,Laptop,6,4872,15,24847.2,18235.73,6611.47,Second Class,In Transit,Debit Card,Small Business
ORD10804,20-02-2025,CUST1547,Vivaan Jaiswal,Karnataka,Mysuru,South,Office Supplies,Notebook,3,52738,5,150303.3,100786.9,49516.4,Standard Class,In Transit,Debit Card,Enterprise
ORD10805,01-11-2024,CUST1274,Dev Verma,Uttar Pradesh,Lucknow,North,Furniture,Table,7,12913,0,90391,82135.04,8255.96,Second Class,Cancelled,UPI,Corporate
ORD10806,11-10-2024,CUST1764,Aman Kapoor,,Nagpur,West,Furniture,Wardrobe,4,2192,20,7014.4,6115.86,898.54,Second Class,Returned,Cash on Delivery,Consumer
ORD10807,20-04-2026,CUST1589,Palak Bansal,Gujarat,Surat,West,Furniture,Wardrobe,8,39284,15,267131.2,241433.79,25697.41,Second Class,Returned,Debit Card,Corporate
ORD10808,13-02-2024,CUST1475,Aarav Mishra,Telangana,Hyderabad,South,Electronics,Smartwatch,5,34713,0,173565,122291.89,51273.11,First Class,Cancelled,Net Banking,Small Business
ORD10809,10-12-2024,CUST1598,Neha Singh,West Bengal,Kolkata,East,Furniture,Bed,4,37754,10,135914.4,113745.5,22168.9,Standard Class,In Transit,Net Banking,Consumer
ORD10810,28-12-2024,CUST1543,Shreya Joshi,Maharashtra,Nagpur,West,Electronics,Monitor,1,52722,5,50085.9,47046.01,3039.89,Second Class,Returned,,Small Business
ORD10811,31-01-2026,CUST1450,Khushi Saxena,Gujarat,Ahmedabad,West,Furniture,Sofa,3,2878,5,8202.3,5198.04,3004.26,Same Day,Cancelled,Debit Card,Enterprise
ORD10812,25-01-2026,CUST1273,Ananya Joshi,Tamil Nadu,Coimbatore,South,Office Supplies,Notebook,5,4570,20,18280,16722.07,1557.93,Second Class,In Transit,UPI,Corporate
ORD10813,10-10-2024,CUST1108,Dev Mishra,Rajasthan,Udaipur,North,Furniture,Wardrobe,7,45834,20,256670.4,226407.24,30263.16,Same Day,In Transit,Credit Card,Corporate
ORD10814,29-09-2025,CUST1774,Muskan Agarwal,Maharashtra,Nashik,West,Electronics,Monitor,6,47554,20,228259.2,167053.86,61205.34,Second Class,Cancelled,Net Banking,Enterprise
ORD10815,05-07-2024,CUST1604,Rajat Jaiswal,Karnataka,Bengaluru,South,Electronics,Smartwatch,4,46061,0,184244,135305.51,48938.49,Standard Class,Returned,UPI,Consumer
ORD10816,30-07-2025,CUST1319,Aditya Saxena,Tamil Nadu,Chennai,South,Electronics,Smartphone,7,54157,10,341189.1,302838.01,38351.09,Standard Class,Cancelled,Credit Card,Corporate
ORD10817,16-08-2025,CUST1027,Nidhi Soni,Maharashtra,Pune,West,Electronics,Smartwatch,2,29711,20,47537.6,36884.68,10652.92,Second Class,In Transit,Net Banking,Consumer
ORD10818,14-10-2024,CUST1477,Siddharth Jaiswal,Maharashtra,Nashik,West,Electronics,Tablet,8,3845,25,23070,21016.77,2053.23,First Class,Returned,UPI,Enterprise
ORD10819,02-12-2025,CUST1040,Vivaan Singh,Delhi,New Delhi,North,Electronics,Headphones,2,53844,20,86150.4,67996.39,18154.01,Second Class,Cancelled,Cash on Delivery,Consumer
ORD10820,06-06-2025,CUST1623,Karan Dubey,Delhi,New Delhi,North,Electronics,Headphones,1,36757,20,29405.6,20756.68,8648.92,Same Day,In Transit,Net Banking,Corporate
ORD10821,02-12-2025,CUST1490,Kavya Soni,Tamil Nadu,Coimbatore,South,Electronics,Headphones,1,56642,5,53809.9,50356.36,3453.54,Standard Class,In Transit,Credit Card,Enterprise
ORD10822,14-07-2025,CUST1559,Aditi Jain,Madhya Pradesh,Indore,Central,Electronics,Monitor,1,41621,10,37458.9,32153.96,5304.94,Second Class,Cancelled,UPI,Corporate
ORD10823,20-05-2026,CUST1610,Tanvi Jain,Rajasthan,Jaipur,North,Furniture,Bed,1,26531,15,22551.35,19176.41,3374.94,Standard Class,Delivered,Net Banking,Corporate
ORD10824,17-08-2024,CUST1281,Manav Verma,Karnataka,Bengaluru,South,Furniture,Table,7,36459,20,204170.4,186348.97,17821.43,Same Day,Returned,Cash on Delivery,Enterprise
ORD10825,20-09-2025,CUST1423,Varun Mishra,Uttar Pradesh,Lucknow,North,Furniture,Chair,7,32367,10,203912.1,155194.36,48717.74,Second Class,In Transit,Debit Card,Small Business
ORD10826,10-05-2026,CUST1673,Diya Jain,Madhya Pradesh,Indore,Central,Office Supplies,Marker,4,48679,0,194716,169029.02,25686.98,Standard Class,Returned,Debit Card,Small Business
ORD10827,04-05-2025,CUST1632,Naina Bansal,Gujarat,Surat,West,Electronics,Laptop,6,8521,25,38344.5,24263.06,14081.44,Second Class,Returned,Debit Card,Small Business
ORD10828,11-11-2024,CUST1494,Kavya Jain,Maharashtra,Nagpur,West,Office Supplies,Stapler,4,7059,0,28236,20018.68,8217.32,Standard Class,In Transit,Credit Card,Small Business
ORD10829,18-04-2026,CUST1795,Rahul Malhotra,Uttar Pradesh,Lucknow,North,Electronics,Smartwatch,2,21453,25,32179.5,27755.4,4424.1,Standard Class,Delivered,Cash on Delivery,Enterprise
ORD10830,05-11-2024,CUST1796,Simran Singh,Uttar Pradesh,Noida,North,Furniture,Wardrobe,1,57459,5,54586.05,37186.32,17399.73,First Class,Returned,Net Banking,Small Business
ORD10831,09-03-2025,CUST1743,Sneha Sharma,Karnataka,Mysuru,South,Furniture,Sofa,1,50091,5,47586.45,42199.23,5387.22,First Class,Delivered,UPI,Enterprise
ORD10832,01-08-2024,CUST1121,Dev Kapoor,Karnataka,Bengaluru,South,Furniture,Bed,4,49901,15,169663.4,131847.32,37816.08,Same Day,Returned,Net Banking,Corporate
ORD10833,03-03-2026,CUST1760,Pooja Mehta,Gujarat,Ahmedabad,West,Furniture,Table,2,33560,15,57052,53435.26,3616.74,Standard Class,In Transit,Cash on Delivery,Consumer
ORD10834,03-11-2024,CUST1092,Ritika Sharma,Delhi,New Delhi,North,Office Supplies,Pen Set,3,54047,5,154033.95,104638.91,49395.04,First Class,Delivered,Cash on Delivery,Small Business
ORD10835,22-04-2025,CUST1212,Tanvi Singh,Gujarat,Surat,West,Furniture,Wardrobe,7,52438,15,312006.1,189820.8,122185.3,First Class,Cancelled,Net Banking,Small Business
ORD10836,04-10-2025,CUST1498,Muskan Sharma,Delhi,New Delhi,North,Electronics,Monitor,6,35902,10,193870.8,160448.56,33422.24,Standard Class,Cancelled,UPI,Enterprise
ORD10837,01-08-2025,CUST1565,Khushi Sharma,Maharashtra,Mumbai,West,Office Supplies,Printer Paper,2,33860,25,50790,32145.76,18644.24,First Class,Delivered,Credit Card,Small Business
ORD10838,13-05-2025,CUST1460,Siddharth Saxena,,Udaipur,North,Electronics,Laptop,5,53762,20,215048,144337.74,70710.26,Standard Class,In Transit,Cash on Delivery,Corporate
ORD10839,10-03-2025,CUST1649,Simran Saxena,Telangana,Warangal,South,Furniture,Table,4,50705,0,202820,179326.9,23493.1,Standard Class,Cancelled,Credit Card,Consumer
ORD10840,01-03-2025,CUST1423,Rahul Gupta,Telangana,Hyderabad,South,Electronics,Smartwatch,8,8268,20,52915.2,45570,7345.2,Standard Class,Delivered,Credit Card,Small Business
ORD10841,16-12-2025,CUST1225,Dev Malhotra,Madhya Pradesh,Indore,Central,Electronics,Laptop,3,52198,5,148764.3,96216.86,52547.44,Standard Class,Delivered,Credit Card,Enterprise
ORD10842,30-04-2025,CUST1463,Aditya Gupta,West Bengal,Kolkata,East,Office Supplies,Marker,6,40648,25,182916,110783.24,72132.76,Standard Class,Returned,Credit Card,Small Business
ORD10843,06-03-2026,CUST1358,Aarav Agarwal,Karnataka,Mysuru,South,Electronics,Tablet,1,40621,5,38589.95,26007.74,12582.21,Same Day,Returned,Net Banking,Small Business
ORD10844,16-05-2025,CUST1769,Aman Patel,Tamil Nadu,Coimbatore,South,Electronics,Smartwatch,1,7411,20,5928.8,4353.55,1575.25,Same Day,In Transit,UPI,Small Business
ORD10845,12-05-2025,CUST1701,Priya Chopra,Madhya Pradesh,Bhopal,Central,Office Supplies,Pen Set,6,38384,5,218788.8,180232.87,38555.93,Same Day,Returned,UPI,Small Business
ORD10846,08-12-2024,CUST1351,Riya Singh,Gujarat,Ahmedabad,West,Electronics,Headphones,6,362,5,2063.4,1774.59,288.81,Second Class,Returned,Debit Card,Small Business
ORD10847,12-02-2026,CUST1246,Ishita Joshi,Uttar Pradesh,Noida,North,Furniture,Table,4,37730,0,150920,106435.05,44484.95,Standard Class,Returned,Debit Card,Small Business
ORD10848,05-04-2024,CUST1117,Rajat Sharma,Delhi,New Delhi,North,Electronics,Smartwatch,5,38227,5,181578.25,118404.62,63173.63,Same Day,Cancelled,Cash on Delivery,Small Business
ORD10849,06-09-2024,CUST1451,Meera Soni,Karnataka,Bengaluru,South,Office Supplies,Notebook,5,1115,20,4460,3179,1281,Same Day,Cancelled,UPI,Corporate
ORD10850,06-09-2024,CUST1087,Priya Singh,Maharashtra,Nagpur,West,Furniture,Chair,2,47588,25,71382,56218.3,15163.7,Second Class,Delivered,Debit Card,Consumer
ORD10851,30-03-2026,CUST1015,Rajat Joshi,Uttar Pradesh,Noida,North,Electronics,Smartwatch,7,11395,25,59823.75,38069.42,21754.33,Standard Class,Cancelled,UPI,Consumer
ORD10852,10-04-2025,CUST1054,Aditya Patel,Gujarat,Surat,West,Furniture,Sofa,7,19938,5,132587.7,94897.52,37690.18,Standard Class,In Transit,Net Banking,Corporate
ORD10853,17-02-2025,CUST1034,Khushi Gupta,Karnataka,Bengaluru,South,Electronics,Tablet,-1,46516,25,104661,69982.79,34678.21,Second Class,In Transit,UPI,Corporate
ORD10854,21-05-2024,CUST1172,Rishi Joshi,West Bengal,Siliguri,East,Office Supplies,Pen Set,1,44455,10,40009.5,36825.92,3183.58,Standard Class,Delivered,Debit Card,Corporate
ORD10855,25-08-2025,CUST1579,Dev Chopra,Maharashtra,Nashik,West,Furniture,Chair,6,5140,10,27756,19759.93,7996.07,Standard Class,Delivered,Net Banking,Enterprise
ORD10856,11-10-2024,CUST1038,Ritika Saxena,Uttar Pradesh,Lucknow,North,Office Supplies,Stapler,3,8636,5,24612.6,22114.62,2497.98,First Class,In Transit,Cash on Delivery,Corporate
ORD10857,10-11-2025,CUST1756,Arjun Soni,Karnataka,Bengaluru,South,Electronics,Smartwatch,3,43127,0,129381,81957.95,47423.05,Standard Class,Delivered,UPI,Corporate
ORD10858,07-01-2025,CUST1185,Palak Kapoor,Karnataka,Mysuru,South,Electronics,Headphones,2,12811,5,24340.9,20071.75,4269.15,Same Day,Delivered,Credit Card,Corporate
ORD10859,09-07-2024,CUST1512,Kavya Gupta,Karnataka,Mysuru,South,Electronics,Smartwatch,5,22040,5,104690,70749.76,33940.24,First Class,Returned,Cash on Delivery,Enterprise
ORD10860,02-02-2026,CUST1055,Aditi Dubey,Delhi,New Delhi,North,Electronics,Headphones,7,28341,5,188467.65,130733.97,57733.68,First Class,In Transit,Net Banking,Enterprise
ORD10861,02-10-2025,CUST1369,Harsh Joshi,Gujarat,Surat,West,Furniture,Table,5,43576,20,174304,138144.86,36159.14,Same Day,In Transit,Debit Card,Enterprise
ORD10862,30-07-2025,CUST1067,Karan Singh,Rajasthan,Jaipur,North,Electronics,Smartphone,7,26695,10,168178.5,148825.52,19352.98,Same Day,Cancelled,Credit Card,Small Business
ORD10863,12-03-2026,CUST1378,Varun Sharma,Rajasthan,Jaipur,North,Furniture,Bed,7,19870,0,139090,96432.54,42657.46,Second Class,Cancelled,Cash on Delivery,Small Business
ORD10864,26-08-2024,CUST1346,Pooja Mehta,Maharashtra,Nashik,West,Furniture,Sofa,7,28662,25,150475.5,107021.68,43453.82,Same Day,In Transit,Cash on Delivery,Small Business
ORD10865,15-04-2024,CUST1346,Yash Jain,Madhya Pradesh,Indore,Central,Electronics,Monitor,7,32565,20,182364,119039.39,63324.61,Standard Class,In Transit,Net Banking,Enterprise
ORD10866,06-02-2026,CUST1439,Priya Tiwari,West Bengal,Kolkata,East,Electronics,Smartphone,5,27123,20,108492,77569.96,30922.04,Standard Class,Cancelled,UPI,Enterprise
ORD10867,16-02-2026,CUST1559,Aarav Dubey,Madhya Pradesh,Indore,Central,Electronics,Smartwatch,4,40564,20,129804.8,112049.81,17754.99,Standard Class,Cancelled,UPI,Small Business
ORD10868,07-09-2024,CUST1023,Priya Bansal,Uttar Pradesh,Lucknow,North,Electronics,Headphones,4,45723,15,155458.2,98083.95,57374.25,Second Class,Cancelled,Credit Card,Enterprise
ORD10869,14-04-2026,CUST1493,Riya Chopra,Maharashtra,Pune,West,Furniture,Chair,2,18148,20,29036.8,23657.46,5379.34,Standard Class,In Transit,Net Banking,Small Business
ORD10870,31-10-2024,CUST1791,Meera Joshi,Telangana,Hyderabad,South,,Laptop,5,26298,5,124915.5,100838.49,24077.01,Same Day,In Transit,Debit Card,Small Business
ORD10871,15-04-2026,CUST1195,Aditya Chopra,Rajasthan,Jaipur,North,Electronics,Monitor,5,22775,15,96793.75,65025.09,31768.66,Standard Class,Cancelled,Credit Card,Small Business
ORD10025,27-02-2025,CUST1719,Harsh Singh,Maharashtra,Nashik,West,Office Supplies,Pen Set,2,43962,0,87924,58340.45,29583.55,First Class,Cancelled,UPI,Enterprise
ORD10873,23-04-2024,CUST1033,Ishita Chopra,Tamil Nadu,Chennai,South,Electronics,Headphones,4,14516,10,52257.6,35390.72,16866.88,Same Day,Delivered,Credit Card,Small Business
ORD10874,22-08-2025,CUST1034,Meera Yadav,Rajasthan,Jaipur,North,Electronics,Monitor,4,37403,20,119689.6,83212.76,36476.84,Standard Class,In Transit,Credit Card,Corporate
ORD10875,29-07-2024,CUST1702,Shreya Patel,Karnataka,Mysuru,South,Electronics,Monitor,7,54806,15,326095.7,270619.33,55476.37,Standard Class,Returned,UPI,Small Business
ORD10876,14-09-2024,CUST1557,Akash Malhotra,Maharashtra,Mumbai,West,Office Supplies,Marker,8,39554,5,300610.4,184332.5,116277.9,Standard Class,Cancelled,UPI,Small Business
ORD10877,09-02-2024,CUST1154,Nidhi Yadav,Telangana,Hyderabad,South,Furniture,Chair,5,43201,5,205204.75,187304.99,17899.76,Same Day,Cancelled,UPI,Enterprise
ORD10878,15-05-2026,CUST1788,Nikhil Mehta,Uttar Pradesh,Lucknow,North,Furniture,Chair,1,16351,10,14715.9,9573.18,5142.72,First Class,Returned,Debit Card,Small Business
ORD10879,02-08-2025,CUST1687,Mohit Agarwal,Uttar Pradesh,Lucknow,North,Electronics,Smartphone,2,28083,0,56166,47369.04,8796.96,Same Day,Delivered,Credit Card,Enterprise
ORD10880,16-06-2026,CUST1138,Diya Tiwari,Maharashtra,Nagpur,West,Furniture,Chair,2,52020,15,88434,56651.01,31782.99,Standard Class,Returned,UPI,Corporate
ORD10881,31-03-2024,CUST1296,Akash Sharma,Karnataka,Mysuru,South,Furniture,Chair,3,34328,20,82387.2,72587.37,9799.83,Standard Class,In Transit,Cash on Delivery,Enterprise
ORD10882,22-03-2025,CUST1487,Neha Gupta,Uttar Pradesh,Noida,North,Electronics,Smartwatch,2,50833,20,81332.8,54866.65,26466.15,First Class,Cancelled,Net Banking,Small Business
ORD10883,21-09-2025,CUST1113,Aarav Dubey,Uttar Pradesh,Lucknow,North,Furniture,Table,2,2658,25,3987,3088.97,898.03,Same Day,Delivered,Cash on Delivery,Small Business
ORD10884,09-12-2024,CUST1223,Varun Agarwal,Maharashtra,Pune,West,Electronics,Tablet,1,5189,25,3891.75,2658.51,1233.24,Standard Class,Cancelled,Cash on Delivery,Enterprise
ORD10885,26-11-2024,CUST1179,Palak Sharma,West Bengal,Kolkata,East,Electronics,Smartwatch,5,53556,10,241002,173038.79,67963.21,Same Day,Returned,UPI,Consumer
ORD10886,03-09-2025,CUST1721,Arjun Soni,Maharashtra,Nagpur,West,Electronics,Monitor,2,46572,15,79172.4,63679.34,15493.06,First Class,Returned,Net Banking,Enterprise
ORD10887,18-12-2025,CUST1748,Rishi Sharma,Gujarat,Ahmedabad,West,Office Supplies,Notebook,6,7144,20,34291.2,32461.53,1829.67,Same Day,Cancelled,Debit Card,Enterprise
ORD10888,11-01-2026,CUST1088,Varun Malhotra,Karnataka,Mysuru,South,Furniture,Sofa,3,56019,5,159654.15,120840.5,38813.65,Second Class,Cancelled,Net Banking,Corporate
ORD10889,10-11-2025,CUST1043,Meera Mehta,Rajasthan,Udaipur,North,Electronics,Laptop,5,25285,0,126425,96935.59,29489.41,First Class,Returned,UPI,Corporate
ORD10890,08-06-2025,CUST1455,Vivaan Yadav,Maharashtra,Nashik,West,Furniture,Bed,3,17283,0,51849,45399.43,6449.57,Standard Class,Delivered,UPI,Enterprise
ORD10891,28-04-2025,CUST1417,Meera Jaiswal,Delhi,New Delhi,North,Furniture,Chair,8,9085,20,58144,37750.08,20393.92,Second Class,Delivered,UPI,Small Business
ORD10892,17-10-2024,CUST1013,Sneha Saxena,Uttar Pradesh,Lucknow,North,Electronics,Smartphone,3,12060,5,34371,27312,7059,First Class,Cancelled,Debit Card,Corporate
ORD10893,09-02-2024,CUST1743,Ankit Malhotra,Telangana,Warangal,South,Office Supplies,Stapler,5,2293,0,11465,7974.16,3490.84,First Class,Cancelled,Cash on Delivery,Consumer
ORD10894,03-03-2026,CUST1321,Simran Kapoor,Karnataka,Bengaluru,South,Furniture,Table,-1,43913,0,263478,234262.23,29215.77,First Class,Cancelled,Credit Card,Corporate
ORD10895,11-11-2025,CUST1368,Neha Yadav,Rajasthan,Jaipur,North,Office Supplies,Notebook,7,19157,0,134099,110476.77,23622.23,Standard Class,Cancelled,Cash on Delivery,Corporate
ORD10896,06-06-2026,CUST1729,Muskan Mehta,Maharashtra,Mumbai,West,Office Supplies,Notebook,5,6906,20,27624,19355.98,8268.02,Second Class,Returned,UPI,Small Business
ORD10897,23-07-2025,CUST1419,Aarav Singh,Uttar Pradesh,Lucknow,North,Furniture,Wardrobe,2,43177,10,77718.6,54462.78,23255.82,First Class,In Transit,Cash on Delivery,Consumer
ORD10898,26-01-2024,CUST1689,Ankit Soni,Maharashtra,Pune,West,Electronics,Smartphone,6,32818,20,157526.4,129938.23,27588.17,Same Day,Delivered,Credit Card,Consumer
ORD10899,13-04-2026,CUST1339,Naina Verma,Karnataka,Mysuru,South,Electronics,Smartphone,7,39276,20,219945.6,133025.14,86920.46,First Class,Returned,Net Banking,Small Business
ORD10900,01-01-2024,CUST1429,Naina Bansal,Gujarat,Surat,West,Furniture,Chair,5,12427,20,49708,45392.23,4315.77,Same Day,Delivered,Debit Card,Small Business
ORD10901,03-09-2024,CUST1239,Vivaan Singh,Uttar Pradesh,Noida,North,Electronics,Laptop,1,25661,10,23094.9,17254.95,5839.95,First Class,Returned,Net Banking,Consumer
ORD10902,11-03-2024,CUST1306,Riya Mishra,Maharashtra,Nagpur,West,Electronics,Smartwatch,2,14792,15,25146.4,20930.83,4215.57,Standard Class,In Transit,Debit Card,Corporate
ORD10903,19-09-2025,CUST1407,Kavya Bansal,Gujarat,Surat,West,Electronics,Monitor,7,40567,20,227175.2,149084.9,78090.3,First Class,Returned,Net Banking,Enterprise
ORD10904,24-05-2024,CUST1256,Varun Jain,Uttar Pradesh,Lucknow,North,Electronics,Laptop,5,44457,5,211170.75,144469.49,66701.26,Second Class,Returned,Cash on Delivery,Consumer
ORD10905,16-12-2024,CUST1252,Nikhil Kapoor,Rajasthan,Udaipur,North,Electronics,Monitor,3,20372,0,61116,52073.96,9042.04,Standard Class,Returned,Cash on Delivery,Small Business
ORD10906,30-07-2025,CUST1387,Priya Agarwal,Karnataka,Mysuru,South,Office Supplies,Stapler,1,25377,5,24108.15,21502.87,2605.28,Second Class,Returned,Credit Card,Small Business
ORD10907,12-12-2024,CUST1691,Shreya Joshi,Tamil Nadu,Chennai,South,Office Supplies,Printer Paper,4,43267,5,164414.6,134360.25,30054.35,First Class,Returned,Credit Card,Corporate
ORD10908,28-04-2026,CUST1143,Ishita Jaiswal,Uttar Pradesh,Noida,North,Furniture,Table,7,15034,0,105238,73438.96,31799.04,Same Day,Cancelled,Credit Card,Consumer
ORD10909,30-03-2024,CUST1417,Aarav Mehta,Tamil Nadu,Chennai,South,Furniture,Table,3,54543,5,155447.55,94707.19,60740.36,Second Class,Delivered,Debit Card,Corporate
ORD10910,09-05-2024,CUST1363,Ankit Malhotra,Gujarat,Surat,West,Electronics,Smartphone,8,56458,0,451664,333633.03,118030.97,Standard Class,In Transit,UPI,Corporate
ORD10911,07-04-2024,CUST1687,Nikhil Bansal,,Ahmedabad,West,,Tablet,1,12320,5,11704,7207.08,4496.92,Standard Class,Delivered,Cash on Delivery,Corporate
ORD10912,04-03-2024,CUST1002,Neha Dubey,Gujarat,Ahmedabad,West,Electronics,Smartphone,8,39796,15,270612.8,170394.98,100217.82,Standard Class,In Transit,Cash on Delivery,Small Business
ORD10913,17-12-2025,CUST1504,Riya Singh,Tamil Nadu,Coimbatore,South,Electronics,Tablet,7,47093,25,247238.25,206927.38,40310.87,First Class,Returned,Cash on Delivery,Small Business
ORD10914,09-03-2026,CUST1352,Nidhi Agarwal,Maharashtra,Nashik,West,Furniture,Wardrobe,3,15070,0,45210,31646.06,13563.94,Second Class,In Transit,Credit Card,Consumer
ORD10915,27-03-2025,CUST1751,Siddharth Saxena,West Bengal,Siliguri,East,Furniture,Wardrobe,2,18868,10,33962.4,24856.93,9105.47,Second Class,Cancelled,UPI,Consumer
ORD10916,25-05-2025,CUST1438,Nikhil Malhotra,Gujarat,Surat,West,Electronics,Headphones,2,5461,25,8191.5,6208.96,1982.54,Same Day,Returned,UPI,Small Business
ORD10917,12-06-2024,CUST1567,Simran Chopra,Maharashtra,Nashik,West,Furniture,Bed,2,8393,0,16786,14676.23,2109.77,First Class,Cancelled,Cash on Delivery,Consumer
ORD10918,22-11-2025,CUST1116,Khushi Mishra,,New Delhi,North,Furniture,Wardrobe,1,10415,5,9894.25,6788.12,3106.13,Same Day,Cancelled,UPI,Enterprise
ORD10919,01-12-2025,CUST1497,Siddharth Patel,Gujarat,Surat,West,Furniture,Table,6,16326,5,93058.2,60758.54,32299.66,First Class,In Transit,UPI,Corporate
ORD10920,19-10-2024,CUST1155,Akash Mishra,Delhi,New Delhi,North,Furniture,Sofa,7,14661,15,87232.95,54897.95,32335,First Class,In Transit,UPI,Consumer
ORD10921,14-12-2025,CUST1152,Akash Agarwal,Maharashtra,Pune,West,Furniture,Sofa,4,37542,20,120134.4,95820.37,24314.03,Standard Class,In Transit,Credit Card,Small Business
ORD10922,15-04-2024,CUST1502,Nidhi Chopra,Tamil Nadu,Coimbatore,South,Electronics,Smartphone,3,31575,20,75780,64394.96,11385.04,Second Class,Cancelled,Net Banking,Small Business
ORD10923,08-10-2024,CUST1683,Neha Agarwal,Telangana,Warangal,South,Office Supplies,Stapler,3,2902,0,8706,5523.32,3182.68,Same Day,Returned,Credit Card,Enterprise
ORD10924,13-10-2024,CUST1323,Naina Patel,Delhi,New Delhi,North,Electronics,Smartphone,6,4368,5,24897.6,19189.78,5707.82,Second Class,In Transit,Net Banking,Small Business
ORD10925,07-06-2025,CUST1300,Kavya Dubey,Gujarat,Surat,West,Office Supplies,Marker,8,27117,10,195242.4,153290.12,41952.28,Same Day,In Transit,Credit Card,Small Business
ORD10926,18-11-2024,CUST1005,Ishita Agarwal,Rajasthan,Udaipur,North,Furniture,Chair,1,20308,15,17261.8,14135.96,3125.84,Second Class,Cancelled,Debit Card,Enterprise
ORD10927,07-02-2026,CUST1458,Ananya Patel,Telangana,Warangal,South,Office Supplies,Printer Paper,1,56978,15,48431.3,42041.78,6389.52,Same Day,In Transit,Cash on Delivery,Corporate
ORD10928,06-06-2026,CUST1141,Karan Saxena,Madhya Pradesh,Indore,Central,Furniture,Wardrobe,4,17069,25,51207,46448.21,4758.79,Second Class,Delivered,Debit Card,Enterprise
ORD10929,20-05-2025,CUST1472,Vivaan Bansal,Uttar Pradesh,Noida,North,Office Supplies,Printer Paper,3,51804,5,147641.4,103710.35,43931.05,Standard Class,Returned,Debit Card,Enterprise
ORD10930,02-11-2025,CUST1053,Aman Dubey,Madhya Pradesh,Bhopal,Central,Office Supplies,Printer Paper,6,7816,20,37516.8,26335.19,11181.61,Standard Class,In Transit,Credit Card,Corporate
ORD10931,08-06-2024,CUST1710,Meera Dubey,Maharashtra,Nashik,West,Furniture,Table,4,12852,15,43696.8,36084.28,7612.52,First Class,Returned,UPI,Enterprise
ORD10932,19-05-2026,CUST1532,Vivaan Jaiswal,Tamil Nadu,Coimbatore,South,Electronics,Smartphone,7,41496,5,275948.4,230366.09,45582.31,Second Class,Delivered,UPI,Consumer
ORD10933,16-04-2026,CUST1259,Rahul Dubey,West Bengal,Kolkata,East,Electronics,Laptop,5,33189,10,149350.5,96222.8,53127.7,Second Class,In Transit,Credit Card,Enterprise
ORD10934,25-05-2025,CUST1741,Harsh Chopra,Uttar Pradesh,Noida,North,Electronics,Headphones,3,45507,20,109216.8,88666.37,20550.43,Standard Class,In Transit,Net Banking,Consumer
ORD10935,29-07-2025,CUST1379,Priya Jain,Uttar Pradesh,Noida,North,Furniture,Sofa,7,57655,20,322868,208759.43,114108.57,First Class,Delivered,UPI,Corporate
ORD10936,14-06-2026,CUST1000,Rahul Kapoor,Maharashtra,Nagpur,West,Furniture,Chair,4,24723,0,98892,87885.77,11006.23,Standard Class,Returned,Debit Card,Enterprise
ORD10937,20-06-2025,CUST1751,Ananya Sharma,Maharashtra,Nagpur,West,Furniture,Wardrobe,1,35647,0,35647,24092.31,11554.69,Standard Class,Returned,Debit Card,Consumer
ORD10938,14-12-2024,CUST1077,Ananya Joshi,Maharashtra,Mumbai,West,Electronics,Laptop,6,26785,15,136603.5,124687.4,11916.1,Second Class,Returned,Credit Card,Consumer
ORD10939,13-02-2024,CUST1639,Nidhi Singh,Karnataka,Bengaluru,South,Furniture,Bed,6,23285,20,111768,69014.34,42753.66,Standard Class,Delivered,Net Banking,Small Business
ORD10940,14-09-2025,CUST1038,Nikhil Agarwal,Delhi,New Delhi,North,Electronics,Smartwatch,5,2565,0,12825,12013.48,811.52,Same Day,Delivered,Net Banking,Corporate
ORD10941,29-03-2026,CUST1529,Naina Mehta,Tamil Nadu,Chennai,South,Electronics,Laptop,6,34013,15,173466.3,129839.98,43626.32,Standard Class,Delivered,Cash on Delivery,Enterprise
ORD10942,08-03-2024,CUST1487,Sneha Tiwari,Rajasthan,Udaipur,North,Electronics,Headphones,4,43715,5,166117,108962.95,57154.05,First Class,Delivered,Debit Card,Corporate
ORD10943,26-03-2025,CUST1722,Kavya Mishra,Delhi,New Delhi,North,Electronics,Headphones,2,38739,10,69730.2,52136.83,17593.37,First Class,In Transit,Debit Card,Corporate
ORD10944,06-03-2026,CUST1717,Pooja Gupta,West Bengal,Kolkata,East,Electronics,Smartwatch,7,43418,5,288729.7,182763.74,105965.96,First Class,Delivered,UPI,Small Business
ORD10945,14-06-2026,CUST1795,Harsh Dubey,Telangana,Warangal,South,Office Supplies,Marker,8,39833,5,302730.8,182094.14,120636.66,Standard Class,In Transit,Cash on Delivery,Small Business
ORD10946,15-08-2024,CUST1261,Neha Chopra,Karnataka,Mysuru,South,Electronics,Smartwatch,7,39031,20,218573.6,193195.38,25378.22,Standard Class,Returned,UPI,Corporate
ORD10947,23-04-2025,CUST1195,Siddharth Jain,Karnataka,Mysuru,South,Office Supplies,Marker,2,15833,0,31666,27908.1,3757.9,Same Day,In Transit,UPI,Enterprise
ORD10948,03-02-2026,CUST1773,Khushi Bansal,Rajasthan,Jaipur,North,Furniture,Table,8,52193,15,354912.4,271224.04,83688.36,Standard Class,Returned,Credit Card,Small Business
ORD10949,29-03-2025,CUST1084,Yash Gupta,Maharashtra,Nashik,West,Furniture,Bed,4,271,20,867.2,538.98,328.22,Standard Class,Delivered,Credit Card,Small Business
ORD10950,23-12-2024,CUST1756,Nidhi Chopra,Maharashtra,Nagpur,West,Furniture,Bed,4,58425,25,175275,164321.92,10953.08,Same Day,Cancelled,Net Banking,Consumer
ORD10951,16-09-2025,CUST1444,Pooja Patel,Madhya Pradesh,Bhopal,Central,Office Supplies,Stapler,8,7299,15,49633.2,36116.47,13516.73,Same Day,Cancelled,Net Banking,Enterprise
ORD10025,21-09-2025,CUST1730,Rajat Jain,Karnataka,Mysuru,South,Furniture,Table,4,19046,10,68565.6,41525.19,27040.41,Second Class,In Transit,Debit Card,Corporate
ORD10953,12-12-2025,CUST1186,Riya Soni,West Bengal,Siliguri,East,Furniture,Sofa,4,51339,15,174552.6,142862.58,31690.02,Standard Class,Delivered,Debit Card,Corporate
ORD10954,21-02-2024,CUST1780,Tanvi Sharma,West Bengal,Kolkata,East,Furniture,Sofa,5,31541,25,118278.75,81037.07,37241.68,First Class,Cancelled,Cash on Delivery,Consumer
ORD10955,28-04-2026,CUST1155,Priya Jain,Maharashtra,Nagpur,West,Electronics,Monitor,2,3074,0,6148,4542.99,1605.01,Standard Class,Delivered,Cash on Delivery,Consumer
ORD10956,04-09-2025,CUST1466,Diya Saxena,Maharashtra,Nagpur,West,Furniture,Table,5,55557,15,236117.25,216851.8,19265.45,Second Class,In Transit,Debit Card,Small Business
ORD10957,28-04-2025,CUST1583,Akash Malhotra,Tamil Nadu,Chennai,South,Electronics,Laptop,3,7264,10,19612.8,15683.56,3929.24,First Class,Cancelled,Credit Card,Enterprise
ORD10958,21-05-2025,CUST1709,Sneha Agarwal,West Bengal,Siliguri,East,Office Supplies,Printer Paper,3,1703,5,4853.55,3067.77,1785.78,Same Day,Cancelled,Debit Card,Corporate
ORD10959,07-01-2026,CUST1510,Riya Sharma,Rajasthan,Jaipur,North,,Headphones,6,17492,20,83961.6,76873.11,7088.49,Second Class,Returned,UPI,Consumer
ORD10960,21-01-2025,CUST1017,Nidhi Verma,Rajasthan,Jaipur,North,Electronics,Smartwatch,1,5859,10,5273.1,4394.02,879.08,Standard Class,Delivered,Cash on Delivery,Small Business
ORD10961,19-06-2026,CUST1660,Ankit Bansal,Karnataka,Bengaluru,South,Furniture,Chair,7,42909,5,285344.85,244075.88,41268.97,Second Class,In Transit,Debit Card,Enterprise
ORD10962,29-02-2024,CUST1058,Sneha Kapoor,Uttar Pradesh,Lucknow,North,Electronics,Monitor,4,53403,0,213612,134851.8,78760.2,Standard Class,Delivered,Cash on Delivery,Corporate
ORD10963,26-06-2024,CUST1539,Manav Patel,Maharashtra,Nashik,West,Furniture,Chair,5,56142,20,224568,210759.71,13808.29,Second Class,Returned,Debit Card,Consumer
ORD10964,10-10-2025,CUST1454,Ananya Patel,Delhi,New Delhi,North,Furniture,Chair,4,3435,10,12366,10476.44,1889.56,Same Day,Delivered,Credit Card,Enterprise
ORD10965,16-06-2025,CUST1068,Nidhi Bansal,Delhi,New Delhi,North,Furniture,Chair,3,9185,25,20666.25,16994.19,3672.06,First Class,Cancelled,Debit Card,Enterprise
ORD10966,23-12-2024,CUST1697,Rohan Patel,Uttar Pradesh,Noida,North,Office Supplies,Printer Paper,2,54477,0,108954,66758.03,42195.97,Second Class,In Transit,UPI,Enterprise
ORD10967,07-05-2024,CUST1764,Manav Jaiswal,Tamil Nadu,Chennai,South,Furniture,Wardrobe,5,9342,0,46710,37143.55,9566.45,Second Class,Cancelled,Cash on Delivery,Corporate
ORD10968,11-04-2026,CUST1497,Sneha Sharma,Tamil Nadu,Coimbatore,South,Furniture,Sofa,1,49841,25,37380.75,23787.09,13593.66,Same Day,Delivered,Cash on Delivery,Enterprise
ORD10969,22-06-2025,CUST1680,Rishi Malhotra,Tamil Nadu,Chennai,South,Furniture,Wardrobe,4,27015,5,102657,77131.83,25525.17,First Class,Delivered,UPI,Enterprise
ORD10970,18-03-2025,CUST1445,Rohan Gupta,Uttar Pradesh,Lucknow,North,Furniture,Bed,3,39005,5,111164.25,73860.46,37303.79,Standard Class,In Transit,Net Banking,Enterprise
ORD10971,08-09-2025,CUST1692,Aman Verma,Maharashtra,Nashik,West,Office Supplies,Pen Set,3,12472,20,29932.8,27564.27,2368.53,Standard Class,Cancelled,Debit Card,Corporate
ORD10972,26-11-2024,CUST1617,Meera Soni,Rajasthan,Jaipur,North,Electronics,Tablet,8,31675,15,215390,140714.91,74675.09,Same Day,Returned,UPI,Corporate
ORD10973,28-12-2025,CUST1297,Arjun Joshi,Uttar Pradesh,Noida,North,Office Supplies,Stapler,-1,20980,0,20980,19374.97,1605.03,Same Day,Delivered,Net Banking,Small Business
ORD10974,05-04-2024,CUST1547,Kavya Tiwari,Tamil Nadu,Chennai,South,Furniture,Table,6,57046,15,290934.6,210293.81,80640.79,Same Day,Delivered,UPI,Small Business
ORD10975,09-09-2025,CUST1188,Mohit Jaiswal,Telangana,Hyderabad,South,Electronics,Monitor,6,50916,0,305496,183764.09,121731.91,First Class,In Transit,Cash on Delivery,Enterprise
ORD10976,03-03-2026,CUST1144,Akash Jain,Telangana,Warangal,South,Electronics,Smartwatch,1,41255,5,39192.25,32329.54,6862.71,Second Class,Delivered,UPI,Consumer
ORD10977,02-10-2025,CUST1036,Naina Tiwari,Madhya Pradesh,Indore,Central,Electronics,Laptop,2,42388,20,67820.8,49983.85,17836.95,First Class,In Transit,Cash on Delivery,Consumer
ORD10978,03-08-2024,CUST1121,Mohit Joshi,Delhi,New Delhi,North,Electronics,Smartphone,3,15080,5,42978,31925.18,11052.82,Standard Class,Cancelled,Credit Card,Consumer
ORD10025,29-01-2025,CUST1666,Simran Mehta,Maharashtra,Nashik,West,Furniture,Chair,3,53440,10,144288,126240.99,18047.01,Same Day,In Transit,Debit Card,Enterprise
ORD10980,11-03-2026,CUST1706,Akash Sharma,Delhi,New Delhi,North,Office Supplies,Pen Set,1,45897,10,41307.3,31938.24,9369.06,First Class,Returned,Net Banking,Small Business
ORD10981,05-01-2025,CUST1661,Palak Mishra,Uttar Pradesh,Noida,North,Electronics,Monitor,7,35769,15,212825.55,186466.05,26359.5,First Class,Returned,Credit Card,Small Business
ORD10982,09-11-2025,CUST1428,Mohit Singh,Delhi,New Delhi,North,Electronics,Monitor,7,58941,20,330069.6,310699.17,19370.43,Second Class,Returned,Cash on Delivery,Corporate
ORD10983,02-05-2026,CUST1506,Ritika Yadav,Rajasthan,Jaipur,North,Furniture,Sofa,7,41486,5,275881.9,248055.51,27826.39,Same Day,Cancelled,Debit Card,Small Business
ORD10984,04-06-2025,CUST1623,Aarav Soni,Karnataka,Bengaluru,South,Office Supplies,Marker,8,24115,20,154336,118043.87,36292.13,Second Class,In Transit,Net Banking,Corporate
ORD10025,02-07-2025,CUST1032,Ishita Gupta,Gujarat,Surat,West,Electronics,Monitor,7,39329,25,206477.25,148255.99,58221.26,Standard Class,Returned,Debit Card,Consumer
ORD10986,22-04-2026,CUST1008,Kavya Jain,Delhi,New Delhi,North,Furniture,Wardrobe,5,26472,15,112506,74008.1,38497.9,Same Day,In Transit,Debit Card,Corporate
ORD10987,25-05-2024,CUST1604,Karan Kapoor,,Lucknow,North,Furniture,Bed,8,15094,25,90564,69870.83,20693.17,First Class,Returned,UPI,Corporate
ORD10988,09-02-2024,CUST1692,Mohit Tiwari,Telangana,Hyderabad,South,Electronics,Smartphone,6,36840,10,198936,127016.37,71919.63,Standard Class,Returned,Debit Card,Consumer
ORD10989,20-04-2025,CUST1610,Kavya Singh,Gujarat,Ahmedabad,West,Electronics,Tablet,4,58180,0,232720,150975.75,81744.25,Second Class,In Transit,Net Banking,Small Business
ORD10990,08-06-2026,CUST1170,Diya Sharma,Karnataka,Bengaluru,South,Electronics,Smartphone,6,37955,0,227730,158538.78,69191.22,First Class,In Transit,Net Banking,Small Business
ORD10991,09-12-2025,CUST1052,Nikhil Patel,Maharashtra,Nashik,West,Office Supplies,Marker,3,53030,25,119317.5,85954.07,33363.43,First Class,Cancelled,Credit Card,Corporate
ORD10992,11-02-2024,CUST1618,Yash Sharma,Telangana,Warangal,South,Electronics,Tablet,2,17209,25,25813.5,22323.76,3489.74,Standard Class,In Transit,Debit Card,Consumer
ORD10993,09-04-2025,CUST1715,Ritika Saxena,,Nagpur,West,Electronics,Tablet,6,49732,25,223794,151502.23,72291.77,Same Day,In Transit,Net Banking,Corporate
ORD10025,13-05-2026,CUST1143,Simran Chopra,Telangana,Hyderabad,South,Electronics,Smartphone,4,29184,10,105062.4,77204.57,27857.83,First Class,Cancelled,Debit Card,Enterprise
ORD10995,20-09-2024,CUST1538,Neha Sharma,Madhya Pradesh,Indore,Central,Furniture,Sofa,2,11590,15,19703,12020.04,7682.96,Same Day,Cancelled,Credit Card,Consumer
ORD10996,20-03-2026,CUST1240,Simran Agarwal,Gujarat,Ahmedabad,West,Electronics,Smartphone,2,39751,15,67576.7,46234.26,21342.44,First Class,Delivered,Net Banking,Enterprise
ORD10997,06-07-2025,CUST1146,Arjun Patel,,Siliguri,East,Electronics,Monitor,6,47458,20,227798.4,202177.26,25621.14,Same Day,Cancelled,Credit Card,Consumer
ORD10998,02-04-2024,CUST1673,Mohit Yadav,West Bengal,Kolkata,East,Electronics,Smartphone,1,20422,20,16337.6,11770.5,4567.1,Second Class,Delivered,Credit Card,Small Business
ORD10999,28-06-2024,CUST1739,Neha Malhotra,Gujarat,Ahmedabad,West,Electronics,Tablet,1,56496,25,42372,27569.91,14802.09,Standard Class,In Transit,Debit Card,Corporate
ORD11000,05-01-2026,CUST1339,Khushi Kapoor,Tamil Nadu,Coimbatore,South,Electronics,Smartwatch,3,39939,20,95853.6,59656.71,36196.89,Standard Class,Returned,Debit Card,Corporate
ORD11001,25-03-2026,CUST1086,Naina Jain,Uttar Pradesh,Lucknow,North,Furniture,Table,7,58063,20,325152.8,237484.86,87667.94,Second Class,Cancelled,Net Banking,Consumer
ORD11002,20-11-2025,CUST1478,Ishita Jaiswal,Gujarat,Ahmedabad,West,Electronics,Smartwatch,3,44982,20,107956.8,69107.71,38849.09,Second Class,Cancelled,Debit Card,Consumer
ORD11003,21-09-2025,CUST1085,Sneha Joshi,Uttar Pradesh,Lucknow,North,Office Supplies,Stapler,2,55371,15,94130.7,61132.16,32998.54,Standard Class,Cancelled,Credit Card,Corporate
ORD11004,21-03-2025,CUST1796,Muskan Patel,Maharashtra,Pune,West,Electronics,Laptop,6,29209,5,166491.3,139484.59,27006.71,Standard Class,Delivered,Debit Card,Corporate
ORD11005,10-05-2026,CUST1746,Aman Agarwal,Telangana,Warangal,South,Furniture,Bed,5,22892,20,91568,78672.46,12895.54,First Class,In Transit,UPI,Small Business
ORD11006,06-04-2026,CUST1533,Akash Agarwal,Karnataka,Bengaluru,South,Electronics,Smartphone,1,8780,25,6585,4820.54,1764.46,Same Day,Delivered,Credit Card,Small Business
ORD11007,26-10-2025,CUST1797,Mohit Kapoor,Gujarat,Ahmedabad,West,Electronics,Tablet,7,29860,15,177667,109537.18,68129.82,First Class,Delivered,,Corporate
ORD11008,02-09-2024,CUST1434,Ishita Yadav,Karnataka,Mysuru,South,Furniture,Sofa,2,35358,25,53037,45254.38,7782.62,Standard Class,Delivered,UPI,Corporate
ORD11009,07-09-2024,CUST1287,Ritika Sharma,Rajasthan,Jaipur,North,Electronics,Laptop,1,57304,10,51573.6,32751.56,18822.04,Standard Class,Delivered,Cash on Delivery,Small Business
ORD11010,28-02-2026,CUST1563,Harsh Chopra,Maharashtra,Mumbai,West,Electronics,Headphones,3,23901,5,68117.85,45014.62,23103.23,Second Class,Delivered,Net Banking,Consumer
ORD11011,27-11-2025,CUST1088,Aarav Gupta,Madhya Pradesh,Bhopal,Central,Electronics,Laptop,4,35423,20,113353.6,94860.85,18492.75,Same Day,In Transit,Net Banking,Consumer
ORD11012,28-12-2024,CUST1132,Aman Agarwal,Tamil Nadu,Coimbatore,South,Furniture,Bed,8,12270,0,98160,60364.44,37795.56,First Class,Delivered,UPI,Enterprise
ORD11013,29-01-2024,CUST1669,Simran Patel,Uttar Pradesh,Noida,North,Electronics,Smartphone,5,36941,10,166234.5,150438.32,15796.18,First Class,Delivered,Credit Card,Corporate
ORD11014,07-11-2024,CUST1370,Vivaan Jain,Tamil Nadu,Coimbatore,South,Electronics,Laptop,2,40977,10,73758.6,64870.07,8888.53,First Class,Cancelled,Cash on Delivery,Enterprise
ORD11015,25-05-2025,CUST1080,Ishita Patel,Maharashtra,Nashik,West,Electronics,Smartwatch,2,39524,5,75095.6,56977.42,18118.18,Same Day,Cancelled,UPI,Enterprise
ORD11016,22-02-2026,CUST1390,Rajat Bansal,Madhya Pradesh,Bhopal,Central,Electronics,Tablet,7,7182,5,47760.3,41062.63,6697.67,Same Day,In Transit,UPI,Small Business
ORD11017,17-02-2024,CUST1169,Shreya Singh,Delhi,New Delhi,North,Furniture,Table,8,49184,10,354124.8,314500.89,39623.91,Second Class,In Transit,Debit Card,Enterprise
ORD11018,14-01-2026,CUST1223,Karan Sharma,West Bengal,Siliguri,East,Electronics,Smartwatch,7,11728,15,69781.6,52230.97,17550.63,First Class,Delivered,UPI,Enterprise
ORD11019,20-08-2024,CUST1115,Shreya Dubey,Delhi,New Delhi,North,Furniture,Table,2,24749,5,47023.1,33077.58,13945.52,Same Day,Cancelled,Credit Card,Enterprise
ORD10025,31-01-2025,CUST1607,Neha Gupta,Karnataka,Bengaluru,South,Office Supplies,Marker,6,24914,20,119587.2,112643.38,6943.82,Same Day,Delivered,Credit Card,Enterprise
ORD11021,18-10-2025,CUST1233,Karan Chopra,Telangana,Hyderabad,South,Electronics,Tablet,4,32078,25,96234,78062.42,18171.58,Second Class,Delivered,Debit Card,Corporate
ORD11022,29-02-2024,CUST1392,Muskan Mehta,Madhya Pradesh,Indore,Central,Furniture,Wardrobe,2,43540,25,65310,43018.62,22291.38,Second Class,Returned,UPI,Consumer
ORD11023,07-04-2025,CUST1174,Aman Patel,Uttar Pradesh,Lucknow,North,Electronics,Monitor,3,38145,0,114435,71943.52,42491.48,Second Class,Returned,Net Banking,Consumer
ORD11024,14-02-2025,CUST1667,Khushi Gupta,Telangana,Hyderabad,South,Electronics,Laptop,8,45847,20,293420.8,255404.28,38016.52,Same Day,Returned,Net Banking,Small Business
ORD11025,14-06-2024,CUST1138,Mohit Mehta,Rajasthan,Udaipur,North,Office Supplies,Stapler,8,41112,20,263116.8,163108.23,100008.57,Same Day,Delivered,UPI,Small Business
ORD11026,26-09-2025,CUST1547,Meera Jain,Telangana,Warangal,South,Furniture,Bed,6,34067,25,153301.5,97073.93,56227.57,Standard Class,Delivered,Net Banking,Consumer
ORD11027,21-06-2024,CUST1610,Manav Malhotra,Tamil Nadu,Coimbatore,South,Electronics,Smartphone,2,26934,5,51174.6,45554.69,5619.91,First Class,Returned,Net Banking,Corporate
ORD11028,28-07-2025,CUST1519,Palak Joshi,Madhya Pradesh,Bhopal,Central,Electronics,Headphones,5,40098,15,170416.5,115247.82,55168.68,Standard Class,In Transit,Cash on Delivery,Consumer
ORD11029,12-03-2025,CUST1505,Simran Saxena,Delhi,New Delhi,North,Furniture,Chair,4,42339,0,169356,131226.66,38129.34,Second Class,In Transit,UPI,Enterprise
ORD11030,23-06-2025,CUST1337,Muskan Sharma,Karnataka,Bengaluru,South,Electronics,Laptop,4,5238,15,17809.2,14512.22,3296.98,Standard Class,Delivered,Debit Card,Consumer
ORD11031,15-12-2024,CUST1711,Siddharth Gupta,Karnataka,Bengaluru,South,Furniture,Sofa,6,34009,10,183648.6,142554.06,41094.54,Second Class,Delivered,Credit Card,Enterprise
ORD11032,16-12-2024,CUST1108,Meera Chopra,Uttar Pradesh,Lucknow,North,Furniture,Table,3,59888,10,161697.6,141003.3,20694.3,First Class,Delivered,Cash on Delivery,Corporate
ORD11033,18-04-2024,CUST1720,Rajat Tiwari,Karnataka,Bengaluru,South,Furniture,Sofa,8,57062,15,388021.6,354772.26,33249.34,Second Class,Cancelled,UPI,Consumer
ORD11034,31-07-2024,CUST1740,Rahul Dubey,Madhya Pradesh,Bhopal,Central,Electronics,Headphones,5,23662,10,106479,67527.25,38951.75,First Class,Returned,Credit Card,Consumer
ORD11035,17-06-2025,CUST1677,Naina Mishra,Karnataka,Bengaluru,South,Furniture,Wardrobe,4,768,15,2611.2,2113.08,498.12,First Class,Delivered,Cash on Delivery,Enterprise
ORD11036,16-01-2026,CUST1032,Nidhi Mishra,Madhya Pradesh,Bhopal,Central,Electronics,Headphones,8,9087,25,54522,38009.89,16512.11,Second Class,Delivered,Net Banking,Enterprise
ORD11037,17-06-2026,CUST1211,Mohit Bansal,Gujarat,Ahmedabad,West,Electronics,Laptop,7,26444,20,148086.4,92188.25,55898.15,Same Day,In Transit,Net Banking,Enterprise
ORD11038,24-12-2025,CUST1184,Yash Mehta,Maharashtra,Pune,West,Electronics,Monitor,4,46508,10,167428.8,157570.15,9858.65,Second Class,In Transit,Credit Card,Small Business
ORD11039,28-08-2024,CUST1444,Arjun Agarwal,Maharashtra,Pune,West,Office Supplies,Notebook,7,44352,5,294940.8,196044.09,98896.71,First Class,Delivered,UPI,Consumer
ORD11040,04-10-2024,CUST1159,Riya Sharma,Gujarat,Surat,West,Electronics,Smartphone,5,50058,20,200232,181293.12,18938.88,Standard Class,In Transit,Debit Card,Corporate
ORD11041,03-04-2024,CUST1120,Yash Malhotra,Rajasthan,Udaipur,North,Electronics,Headphones,5,28984,15,123182,89043.72,34138.28,Same Day,Delivered,Debit Card,Enterprise
ORD11042,16-07-2024,CUST1635,Nikhil Jain,West Bengal,Kolkata,East,Furniture,Wardrobe,5,6953,10,31288.5,24193.75,7094.75,Standard Class,In Transit,Net Banking,Consumer
ORD11043,04-06-2025,CUST1183,Khushi Malhotra,Karnataka,Bengaluru,South,Electronics,Tablet,2,45051,25,67576.5,55294.89,12281.61,Standard Class,Delivered,UPI,Corporate
ORD11044,04-09-2024,CUST1491,Mohit Soni,Karnataka,Mysuru,South,Furniture,Table,3,2509,25,5645.25,5277.65,367.6,Same Day,Cancelled,Cash on Delivery,Enterprise
ORD11045,13-09-2024,CUST1095,Riya Verma,Gujarat,Ahmedabad,West,Furniture,Table,4,35409,15,120390.6,76164.47,44226.13,Second Class,Delivered,Cash on Delivery,Corporate
ORD11046,20-11-2025,CUST1181,Nidhi Sharma,Rajasthan,Udaipur,North,Electronics,Monitor,3,19471,0,58413,42787.02,15625.98,Second Class,Returned,Net Banking,Corporate
ORD11047,14-01-2025,CUST1104,Ritika Tiwari,Karnataka,Mysuru,South,Furniture,Wardrobe,4,15806,10,56901.6,38297.08,18604.52,Same Day,Cancelled,,Small Business
ORD11048,29-07-2025,CUST1180,Harsh Singh,Madhya Pradesh,Bhopal,Central,Furniture,Sofa,5,11716,10,52722,36229.57,16492.43,Second Class,Returned,Debit Card,Consumer
ORD11049,19-06-2025,CUST1636,Yash Chopra,Tamil Nadu,Chennai,South,Electronics,Laptop,6,10888,20,52262.4,42947.18,9315.22,First Class,Cancelled,UPI,Corporate
ORD11050,26-04-2025,CUST1414,Ritika Gupta,Telangana,Warangal,South,Electronics,Smartphone,6,39583,0,237498,212282.22,25215.78,Standard Class,Returned,Net Banking,Consumer
ORD11051,11-04-2025,CUST1217,Ishita Bansal,Rajasthan,Jaipur,North,Electronics,Headphones,6,18154,5,103477.8,82023.5,21454.3,First Class,Cancelled,Net Banking,Enterprise
ORD11052,19-10-2025,CUST1022,Pooja Soni,Delhi,New Delhi,North,Furniture,Bed,2,30187,25,45280.5,40692.38,4588.12,Standard Class,Delivered,Debit Card,Enterprise
ORD11053,03-04-2025,CUST1105,Riya Kapoor,Uttar Pradesh,Lucknow,North,Electronics,Smartphone,5,52374,25,196402.5,181931.52,14470.98,Same Day,Cancelled,Debit Card,Enterprise
ORD11054,21-01-2024,CUST1702,Mohit Agarwal,Tamil Nadu,Coimbatore,South,Electronics,Tablet,2,35774,25,53661,41684.62,11976.38,Same Day,Cancelled,Debit Card,Small Business
ORD11055,21-03-2025,CUST1589,Palak Kapoor,Telangana,Hyderabad,South,Electronics,Monitor,4,24313,20,77801.6,70850.58,6951.02,First Class,Delivered,Debit Card,Small Business
ORD11056,22-08-2024,CUST1496,Aman Joshi,Madhya Pradesh,Indore,Central,Furniture,Bed,7,56355,25,295863.75,237227.98,58635.77,First Class,Delivered,Credit Card,Small Business
ORD11057,07-05-2024,CUST1307,Ananya Mehta,Uttar Pradesh,Noida,North,Electronics,Monitor,3,59150,10,159705,140626.33,19078.67,Second Class,Returned,UPI,Corporate
ORD11058,19-03-2026,CUST1073,Aditi Gupta,Telangana,Warangal,South,Electronics,Smartphone,7,57514,10,362338.2,282608.14,79730.06,Same Day,In Transit,Cash on Delivery,Small Business
ORD11059,14-08-2024,CUST1019,Shreya Chopra,Telangana,Warangal,South,Office Supplies,Notebook,7,13036,10,82126.8,63997.48,18129.32,Standard Class,Delivered,UPI,Corporate
ORD11060,30-05-2025,CUST1377,Riya Agarwal,Tamil Nadu,Coimbatore,South,Furniture,Chair,4,300,10,1080,890.94,189.06,Same Day,Cancelled,Debit Card,Enterprise
ORD11061,17-07-2024,CUST1765,Naina Mehta,Madhya Pradesh,Indore,Central,Office Supplies,Marker,6,27394,5,156145.8,96507.77,59638.03,Second Class,Returned,Debit Card,Small Business
ORD11062,26-08-2024,CUST1107,Harsh Saxena,Karnataka,Mysuru,South,Electronics,Headphones,7,49169,25,258137.25,219818.27,38318.98,Standard Class,In Transit,Credit Card,Corporate
ORD11063,02-04-2025,CUST1308,Muskan Agarwal,Delhi,New Delhi,North,Electronics,Monitor,1,29592,5,28112.4,25114.76,2997.64,First Class,Cancelled,Net Banking,Enterprise
ORD11064,14-12-2025,CUST1042,Ananya Sharma,Maharashtra,Nashik,West,Office Supplies,Marker,4,25917,15,88117.8,69468.9,18648.9,Same Day,Cancelled,Debit Card,Enterprise
ORD11065,21-05-2024,CUST1601,Mohit Singh,West Bengal,Siliguri,East,Furniture,Sofa,4,18894,20,60460.8,51361.56,9099.24,Second Class,Cancelled,,Small Business
ORD11066,01-05-2025,CUST1288,Manav Dubey,Uttar Pradesh,Lucknow,North,Office Supplies,Printer Paper,8,25712,15,174841.6,130600.04,44241.56,First Class,In Transit,UPI,Enterprise
ORD11067,18-03-2024,CUST1324,Diya Singh,Delhi,New Delhi,North,Electronics,Headphones,8,23185,5,176206,124104.82,52101.18,Same Day,In Transit,Credit Card,Consumer
ORD11068,16-01-2025,CUST1407,Ritika Verma,Gujarat,Ahmedabad,West,Furniture,Chair,5,48596,0,242980,213508.49,29471.51,Second Class,In Transit,Debit Card,Small Business
ORD11069,24-07-2024,CUST1693,Harsh Gupta,Delhi,New Delhi,North,Furniture,Bed,6,16321,10,88133.4,82302.57,5830.83,Same Day,Cancelled,UPI,Consumer
ORD11070,14-04-2026,CUST1315,Yash Singh,Uttar Pradesh,Lucknow,North,Electronics,Laptop,2,4796,0,9592,8224.8,1367.2,First Class,Cancelled,UPI,Consumer
ORD11071,21-11-2024,CUST1514,Mohit Bansal,Gujarat,Surat,West,Office Supplies,Notebook,2,36088,0,72176,60555.41,11620.59,Same Day,Returned,Net Banking,Enterprise
ORD11072,22-02-2025,CUST1523,Palak Bansal,Maharashtra,Nagpur,West,Furniture,Bed,2,33670,25,50505,43810.07,6694.93,Standard Class,Returned,Net Banking,Enterprise
ORD11073,12-01-2025,CUST1413,Aman Joshi,Delhi,New Delhi,North,Furniture,Table,1,48721,10,43848.9,37236.71,6612.19,First Class,Delivered,Cash on Delivery,Consumer
ORD11074,09-07-2024,CUST1508,Naina Mehta,Karnataka,Bengaluru,South,Furniture,Table,1,48040,5,45638,36555.49,9082.51,First Class,Delivered,Debit Card,Small Business
ORD11075,29-12-2024,CUST1068,Ritika Yadav,Rajasthan,Jaipur,North,Furniture,Bed,3,10395,0,31185,21476.54,9708.46,Standard Class,Cancelled,Net Banking,Consumer
ORD11076,16-09-2024,CUST1464,Karan Soni,Karnataka,Mysuru,South,Furniture,Table,4,36360,20,116352,103937.59,12414.41,First Class,In Transit,Debit Card,Enterprise
ORD11077,15-04-2024,CUST1017,Dev Saxena,Karnataka,Mysuru,South,Office Supplies,Notebook,4,21650,20,69280,47932.02,21347.98,Second Class,In Transit,Cash on Delivery,Enterprise
ORD11078,04-06-2026,CUST1508,Rajat Singh,Gujarat,Surat,West,Office Supplies,Stapler,7,27306,10,172027.8,158951.09,13076.71,First Class,Delivered,Credit Card,Consumer
ORD11079,17-01-2025,CUST1200,Karan Singh,West Bengal,Siliguri,East,Electronics,Monitor,4,767,5,2914.6,2111.25,803.35,Same Day,Returned,Cash on Delivery,Consumer
ORD10025,16-06-2026,CUST1637,Ankit Tiwari,Delhi,New Delhi,North,Furniture,Chair,8,36269,20,232121.6,165909.82,66211.78,Standard Class,Returned,UPI,Corporate
ORD11081,27-09-2025,CUST1182,Mohit Bansal,West Bengal,Siliguri,East,Electronics,Headphones,2,24893,15,42318.1,30503.17,11814.93,Second Class,Delivered,Cash on Delivery,Corporate
ORD11082,21-09-2024,CUST1394,Meera Saxena,Karnataka,Bengaluru,South,Furniture,Chair,1,13050,20,10440,6501.62,3938.38,First Class,In Transit,Cash on Delivery,Corporate
ORD11083,04-09-2024,CUST1781,Nikhil Soni,Karnataka,Bengaluru,South,Electronics,Headphones,6,37832,15,192943.2,166046.34,26896.86,Standard Class,In Transit,UPI,Small Business
ORD11084,12-09-2024,CUST1085,Varun Gupta,Maharashtra,Pune,West,Electronics,Laptop,5,47630,15,202427.5,127699.84,74727.66,First Class,Returned,Credit Card,Consumer
ORD11085,05-04-2025,CUST1451,Kavya Tiwari,West Bengal,Siliguri,East,Electronics,Smartphone,1,53183,10,47864.7,33691.55,14173.15,Standard Class,Delivered,UPI,Enterprise
ORD11086,25-12-2025,CUST1442,Neha Malhotra,Delhi,New Delhi,North,Furniture,Sofa,6,30124,15,153632.4,132046.71,21585.69,First Class,Returned,Debit Card,Consumer
ORD11087,04-09-2025,CUST1273,Vivaan Agarwal,Rajasthan,Jaipur,North,Furniture,Chair,3,26847,20,64432.8,58001.79,6431.01,Second Class,Delivered,Net Banking,Small Business
ORD11088,05-04-2024,CUST1017,Ritika Soni,Madhya Pradesh,Indore,Central,Electronics,Laptop,7,42189,15,251024.55,211239.07,39785.48,Second Class,In Transit,Debit Card,Corporate
ORD11089,04-06-2024,CUST1703,Tanvi Mehta,Rajasthan,Jaipur,North,Electronics,Smartphone,7,54216,20,303609.6,280465.24,23144.36,Same Day,Returned,Net Banking,Corporate
ORD11090,08-10-2025,CUST1277,Kavya Sharma,Gujarat,Surat,West,Office Supplies,Stapler,7,9768,0,68376,53687.29,14688.71,Standard Class,Delivered,UPI,Small Business
ORD11091,11-04-2025,CUST1050,Nikhil Sharma,Telangana,Hyderabad,South,Furniture,Sofa,8,8687,5,66021.2,52351.11,13670.09,Second Class,In Transit,Credit Card,Consumer
ORD11092,17-09-2024,CUST1195,Diya Saxena,Maharashtra,Nashik,West,Office Supplies,Pen Set,6,40549,15,206799.9,177280.38,29519.52,Same Day,Delivered,Credit Card,Small Business
ORD11093,02-04-2026,CUST1657,Karan Tiwari,Maharashtra,Nagpur,West,Electronics,Monitor,1,21904,25,16428,15582.73,845.27,Second Class,Cancelled,UPI,Enterprise
ORD11094,17-05-2026,CUST1307,Simran Soni,Maharashtra,Mumbai,West,Electronics,Smartphone,5,1038,15,4411.5,3856.14,555.36,First Class,Cancelled,Net Banking,Small Business
ORD11095,22-09-2024,CUST1209,Palak Singh,Maharashtra,Mumbai,West,Electronics,Laptop,6,28750,15,146625,137391.71,9233.29,Standard Class,Cancelled,Debit Card,Small Business
ORD10025,29-03-2025,CUST1745,Ananya Saxena,Tamil Nadu,Chennai,South,Electronics,Headphones,8,34989,20,223929.6,206991.82,16937.78,First Class,Cancelled,Cash on Delivery,Corporate
ORD11097,21-05-2024,CUST1605,Karan Tiwari,Maharashtra,Nashik,West,Furniture,Chair,7,42611,5,283363.15,257794.49,25568.66,Standard Class,Delivered,Credit Card,Enterprise
ORD11098,22-03-2024,CUST1771,Harsh Yadav,Maharashtra,Nagpur,West,Furniture,Wardrobe,5,43808,15,186184,170524.58,15659.42,Standard Class,In Transit,Cash on Delivery,Consumer
ORD11099,05-01-2026,CUST1583,Ankit Kapoor,Karnataka,Bengaluru,South,Furniture,Sofa,6,48031,5,273776.7,217937.7,55839,First Class,Delivered,Cash on Delivery,Consumer
ORD11100,25-08-2025,CUST1367,Rahul Patel,Karnataka,Bengaluru,South,Office Supplies,Printer Paper,5,29068,5,138073,109944.49,28128.51,Same Day,Cancelled,Credit Card,Consumer
ORD11101,18-09-2024,CUST1522,Simran Verma,Rajasthan,Udaipur,North,Furniture,Table,7,32537,0,227759,201051.97,26707.03,Same Day,Cancelled,Debit Card,Enterprise
ORD11102,01-07-2025,CUST1679,Karan Agarwal,Madhya Pradesh,Indore,Central,Furniture,Table,6,50944,25,229248,212912.1,16335.9,Second Class,In Transit,Cash on Delivery,Consumer
ORD11103,06-06-2025,CUST1526,Aman Joshi,Rajasthan,Jaipur,North,Furniture,Table,4,24678,5,93776.4,57635.64,36140.76,Same Day,Returned,Net Banking,Enterprise
ORD11104,12-08-2024,CUST1491,Dev Malhotra,Uttar Pradesh,Noida,North,Furniture,Wardrobe,7,18454,10,116260.2,102378.56,13881.64,First Class,Returned,Cash on Delivery,Enterprise
ORD11105,18-12-2024,CUST1700,Aditya Kapoor,Delhi,New Delhi,North,Electronics,Monitor,4,5518,15,18761.2,13373.58,5387.62,First Class,In Transit,Cash on Delivery,Enterprise
ORD11106,23-06-2025,CUST1395,Varun Verma,Karnataka,Mysuru,South,Office Supplies,Notebook,2,46452,25,69678,48906.74,20771.26,Second Class,Cancelled,Net Banking,Small Business
ORD11107,01-10-2024,CUST1627,Aditya Patel,Rajasthan,Jaipur,North,Furniture,Wardrobe,8,28013,10,201693.6,144639.69,57053.91,First Class,Returned,UPI,Small Business
ORD11108,31-08-2024,CUST1739,Riya Dubey,Rajasthan,Udaipur,North,Electronics,Laptop,7,29075,20,162820,131818.77,31001.23,Standard Class,In Transit,Debit Card,Corporate
ORD11109,01-05-2025,CUST1667,Nidhi Singh,Maharashtra,Mumbai,West,Electronics,Smartphone,1,5827,25,4370.25,3122.75,1247.5,Second Class,In Transit,,Corporate
ORD11110,06-05-2025,CUST1390,Muskan Jaiswal,Maharashtra,Nagpur,West,Furniture,Table,5,50813,25,190548.75,154357.99,36190.76,Standard Class,Returned,Net Banking,Consumer
ORD11111,14-03-2024,CUST1341,Varun Sharma,West Bengal,Kolkata,East,Electronics,Smartphone,4,59837,10,215413.2,170982.52,44430.68,Same Day,In Transit,Debit Card,Enterprise
ORD11112,17-01-2024,CUST1353,Meera Bansal,Delhi,New Delhi,North,Electronics,Tablet,-1,17318,10,93517.2,69753.55,23763.65,Second Class,Cancelled,UPI,Enterprise
ORD11113,06-12-2024,CUST1767,Meera Malhotra,Tamil Nadu,Coimbatore,South,Office Supplies,Marker,3,32690,5,93166.5,57467.63,35698.87,Same Day,Returned,Cash on Delivery,Consumer
ORD11114,30-11-2025,CUST1157,Mohit Mishra,Maharashtra,Pune,West,Furniture,Sofa,7,29327,25,153966.75,126143.12,27823.63,First Class,Delivered,Credit Card,Consumer
ORD11115,09-04-2025,CUST1348,Nidhi Verma,Uttar Pradesh,Noida,North,Office Supplies,Printer Paper,4,56619,0,226476,189277.81,37198.19,Second Class,Delivered,Credit Card,Enterprise
ORD11116,30-09-2024,CUST1295,Meera Mishra,Karnataka,Mysuru,South,Electronics,Headphones,6,26261,15,133931.1,110422.4,23508.7,Same Day,Delivered,Net Banking,Consumer
ORD11117,09-05-2025,CUST1383,Neha Jaiswal,Rajasthan,Udaipur,North,Electronics,Headphones,2,39990,20,63984,39838.74,24145.26,Standard Class,In Transit,Cash on Delivery,Small Business
ORD10025,09-10-2024,CUST1634,Ishita Yadav,Karnataka,Mysuru,South,Furniture,Table,6,13700,25,61650,39154.44,22495.56,Second Class,In Transit,Cash on Delivery,Small Business
ORD11119,19-08-2025,CUST1037,Sneha Jaiswal,Gujarat,Surat,West,Electronics,Smartwatch,7,23170,15,137861.5,120359.46,17502.04,Standard Class,Returned,Debit Card,Small Business
ORD11120,04-11-2025,CUST1504,Rajat Verma,Madhya Pradesh,Bhopal,Central,Furniture,Table,5,14791,15,62861.75,49532.87,13328.88,First Class,Cancelled,Cash on Delivery,Corporate
ORD11121,11-12-2025,CUST1246,Ananya Chopra,West Bengal,Kolkata,East,Office Supplies,Pen Set,1,32107,15,27290.95,25416.42,1874.53,Standard Class,Returned,Credit Card,Small Business
ORD11122,20-10-2025,CUST1258,Khushi Soni,Gujarat,Surat,West,Electronics,Laptop,1,7395,0,7395,6895.18,499.82,Same Day,In Transit,Debit Card,Small Business
ORD11123,09-01-2025,CUST1479,Akash Kapoor,Karnataka,Bengaluru,South,Office Supplies,Pen Set,8,8948,5,68004.8,49190.54,18814.26,First Class,Cancelled,Debit Card,Consumer
ORD11124,15-06-2026,CUST1664,Yash Soni,Karnataka,Mysuru,South,Furniture,Bed,5,6441,15,27374.25,21540.48,5833.77,Same Day,In Transit,Cash on Delivery,Small Business
ORD11125,21-11-2025,CUST1767,Harsh Sharma,Maharashtra,Pune,West,Furniture,Sofa,6,36420,0,218520,194897.21,23622.79,First Class,Cancelled,Cash on Delivery,Small Business
ORD11126,27-06-2025,CUST1791,Mohit Jaiswal,Rajasthan,Udaipur,North,Office Supplies,Notebook,7,26575,0,186025,121731.85,64293.15,Standard Class,In Transit,Net Banking,Corporate
ORD11127,06-04-2026,CUST1607,Karan Yadav,Karnataka,Mysuru,South,Electronics,Tablet,1,30675,0,30675,21106.48,9568.52,Standard Class,Returned,Net Banking,Enterprise
ORD11128,12-02-2024,CUST1530,Simran Joshi,Madhya Pradesh,Indore,Central,Office Supplies,Notebook,6,46969,10,253632.6,202948.43,50684.17,Second Class,Cancelled,Debit Card,Small Business
ORD11129,13-04-2024,CUST1019,Rahul Kapoor,Madhya Pradesh,Bhopal,Central,Electronics,Smartwatch,1,12714,20,10171.2,9038.39,1132.81,Same Day,Returned,Cash on Delivery,Consumer
ORD11130,23-10-2025,CUST1276,Mohit Patel,Gujarat,Ahmedabad,West,Furniture,Bed,1,25314,15,21516.9,17223.69,4293.21,Standard Class,Cancelled,Cash on Delivery,Enterprise
ORD11131,21-12-2025,CUST1159,Ankit Chopra,Madhya Pradesh,Indore,Central,Office Supplies,Pen Set,6,44758,0,268548,198525.17,70022.83,First Class,In Transit,Cash on Delivery,Enterprise
ORD11132,20-11-2025,CUST1364,Nikhil Sharma,Tamil Nadu,Chennai,South,Electronics,Smartphone,7,32103,5,213484.95,155588.91,57896.04,Same Day,Delivered,Net Banking,Consumer
ORD11133,24-08-2024,CUST1353,Mohit Mehta,Tamil Nadu,Chennai,South,Furniture,Table,5,51258,0,256290,240518.82,15771.18,Second Class,Delivered,UPI,Small Business
ORD11134,21-09-2025,CUST1232,Muskan Verma,Karnataka,Mysuru,South,Office Supplies,Pen Set,3,32476,25,73071,51764.56,21306.44,Same Day,In Transit,Debit Card,Enterprise
ORD11135,25-02-2026,CUST1683,Ishita Jain,Madhya Pradesh,Bhopal,Central,Electronics,Laptop,5,34289,0,171445,114629.16,56815.84,Standard Class,Cancelled,Credit Card,Small Business
ORD11136,20-05-2026,CUST1350,Akash Mehta,Rajasthan,Udaipur,North,Office Supplies,Stapler,3,25748,0,77244,60233.57,17010.43,Same Day,In Transit,Net Banking,Small Business
ORD11137,09-04-2026,CUST1129,Kavya Mehta,Madhya Pradesh,Indore,Central,Electronics,Headphones,7,28325,20,158620,100928.35,57691.65,Second Class,In Transit,Credit Card,Consumer
ORD11138,19-03-2026,CUST1657,Ankit Jaiswal,Karnataka,Bengaluru,South,Electronics,Smartphone,7,5613,0,39291,31627.42,7663.58,Second Class,Returned,Cash on Delivery,Small Business
ORD11139,04-07-2024,CUST1383,Muskan Singh,Delhi,New Delhi,North,Furniture,Sofa,5,24942,10,112239,94844.57,17394.43,First Class,Returned,Debit Card,Consumer
ORD11140,05-04-2025,CUST1192,Aditi Jaiswal,Maharashtra,Mumbai,West,Furniture,Wardrobe,6,5792,5,33014.4,24223.2,8791.2,Standard Class,Returned,Credit Card,Consumer
ORD11141,04-11-2024,CUST1799,Aditi Jain,Karnataka,Bengaluru,South,Furniture,Table,8,55086,25,330516,247918.01,82597.99,First Class,Cancelled,UPI,Small Business
ORD11142,05-09-2024,CUST1331,Karan Singh,Delhi,New Delhi,North,Electronics,Laptop,5,43576,20,174304,119457.6,54846.4,Standard Class,Delivered,UPI,Corporate
ORD11143,07-03-2026,CUST1404,Mohit Yadav,Tamil Nadu,Chennai,South,Office Supplies,Notebook,4,306,20,979.2,752.6,226.6,Same Day,Cancelled,UPI,Consumer
ORD11144,28-01-2026,CUST1618,Yash Chopra,West Bengal,Siliguri,East,Electronics,Headphones,4,51021,15,173471.4,126985.53,46485.87,Standard Class,Cancelled,Net Banking,Enterprise
ORD10025,12-07-2025,CUST1536,Karan Bansal,Madhya Pradesh,Indore,Central,Furniture,Table,2,32901,5,62511.9,38421.62,24090.28,Same Day,Delivered,Debit Card,Consumer
ORD11146,25-03-2026,CUST1410,Rishi Gupta,Tamil Nadu,Chennai,South,Electronics,Monitor,3,25570,10,69039,57234.67,11804.33,Same Day,Cancelled,Debit Card,Consumer
ORD11147,14-03-2026,CUST1256,Sneha Singh,Gujarat,Ahmedabad,West,Electronics,Tablet,4,40126,25,120378,73087.7,47290.3,Standard Class,Cancelled,UPI,Corporate
ORD11148,11-03-2024,CUST1755,Yash Chopra,Karnataka,Mysuru,South,Office Supplies,Notebook,8,44939,0,359512,231232.36,128279.64,Standard Class,In Transit,Net Banking,Corporate
ORD11149,09-09-2024,CUST1068,Aditya Chopra,Telangana,Warangal,South,Office Supplies,Marker,5,11678,0,58390,54667.87,3722.13,Second Class,Cancelled,Credit Card,Small Business
ORD10025,13-02-2026,CUST1025,Vivaan Bansal,West Bengal,Siliguri,East,Furniture,Table,3,7610,15,19405.5,15524.12,3881.38,Same Day,Returned,Debit Card,Consumer
ORD11151,15-07-2024,CUST1698,Tanvi Joshi,Maharashtra,Pune,West,Electronics,Tablet,4,49745,20,159184,141617.19,17566.81,Standard Class,Delivered,Net Banking,Small Business
ORD11152,10-08-2024,CUST1790,Shreya Kapoor,Tamil Nadu,Coimbatore,South,Office Supplies,Marker,5,22355,10,100597.5,73645.78,26951.72,First Class,Delivered,UPI,Corporate
ORD11153,29-03-2024,CUST1585,Meera Verma,Madhya Pradesh,Bhopal,Central,Electronics,Laptop,3,59895,20,143748,98552.22,45195.78,First Class,Cancelled,Cash on Delivery,Consumer
ORD11154,24-03-2024,CUST1497,Vivaan Sharma,Uttar Pradesh,Noida,North,Office Supplies,Stapler,8,6751,15,45906.8,42469.83,3436.97,Standard Class,In Transit,UPI,Small Business
ORD11155,16-12-2025,CUST1391,Rohan Malhotra,Delhi,New Delhi,North,Office Supplies,Stapler,5,5030,5,23892.5,16456.61,7435.89,First Class,Delivered,Net Banking,Small Business
ORD10025,26-07-2025,CUST1265,Khushi Bansal,Telangana,Hyderabad,South,Furniture,Wardrobe,6,13886,5,79150.2,59906.91,19243.29,Same Day,Cancelled,Net Banking,Enterprise
ORD11157,02-11-2025,CUST1731,Riya Mishra,Uttar Pradesh,Noida,North,Office Supplies,Notebook,7,18537,5,123271.05,87344.61,35926.44,Same Day,In Transit,UPI,Enterprise
ORD10025,09-01-2026,CUST1742,Palak Agarwal,Rajasthan,Jaipur,North,Electronics,Smartphone,5,38220,15,162435,140010.18,22424.82,First Class,Cancelled,Debit Card,Small Business
ORD11159,25-03-2025,CUST1742,Neha Bansal,Maharashtra,Mumbai,West,Electronics,Tablet,1,38646,10,34781.4,29401.35,5380.05,Standard Class,Delivered,Debit Card,Enterprise
ORD11160,19-05-2026,CUST1597,Mohit Chopra,Maharashtra,Nagpur,West,Office Supplies,Printer Paper,8,3572,15,24289.6,19626.56,4663.04,First Class,Cancelled,Net Banking,Consumer
ORD11161,05-01-2025,CUST1296,Simran Yadav,Maharashtra,Mumbai,West,Furniture,Wardrobe,8,25903,10,186501.6,169416.09,17085.51,First Class,Cancelled,Debit Card,Enterprise
ORD11162,27-11-2025,CUST1025,Karan Joshi,Maharashtra,Nashik,West,Electronics,Smartwatch,4,19601,20,62723.2,45050.86,17672.34,Second Class,Delivered,Cash on Delivery,Small Business
ORD11163,27-08-2025,CUST1746,Ankit Mehta,West Bengal,Siliguri,East,Furniture,Sofa,7,947,15,5634.65,4128.14,1506.51,Second Class,Cancelled,UPI,Corporate
ORD11164,12-04-2025,CUST1449,Vivaan Mishra,Telangana,Warangal,South,Furniture,Bed,1,41146,15,34974.1,31795.07,3179.03,First Class,Cancelled,UPI,Corporate
ORD11165,02-02-2026,CUST1777,Rohan Gupta,Telangana,Warangal,South,Electronics,Smartphone,8,30899,20,197753.6,131369.33,66384.27,Standard Class,Delivered,UPI,Enterprise
ORD11166,03-02-2024,CUST1416,Nikhil Jain,Madhya Pradesh,Bhopal,Central,Electronics,Headphones,7,11497,5,76455.05,63552.58,12902.47,Second Class,Returned,Credit Card,Corporate
ORD11167,15-09-2024,CUST1286,Yash Verma,Karnataka,Bengaluru,South,Electronics,Smartphone,4,40621,20,129987.2,120261.02,9726.18,Standard Class,Cancelled,UPI,Enterprise
ORD11168,14-07-2024,CUST1349,Meera Chopra,Telangana,Warangal,South,Furniture,Chair,7,40306,10,253927.8,210513.27,43414.53,Same Day,Returned,Credit Card,Small Business
ORD11169,28-09-2024,CUST1259,Aman Sharma,Maharashtra,Nagpur,West,,Monitor,1,2363,15,2008.55,1810.75,197.8,First Class,Returned,Cash on Delivery,Enterprise
ORD11170,14-11-2024,CUST1146,Nidhi Yadav,Rajasthan,Udaipur,North,Electronics,Laptop,1,16972,5,16123.4,11717.5,4405.9,Standard Class,Returned,Credit Card,Enterprise
ORD11171,30-05-2026,CUST1434,Vivaan Bansal,Delhi,New Delhi,North,Office Supplies,Pen Set,6,52675,0,316050,242690.04,73359.96,Same Day,Cancelled,UPI,Corporate
ORD11172,05-04-2024,CUST1636,Mohit Sharma,Maharashtra,Pune,West,Electronics,Smartphone,2,31692,0,63384,58039.94,5344.06,First Class,Cancelled,Net Banking,Corporate
ORD11173,26-04-2026,CUST1716,Rohan Bansal,West Bengal,Kolkata,East,Furniture,Bed,8,10651,20,68166.4,52758.89,15407.51,First Class,In Transit,Debit Card,Small Business
ORD11174,03-11-2024,CUST1117,Sneha Sharma,Rajasthan,Jaipur,North,Furniture,Chair,8,43881,20,280838.4,207063.74,73774.66,Standard Class,In Transit,Credit Card,Corporate
ORD11175,23-06-2025,CUST1499,Priya Singh,Telangana,Hyderabad,South,Furniture,Chair,6,5349,25,24070.5,14790.47,9280.03,First Class,Delivered,Credit Card,Consumer
ORD11176,10-01-2025,CUST1278,Palak Mehta,Maharashtra,Pune,West,Furniture,Chair,2,47592,15,80906.4,58762.18,22144.22,Same Day,Returned,Cash on Delivery,Enterprise
ORD11177,23-11-2024,CUST1665,Harsh Chopra,Gujarat,Ahmedabad,West,Electronics,Tablet,7,27400,5,182210,165092.49,17117.51,Standard Class,Delivered,Debit Card,Corporate
ORD11178,07-05-2025,CUST1547,Tanvi Malhotra,Delhi,New Delhi,North,Electronics,Smartphone,1,15260,25,11445,8462.26,2982.74,First Class,Returned,Cash on Delivery,Corporate
ORD11179,09-08-2024,CUST1407,Rishi Chopra,Karnataka,Mysuru,South,Furniture,Bed,3,59319,5,169059.15,142191.94,26867.21,Standard Class,Cancelled,UPI,Consumer
ORD11180,18-03-2024,CUST1274,Yash Agarwal,Uttar Pradesh,Noida,North,Electronics,Headphones,3,15215,5,43362.75,32108.71,11254.04,First Class,Delivered,Cash on Delivery,Enterprise
ORD11181,09-05-2025,CUST1685,Mohit Tiwari,Maharashtra,Nagpur,West,Electronics,Laptop,7,32728,20,183276.8,172908.06,10368.74,Standard Class,In Transit,Debit Card,Consumer
ORD11182,09-05-2024,CUST1243,Ankit Soni,Telangana,Hyderabad,South,Electronics,Headphones,3,36225,25,81506.25,69468.16,12038.09,Second Class,Cancelled,UPI,Small Business
ORD11183,15-04-2024,CUST1351,Sneha Saxena,Telangana,Hyderabad,South,Furniture,Wardrobe,6,33329,5,189975.3,153440.47,36534.83,First Class,Returned,UPI,Consumer
ORD11184,20-01-2024,CUST1477,Pooja Verma,Delhi,New Delhi,North,Office Supplies,Marker,2,18708,20,29932.8,19686.98,10245.82,Same Day,Returned,UPI,Small Business
ORD11185,13-05-2024,CUST1354,Shreya Dubey,Uttar Pradesh,Noida,North,Furniture,Bed,4,38395,15,130543,85565.45,44977.55,Standard Class,In Transit,UPI,Corporate
ORD11186,08-02-2026,CUST1264,Naina Joshi,Karnataka,Mysuru,South,Furniture,Table,-1,46617,15,277371.15,213022.64,64348.51,Second Class,Returned,Credit Card,Small Business
ORD11187,19-02-2025,CUST1770,Mohit Jain,Uttar Pradesh,Noida,North,Furniture,Table,7,23917,15,142306.15,90878.3,51427.85,First Class,In Transit,Cash on Delivery,Consumer
ORD11188,30-10-2024,CUST1128,Khushi Chopra,Rajasthan,Jaipur,North,Furniture,Table,5,35192,25,131970,80048.65,51921.35,Same Day,Cancelled,UPI,Consumer
ORD11189,04-05-2025,CUST1425,Riya Soni,Madhya Pradesh,Bhopal,Central,Electronics,Laptop,7,46009,10,289856.7,222907.11,66949.59,First Class,In Transit,Net Banking,Enterprise
ORD11190,05-09-2025,CUST1236,Khushi Gupta,Madhya Pradesh,Indore,Central,Electronics,Tablet,3,2366,5,6743.1,5019.61,1723.49,Standard Class,Returned,UPI,Consumer
ORD11191,05-07-2024,CUST1405,Manav Bansal,Gujarat,Ahmedabad,West,Furniture,Chair,2,49492,15,84136.4,55910.43,28225.97,Standard Class,Returned,Net Banking,Small Business
ORD11192,10-08-2024,CUST1337,Yash Bansal,Delhi,New Delhi,North,Office Supplies,Notebook,5,8449,20,33796,29707.18,4088.82,First Class,Cancelled,Debit Card,Corporate
ORD11193,07-05-2025,CUST1488,Meera Mehta,Maharashtra,Pune,West,Office Supplies,Pen Set,7,45052,15,268059.4,246362.09,21697.31,First Class,In Transit,Cash on Delivery,Consumer
ORD11194,16-02-2025,CUST1332,Rajat Kapoor,Rajasthan,Jaipur,North,Electronics,Smartphone,5,30672,25,115020,100387.2,14632.8,Standard Class,In Transit,Credit Card,Consumer
ORD11195,29-05-2024,CUST1462,Pooja Chopra,Telangana,Hyderabad,South,Electronics,Smartwatch,7,4627,25,24291.75,17225.7,7066.05,Same Day,In Transit,Debit Card,Small Business
ORD11196,26-09-2025,CUST1504,Diya Chopra,Karnataka,Bengaluru,South,Furniture,Sofa,3,42228,5,120349.8,77472.7,42877.1,Second Class,Delivered,Net Banking,Enterprise
ORD11197,13-02-2025,CUST1601,Yash Saxena,West Bengal,Siliguri,East,Office Supplies,Printer Paper,4,20239,5,76908.2,64554.32,12353.88,First Class,Returned,Credit Card,Corporate
ORD11198,27-04-2026,CUST1523,Tanvi Jaiswal,Rajasthan,Udaipur,North,Electronics,Smartwatch,4,22113,15,75184.2,50324.15,24860.05,Second Class,In Transit,UPI,Enterprise
ORD11199,09-03-2025,CUST1317,Aditi Yadav,Karnataka,Mysuru,South,Electronics,Monitor,4,3507,5,13326.6,12593.85,732.75,Second Class,In Transit,Debit Card,Enterprise
ORD11200,10-06-2024,CUST1056,Tanvi Dubey,Uttar Pradesh,Lucknow,North,Furniture,Wardrobe,6,12709,25,57190.5,50706.59,6483.91,Second Class,Returned,,Small Business
ORD11201,14-05-2025,CUST1725,Priya Sharma,Uttar Pradesh,Noida,North,Electronics,Smartphone,3,21607,0,64821,57470.22,7350.78,First Class,Returned,Debit Card,Enterprise
ORD11202,17-04-2026,CUST1703,Rohan Joshi,Maharashtra,Nagpur,West,Furniture,Chair,5,10153,5,48226.75,44049.17,4177.58,First Class,Returned,Net Banking,Small Business
ORD11203,31-03-2026,CUST1036,Rajat Joshi,Maharashtra,Pune,West,Electronics,Tablet,2,8824,10,15883.2,10822.81,5060.39,Standard Class,Delivered,Credit Card,Small Business
ORD11204,11-03-2024,CUST1631,Siddharth Sharma,Uttar Pradesh,Noida,North,Furniture,Table,5,40258,10,181161,167765.99,13395.01,Same Day,Delivered,Debit Card,Enterprise
ORD10025,11-06-2025,CUST1646,Diya Mehta,Uttar Pradesh,Noida,North,Electronics,Laptop,7,28527,5,189704.55,125354.33,64350.22,Second Class,Returned,Net Banking,Corporate
ORD11206,12-06-2026,CUST1549,Simran Malhotra,Maharashtra,Nashik,West,Electronics,Smartwatch,3,55602,0,166806,139278.48,27527.52,First Class,Cancelled,Credit Card,Small Business
ORD11207,17-11-2024,CUST1621,Nidhi Mishra,Maharashtra,Mumbai,West,Furniture,Chair,6,2922,10,15778.8,10316.89,5461.91,Same Day,Returned,Net Banking,Enterprise
ORD11208,01-06-2025,CUST1043,Naina Chopra,Tamil Nadu,Chennai,South,Electronics,Monitor,4,45598,15,155033.2,94321.04,60712.16,Standard Class,Delivered,UPI,Consumer
ORD11209,09-06-2025,CUST1537,Akash Kapoor,Uttar Pradesh,Noida,North,Furniture,Chair,4,39514,5,150153.2,115611.55,34541.65,Standard Class,In Transit,UPI,Small Business
ORD11210,04-06-2025,CUST1484,Muskan Dubey,Rajasthan,Udaipur,North,Furniture,Bed,4,36563,20,117001.6,74864.48,42137.12,First Class,Delivered,Cash on Delivery,Small Business
ORD11211,03-07-2025,CUST1776,Khushi Agarwal,Uttar Pradesh,Lucknow,North,Office Supplies,Notebook,7,22093,15,131453.35,113780.88,17672.47,Same Day,Cancelled,Credit Card,Consumer
ORD11212,24-04-2024,CUST1689,Yash Malhotra,Maharashtra,Pune,West,Furniture,Table,1,47648,25,35736,33743.02,1992.98,First Class,Cancelled,Credit Card,Corporate
ORD11213,30-12-2025,CUST1799,Manav Gupta,Tamil Nadu,Coimbatore,South,Electronics,Laptop,8,34001,5,258407.6,220810.1,37597.5,Second Class,Delivered,Net Banking,Enterprise
ORD11214,25-02-2025,CUST1472,Aditi Kapoor,West Bengal,Siliguri,East,Electronics,Tablet,6,18815,20,90312,71528.79,18783.21,First Class,Cancelled,Net Banking,Small Business
ORD11215,28-07-2025,CUST1345,Aman Mehta,Telangana,Warangal,South,Electronics,Headphones,7,29654,10,186820.2,116563.16,70257.04,Same Day,Delivered,UPI,Enterprise
ORD11216,06-11-2024,CUST1254,Ritika Dubey,Karnataka,Mysuru,South,Electronics,Monitor,6,54006,15,275430.6,185235.31,90195.29,Standard Class,Delivered,Net Banking,Corporate
ORD11217,20-12-2024,CUST1438,Varun Agarwal,Gujarat,Ahmedabad,West,Electronics,Laptop,3,23104,20,55449.6,49472.86,5976.74,Second Class,In Transit,Net Banking,Enterprise
ORD11218,07-05-2025,CUST1110,Karan Patel,Tamil Nadu,Chennai,South,Electronics,Smartphone,2,25007,15,42511.9,35736.76,6775.14,Second Class,Cancelled,UPI,Small Business
ORD11219,21-05-2024,CUST1383,Aarav Soni,Karnataka,Mysuru,South,Furniture,Chair,2,9609,10,17296.2,14402.12,2894.08,First Class,Returned,UPI,Consumer
ORD11220,17-07-2025,CUST1213,Simran Tiwari,West Bengal,Siliguri,East,Furniture,Chair,1,43834,20,35067.2,28234.43,6832.77,Same Day,Cancelled,Net Banking,Corporate
ORD11221,28-03-2026,CUST1790,Rohan Agarwal,Telangana,Warangal,South,Electronics,Smartwatch,2,25872,5,49156.8,29721.01,19435.79,Second Class,In Transit,UPI,Consumer
ORD11222,19-08-2024,CUST1018,Rishi Dubey,Maharashtra,Mumbai,West,Electronics,Tablet,3,40510,10,109377,89302.11,20074.89,First Class,Delivered,Net Banking,Enterprise
ORD11223,18-07-2024,CUST1367,Aditi Jain,Karnataka,Mysuru,South,Electronics,Smartwatch,3,33753,20,81007.2,62682.22,,Same Day,In Transit,Credit Card,Small Business
ORD11224,12-05-2024,CUST1229,Harsh Bansal,Maharashtra,Nagpur,West,Furniture,Chair,1,11074,5,10520.3,7232.01,3288.29,Standard Class,Returned,Net Banking,Enterprise
ORD11225,25-04-2026,CUST1268,Rajat Verma,Tamil Nadu,Chennai,South,Electronics,Laptop,6,34190,20,164112,140775.7,23336.3,Second Class,Delivered,Debit Card,Consumer
ORD11226,10-05-2024,CUST1499,Sneha Mishra,Delhi,New Delhi,North,Electronics,Headphones,2,55892,5,106194.8,71801.33,34393.47,First Class,Returned,Net Banking,Consumer
ORD11227,18-09-2025,CUST1330,Ritika Mehta,Gujarat,Surat,West,Furniture,Bed,2,21589,5,41019.1,31411.29,9607.81,First Class,Returned,Debit Card,Corporate
ORD11228,06-02-2025,CUST1195,Tanvi Kapoor,Maharashtra,Pune,West,Furniture,Sofa,3,16653,20,39967.2,31593.15,8374.05,Standard Class,In Transit,Net Banking,Corporate
ORD11229,02-02-2024,CUST1712,Aarav Kapoor,Tamil Nadu,Coimbatore,South,Electronics,Smartphone,2,55092,0,110184,101335.12,8848.88,Same Day,Cancelled,Cash on Delivery,Consumer
ORD11230,27-09-2024,CUST1465,Akash Sharma,Uttar Pradesh,Lucknow,North,Furniture,Table,7,619,15,3683.05,2319.75,1363.3,Standard Class,Delivered,Cash on Delivery,Corporate
ORD11231,23-02-2025,CUST1573,Naina Verma,Madhya Pradesh,Bhopal,Central,Office Supplies,Stapler,3,58421,10,157736.7,134738.43,22998.27,Second Class,Returned,UPI,Consumer
ORD11232,28-05-2026,CUST1575,Harsh Tiwari,Karnataka,Bengaluru,South,Electronics,Smartphone,2,33994,0,67988,43430.91,24557.09,Standard Class,Returned,UPI,Small Business
ORD11233,13-11-2024,CUST1319,Naina Sharma,Uttar Pradesh,Lucknow,North,Electronics,Monitor,2,29359,20,46974.4,39175.75,7798.65,Standard Class,Returned,Net Banking,Consumer
ORD11234,30-05-2025,CUST1469,Sneha Mishra,Telangana,Warangal,South,Furniture,Bed,8,6759,10,48664.8,40450.36,8214.44,Second Class,Delivered,UPI,Corporate
ORD11235,21-02-2026,CUST1156,Sneha Malhotra,Maharashtra,Nagpur,West,Furniture,Bed,5,20824,15,88502,56977.6,31524.4,First Class,Cancelled,Cash on Delivery,Small Business
ORD11236,25-09-2025,CUST1642,Priya Mishra,Rajasthan,Udaipur,North,Furniture,Chair,4,14276,15,48538.4,33633.89,14904.51,Same Day,Delivered,Cash on Delivery,Corporate
ORD11237,18-02-2025,CUST1307,Palak Joshi,Karnataka,Bengaluru,South,Furniture,Bed,5,6030,5,28642.5,25364,3278.5,Standard Class,Cancelled,UPI,Corporate
ORD11238,10-02-2025,CUST1247,Karan Jain,Maharashtra,Nashik,West,Electronics,Laptop,1,22985,15,19537.25,18050.68,1486.57,Standard Class,Delivered,UPI,Enterprise
ORD11239,01-02-2025,CUST1295,Rishi Patel,Gujarat,Surat,West,Electronics,Laptop,3,21310,5,60733.5,44861.27,15872.23,Standard Class,Returned,Net Banking,Small Business
ORD11240,15-04-2026,CUST1531,Palak Saxena,West Bengal,Siliguri,East,Furniture,Sofa,7,50983,25,267660.75,220191.76,47468.99,First Class,Returned,Cash on Delivery,Consumer
ORD11241,05-01-2024,CUST1771,Khushi Sharma,Tamil Nadu,Chennai,South,Electronics,Laptop,1,3709,15,3152.65,2772.05,380.6,Same Day,Cancelled,Credit Card,Enterprise
ORD11242,16-03-2024,CUST1452,Mohit Mehta,Karnataka,Mysuru,South,Furniture,Table,1,29307,20,23445.6,14914.74,8530.86,Same Day,Delivered,UPI,Small Business
ORD11243,09-04-2026,CUST1365,Pooja Verma,Gujarat,Ahmedabad,West,Office Supplies,Pen Set,5,19449,0,97245,90504.43,6740.57,Same Day,Cancelled,Debit Card,Corporate
ORD11244,21-04-2024,CUST1491,Rajat Bansal,Karnataka,Mysuru,South,Furniture,Bed,6,24712,5,140858.4,95795.56,45062.84,Standard Class,In Transit,Credit Card,Small Business
ORD11245,20-08-2025,CUST1184,Nidhi Jain,Karnataka,Bengaluru,South,Office Supplies,Notebook,5,40648,25,152430,133976.6,18453.4,Same Day,Returned,Credit Card,Enterprise
ORD11246,04-08-2025,CUST1310,Aman Mehta,Madhya Pradesh,Bhopal,Central,Furniture,Bed,4,7000,15,23800,16083.08,7716.92,Same Day,In Transit,Debit Card,Enterprise
ORD11247,03-12-2024,CUST1677,Akash Agarwal,Madhya Pradesh,Indore,Central,Office Supplies,Printer Paper,6,55630,20,267024,195365.58,71658.42,Second Class,Cancelled,,Enterprise
ORD11248,22-02-2026,CUST1493,Mohit Dubey,Gujarat,Surat,West,Furniture,Table,5,37981,5,180409.75,158194.24,22215.51,Same Day,Cancelled,UPI,Enterprise
ORD11249,18-04-2025,CUST1622,Arjun Patel,Maharashtra,Nagpur,West,Furniture,Chair,8,57394,5,436194.4,387630.6,48563.8,Standard Class,Delivered,Net Banking,Corporate
ORD11250,06-02-2025,CUST1309,Diya Sharma,Delhi,New Delhi,North,Furniture,Wardrobe,4,57669,10,207608.4,179070.63,28537.77,Second Class,Cancelled,UPI,Consumer
ORD11251,08-11-2025,CUST1135,Yash Jain,Uttar Pradesh,Noida,North,Electronics,Laptop,4,39475,25,118425,80892.32,37532.68,Standard Class,Cancelled,Net Banking,Corporate
ORD11252,02-02-2025,CUST1054,Siddharth Jain,Delhi,New Delhi,North,Furniture,Chair,6,1763,20,8462.4,7813.93,648.47,Standard Class,Delivered,UPI,Consumer
ORD11253,29-07-2025,CUST1264,Harsh Patel,Maharashtra,Nagpur,West,Electronics,Smartwatch,2,55649,20,89038.4,67748.04,21290.36,Standard Class,In Transit,UPI,Corporate
ORD11254,01-10-2025,CUST1052,Rajat Yadav,Maharashtra,Pune,West,Furniture,Table,5,43847,15,186349.75,166088.47,20261.28,Same Day,Cancelled,Credit Card,Corporate
ORD11255,22-04-2025,CUST1643,Meera Bansal,Gujarat,Ahmedabad,West,Electronics,Tablet,5,34883,0,174415,134792.55,39622.45,Same Day,Returned,Debit Card,Enterprise
ORD11256,06-08-2024,CUST1768,Simran Dubey,Maharashtra,Pune,West,,Laptop,3,57792,5,164707.2,100034.41,64672.79,Same Day,Returned,UPI,Enterprise
ORD11257,07-12-2025,CUST1642,Simran Mishra,Delhi,New Delhi,North,Office Supplies,Printer Paper,4,27296,10,98265.6,85255.43,13010.17,Second Class,Cancelled,Cash on Delivery,Corporate
ORD11258,30-05-2024,CUST1230,Harsh Yadav,Karnataka,Bengaluru,South,Electronics,Smartwatch,7,18151,0,127057,113437.81,13619.19,Standard Class,In Transit,Credit Card,Small Business
ORD11259,08-09-2025,CUST1246,Manav Malhotra,Maharashtra,Pune,West,Office Supplies,Marker,8,59936,0,479488,317028.69,162459.31,First Class,Returned,Credit Card,Corporate
ORD11260,11-09-2024,CUST1764,Aditi Gupta,Karnataka,Mysuru,South,Furniture,Sofa,5,45013,20,180052,125576.8,54475.2,Same Day,Cancelled,Cash on Delivery,Consumer
ORD11261,11-09-2025,CUST1724,Nidhi Saxena,Uttar Pradesh,Lucknow,North,Electronics,Smartphone,4,3236,15,11002.4,7593.05,3409.35,Standard Class,Returned,Cash on Delivery,Enterprise
ORD11262,16-12-2025,CUST1170,Ankit Joshi,Tamil Nadu,Coimbatore,South,Electronics,Tablet,1,50723,25,38042.25,34939.76,3102.49,Same Day,Cancelled,Cash on Delivery,Consumer
ORD11263,03-02-2025,CUST1241,Harsh Jaiswal,Maharashtra,Nagpur,West,Furniture,Table,1,46942,25,35206.5,24407.13,10799.37,Second Class,Delivered,Net Banking,Corporate
ORD11264,31-10-2024,CUST1074,Sneha Saxena,Uttar Pradesh,Noida,North,Electronics,Laptop,4,9752,5,37057.6,26436.9,10620.7,Standard Class,In Transit,Cash on Delivery,Small Business
ORD11265,30-04-2026,CUST1367,Arjun Chopra,Delhi,New Delhi,North,Furniture,Table,8,52409,20,335417.6,224209.18,111208.42,First Class,Returned,UPI,Corporate
ORD11266,04-02-2025,CUST1466,Pooja Malhotra,Karnataka,Mysuru,South,Electronics,Laptop,2,4419,15,7512.3,6283.25,1229.05,Second Class,Cancelled,Credit Card,Small Business
ORD11267,25-10-2024,CUST1747,Khushi Agarwal,Delhi,New Delhi,North,Office Supplies,Notebook,2,10706,10,19270.8,17957.04,,Second Class,In Transit,UPI,Consumer
ORD11268,14-08-2025,CUST1170,Neha Singh,Telangana,Warangal,South,Electronics,Smartphone,1,48900,20,39120,33048.53,6071.47,First Class,In Transit,Cash on Delivery,Enterprise
ORD11269,26-07-2024,CUST1085,Mohit Verma,Karnataka,Bengaluru,South,Furniture,Chair,8,44957,25,269742,211098.97,58643.03,Same Day,In Transit,Net Banking,Small Business
ORD11270,06-03-2024,CUST1631,Shreya Jain,Rajasthan,Udaipur,North,Furniture,Table,3,374,15,953.7,616.86,336.84,Standard Class,Returned,Credit Card,Enterprise
ORD11271,19-02-2026,CUST1214,Aditi Gupta,Karnataka,Bengaluru,South,Electronics,Monitor,3,32316,20,77558.4,65487.64,12070.76,Same Day,Returned,UPI,Corporate
ORD11272,03-02-2024,CUST1525,Rohan Jain,Gujarat,Surat,West,Electronics,Laptop,1,1400,10,1260,1146.29,113.71,First Class,Returned,Credit Card,Corporate
ORD11273,07-04-2025,CUST1137,Riya Gupta,Delhi,New Delhi,North,Electronics,Laptop,1,13949,15,11856.65,7158.54,4698.11,Second Class,Returned,UPI,Corporate
ORD11274,17-10-2025,CUST1281,Sneha Verma,Madhya Pradesh,Indore,Central,Electronics,Smartphone,5,44948,5,213503,193648.15,19854.85,Same Day,Returned,Credit Card,Consumer
ORD11275,01-03-2025,CUST1726,Rohan Mishra,West Bengal,Kolkata,East,Office Supplies,Stapler,1,56853,20,45482.4,29070.08,16412.32,Second Class,Delivered,Net Banking,Enterprise
ORD11276,17-09-2024,CUST1382,Tanvi Bansal,Gujarat,Surat,West,Furniture,Sofa,1,16500,5,15675,14112.91,1562.09,First Class,Delivered,UPI,Enterprise
ORD11277,24-10-2024,CUST1752,Varun Agarwal,Maharashtra,Nashik,West,Electronics,Smartwatch,1,2207,25,1655.25,1309.81,345.44,Standard Class,Delivered,Debit Card,Consumer
ORD11278,29-10-2024,CUST1098,Neha Sharma,Tamil Nadu,Coimbatore,South,Electronics,Smartwatch,3,33998,0,101994,82127.81,19866.19,First Class,Delivered,Debit Card,Consumer
ORD11279,05-05-2024,CUST1337,Meera Agarwal,Gujarat,Surat,West,Furniture,Bed,2,48094,25,72141,62798.22,9342.78,First Class,Returned,Credit Card,Corporate
ORD11280,16-07-2024,CUST1466,Ankit Saxena,Madhya Pradesh,Indore,Central,Furniture,Wardrobe,1,21458,20,17166.4,15331.46,1834.94,Same Day,Returned,Credit Card,Small Business
ORD11281,03-02-2026,CUST1692,Dev Yadav,Uttar Pradesh,Lucknow,North,Office Supplies,Pen Set,8,26715,5,203034,188506.27,14527.73,First Class,Delivered,UPI,Consumer
ORD11282,04-07-2024,CUST1474,Ananya Verma,Maharashtra,Nagpur,West,Furniture,Sofa,6,33396,25,150282,113070.78,37211.22,Second Class,Cancelled,UPI,Corporate
ORD11283,02-01-2025,CUST1546,Rohan Singh,Maharashtra,Nashik,West,Electronics,Headphones,1,15794,0,15794,10884.51,4909.49,Standard Class,Cancelled,UPI,Enterprise
ORD11284,20-12-2025,CUST1336,Dev Gupta,Maharashtra,Nagpur,West,Office Supplies,Printer Paper,3,40121,5,114344.85,83333.57,31011.28,First Class,Returned,Cash on Delivery,Corporate
ORD11285,23-05-2026,CUST1090,Mohit Mehta,Maharashtra,Nagpur,West,Furniture,Bed,6,29358,15,149725.8,121256.12,28469.68,Second Class,Cancelled,Cash on Delivery,Corporate
ORD11286,28-11-2024,CUST1785,Nidhi Mehta,Maharashtra,Nagpur,West,Furniture,Bed,7,9558,15,56870.1,51519.6,5350.5,Standard Class,Delivered,Net Banking,Consumer
ORD11287,21-04-2024,CUST1356,Neha Saxena,Telangana,Warangal,South,Office Supplies,Stapler,8,59940,0,479520,421640.62,57879.38,Second Class,In Transit,UPI,Corporate
ORD11288,05-02-2026,CUST1072,Harsh Gupta,Karnataka,Mysuru,South,Electronics,Headphones,4,18045,15,61353,46101.75,15251.25,Second Class,Delivered,Net Banking,Small Business
ORD11289,17-04-2024,CUST1648,Ritika Gupta,Delhi,New Delhi,North,Furniture,Table,8,38034,20,243417.6,156840.3,86577.3,Same Day,Delivered,Credit Card,Corporate
ORD11290,21-01-2026,CUST1658,Aman Tiwari,Telangana,Warangal,South,Furniture,Wardrobe,6,58036,5,330805.2,257921.34,72883.86,Same Day,Delivered,Cash on Delivery,Small Business
ORD11291,05-01-2024,CUST1481,Siddharth Yadav,Rajasthan,Udaipur,North,Electronics,Smartphone,1,46846,20,37476.8,22598.27,14878.53,Same Day,Returned,Cash on Delivery,Small Business
ORD11292,14-02-2024,CUST1462,Kavya Agarwal,Rajasthan,Udaipur,North,Furniture,Sofa,5,18360,0,91800,82390.47,9409.53,Second Class,Cancelled,Credit Card,Enterprise
ORD11293,04-08-2025,CUST1111,Aarav Patel,Gujarat,Surat,West,Electronics,Smartphone,5,50570,15,214922.5,191414.41,23508.09,Same Day,Delivered,Debit Card,Corporate
ORD11294,04-08-2025,CUST1758,Arjun Verma,Delhi,New Delhi,North,Office Supplies,Stapler,6,41269,25,185710.5,157616.86,28093.64,Same Day,Cancelled,Debit Card,Small Business
ORD11295,19-07-2025,CUST1073,Aditya Dubey,Tamil Nadu,Chennai,South,Office Supplies,Marker,6,27504,25,123768,116982.77,6785.23,Same Day,Returned,Credit Card,Small Business
ORD11296,05-04-2026,CUST1703,Manav Joshi,Gujarat,Surat,West,Office Supplies,Printer Paper,1,29223,25,21917.25,18289.36,3627.89,Same Day,Cancelled,UPI,Corporate
ORD11297,20-08-2025,CUST1160,Rahul Jain,Karnataka,Bengaluru,South,Furniture,Chair,8,33483,20,214291.2,144918.54,69372.66,Second Class,In Transit,Cash on Delivery,Small Business
ORD11298,23-02-2026,CUST1044,Aditya Mehta,Karnataka,Bengaluru,South,Office Supplies,Marker,6,8712,20,41817.6,29964.85,11852.75,Second Class,In Transit,UPI,Corporate
ORD11299,28-12-2025,CUST1338,Neha Sharma,Uttar Pradesh,Noida,North,Electronics,Smartphone,8,15790,10,113688,95841.77,17846.23,First Class,Cancelled,Credit Card,Small Business
ORD11300,26-10-2024,CUST1434,Aman Jaiswal,Gujarat,Ahmedabad,West,Electronics,Smartphone,4,17753,15,60360.2,46510.83,13849.37,First Class,Delivered,Cash on Delivery,Corporate
ORD11301,24-02-2025,CUST1116,Vivaan Chopra,Madhya Pradesh,Bhopal,Central,Electronics,Monitor,8,2946,5,22389.6,13721.73,8667.87,First Class,Delivered,Credit Card,Enterprise
ORD11302,23-04-2024,CUST1784,Rishi Soni,West Bengal,Siliguri,East,Office Supplies,Pen Set,5,52584,15,223482,196601.23,26880.77,Standard Class,In Transit,Cash on Delivery,Consumer
ORD11303,18-02-2025,CUST1105,Dev Verma,West Bengal,Kolkata,East,Furniture,Chair,7,21494,0,150458,113318.92,37139.08,Second Class,In Transit,Cash on Delivery,Corporate
ORD11304,11-09-2024,CUST1687,Rohan Malhotra,Gujarat,Ahmedabad,West,Electronics,Tablet,5,27675,20,110700,93346.79,17353.21,First Class,Returned,Debit Card,Small Business
ORD11305,14-03-2025,CUST1006,Palak Tiwari,Rajasthan,Udaipur,North,Furniture,Chair,3,26931,5,76753.35,65009.51,11743.84,Same Day,Cancelled,Cash on Delivery,Small Business
ORD11306,07-09-2025,CUST1063,Aditi Verma,Uttar Pradesh,Lucknow,North,Electronics,Smartphone,8,27065,5,205694,164924.51,40769.49,Same Day,Delivered,UPI,Corporate
ORD11307,03-12-2025,CUST1188,Kavya Mishra,Madhya Pradesh,Indore,Central,Electronics,Smartwatch,3,27993,20,67183.2,40718.41,26464.79,Standard Class,Cancelled,Debit Card,Small Business
ORD11308,18-04-2025,CUST1024,Nidhi Kapoor,Gujarat,Surat,West,Electronics,Headphones,1,28489,25,21366.75,19838.87,1527.88,Standard Class,Returned,UPI,Corporate
ORD11309,22-03-2025,CUST1613,Dev Joshi,Maharashtra,Pune,West,Furniture,Table,5,20472,20,81888,50083.32,31804.68,Second Class,Delivered,Net Banking,Corporate
ORD11310,21-01-2025,CUST1664,Tanvi Saxena,Madhya Pradesh,Indore,Central,Furniture,Table,2,48738,20,77980.8,51088.57,26892.23,Second Class,Delivered,UPI,Small Business
ORD10025,08-05-2024,CUST1148,Aditi Jaiswal,Karnataka,Mysuru,South,Electronics,Smartphone,7,2960,0,20720,18942.23,1777.77,Second Class,Cancelled,Net Banking,Small Business
ORD11312,31-03-2025,CUST1170,Priya Malhotra,Karnataka,Bengaluru,South,Electronics,Headphones,6,32377,25,145696.5,115029.69,30666.81,Second Class,Delivered,Net Banking,Corporate
ORD11313,25-10-2024,CUST1264,Siddharth Chopra,Maharashtra,Mumbai,West,Office Supplies,Printer Paper,7,38009,20,212850.4,131659.8,81190.6,Same Day,Returned,Cash on Delivery,Small Business
ORD11314,24-10-2025,CUST1436,Kavya Singh,Maharashtra,Nagpur,West,Furniture,Chair,7,53839,25,282654.75,250904.27,31750.48,Same Day,In Transit,Debit Card,Small Business
ORD11315,14-07-2025,CUST1549,Nidhi Jaiswal,Maharashtra,Nashik,West,Electronics,Headphones,8,45739,10,329320.8,251682.02,77638.78,Standard Class,Cancelled,UPI,Small Business
ORD11316,10-06-2025,CUST1512,Rohan Chopra,Delhi,New Delhi,North,Furniture,Chair,7,5863,5,38988.95,35741.51,3247.44,Same Day,In Transit,Cash on Delivery,Small Business
ORD11317,13-03-2024,CUST1724,Manav Patel,Maharashtra,Mumbai,West,Furniture,Table,3,58761,15,149840.55,125934.4,23906.15,Same Day,Returned,UPI,Enterprise
ORD11318,04-02-2024,CUST1342,Muskan Mishra,Maharashtra,Nagpur,West,Electronics,Smartwatch,2,42501,20,68001.6,63209.33,4792.27,Same Day,Delivered,Credit Card,Consumer
ORD11319,19-08-2025,CUST1536,Palak Soni,Madhya Pradesh,Bhopal,Central,Electronics,Smartwatch,6,41879,0,251274,163458.97,87815.03,Standard Class,In Transit,Debit Card,Corporate
ORD11320,27-03-2024,CUST1590,Arjun Saxena,Telangana,Warangal,South,Electronics,Tablet,5,5652,15,24021,21069.57,2951.43,Standard Class,Returned,Cash on Delivery,Consumer
ORD11321,11-01-2026,CUST1701,Kavya Gupta,Telangana,Hyderabad,South,Office Supplies,Notebook,8,276,25,1656,1291.77,364.23,Same Day,Delivered,Debit Card,Corporate
ORD11322,19-08-2024,CUST1230,Varun Dubey,Maharashtra,Nashik,West,Furniture,Chair,8,54398,10,391665.6,242979.67,148685.93,First Class,Cancelled,Cash on Delivery,Enterprise
ORD11323,09-03-2024,CUST1093,Ankit Gupta,Tamil Nadu,Chennai,South,Furniture,Sofa,7,5655,25,29688.75,18371.34,11317.41,Standard Class,Delivered,Net Banking,Consumer
ORD11324,19-02-2024,CUST1152,Simran Saxena,Rajasthan,Udaipur,North,Furniture,Sofa,1,47812,5,45421.4,27440.76,17980.64,First Class,Cancelled,Credit Card,Corporate
ORD11325,01-10-2025,CUST1617,Ishita Mishra,Madhya Pradesh,Indore,Central,Electronics,Laptop,3,40839,15,104139.45,75768.33,28371.12,First Class,Cancelled,Debit Card,Corporate
ORD11326,17-02-2026,CUST1171,Diya Soni,Uttar Pradesh,Noida,North,Electronics,Monitor,8,49231,10,354463.2,244239.93,110223.27,Second Class,Cancelled,Cash on Delivery,Small Business
ORD11327,06-01-2026,CUST1216,Yash Joshi,Gujarat,Ahmedabad,West,Electronics,Laptop,7,18826,0,131782,95176.61,36605.39,First Class,Delivered,Debit Card,Consumer
ORD11328,26-03-2026,CUST1769,Kavya Jaiswal,Uttar Pradesh,Lucknow,North,Electronics,Headphones,4,57111,15,194177.4,170156.71,24020.69,Same Day,Cancelled,Cash on Delivery,Consumer
ORD11329,07-04-2026,CUST1468,Rajat Mehta,Madhya Pradesh,Bhopal,Central,Furniture,Chair,6,22711,15,115826.1,100581.95,15244.15,Standard Class,Returned,Cash on Delivery,Small Business
ORD11330,11-06-2025,CUST1059,Manav Soni,Gujarat,Surat,West,Furniture,Chair,5,18082,20,72328,58896.41,13431.59,First Class,Cancelled,Credit Card,Small Business
ORD11331,25-07-2025,CUST1447,Riya Bansal,Madhya Pradesh,Bhopal,Central,Electronics,Tablet,6,1956,20,9388.8,7661.46,1727.34,Second Class,Returned,Debit Card,Corporate
ORD11332,28-02-2024,CUST1717,Vivaan Soni,Karnataka,Mysuru,South,Furniture,Chair,2,59271,0,118542,74881.23,43660.77,First Class,Delivered,Cash on Delivery,Small Business
ORD11333,19-03-2024,CUST1248,Ritika Verma,Delhi,New Delhi,North,Office Supplies,Stapler,6,39289,5,223947.3,198524.19,25423.11,Same Day,Delivered,Cash on Delivery,Corporate
ORD11334,16-02-2026,CUST1040,Karan Verma,Maharashtra,Nashik,West,Furniture,Table,5,45628,20,182512,110038.3,72473.7,Second Class,Cancelled,Debit Card,Corporate
ORD11335,26-04-2026,CUST1167,Mohit Patel,Delhi,New Delhi,North,Furniture,Table,1,22151,10,19935.9,14030.43,5905.47,Same Day,Delivered,Cash on Delivery,Corporate
ORD10025,28-10-2024,CUST1178,Riya Joshi,West Bengal,Siliguri,East,Furniture,Sofa,5,29485,10,132682.5,97562.6,35119.9,Second Class,Cancelled,UPI,Enterprise
ORD11337,06-07-2024,CUST1511,Riya Kapoor,Madhya Pradesh,Bhopal,Central,Furniture,Table,2,17386,15,29556.2,18546.01,11010.19,Standard Class,Returned,Debit Card,Corporate
ORD11338,26-04-2025,CUST1338,Khushi Chopra,Gujarat,Ahmedabad,West,Electronics,Smartwatch,8,38845,20,248608,194823.6,53784.4,First Class,Returned,Cash on Delivery,Small Business
ORD11339,19-05-2024,CUST1739,Simran Bansal,Uttar Pradesh,Noida,North,Office Supplies,Printer Paper,5,479,0,2395,2206.57,188.43,Second Class,Cancelled,UPI,Small Business
ORD11340,18-08-2025,CUST1213,Nikhil Chopra,West Bengal,Siliguri,East,Electronics,Smartwatch,6,43682,0,262092,247874.8,14217.2,Same Day,In Transit,Cash on Delivery,Consumer
ORD11341,05-09-2024,CUST1432,Manav Saxena,Maharashtra,Nagpur,West,Office Supplies,Stapler,5,51817,10,233176.5,178958.52,54217.98,First Class,Cancelled,UPI,Consumer
ORD11342,02-09-2024,CUST1063,Dev Mehta,West Bengal,Siliguri,East,Furniture,Bed,3,46419,5,132294.15,111845.54,20448.61,Standard Class,Cancelled,Debit Card,Small Business
ORD11343,05-04-2025,CUST1650,Karan Mehta,Telangana,Warangal,South,Office Supplies,Notebook,7,2501,5,16631.65,14091.89,2539.76,Second Class,In Transit,UPI,Corporate
ORD11344,14-06-2024,CUST1291,Ananya Chopra,Rajasthan,Jaipur,North,Office Supplies,Marker,2,35385,15,60154.5,49477.61,10676.89,Same Day,Returned,Net Banking,Corporate
ORD11345,11-07-2025,CUST1190,Arjun Malhotra,Uttar Pradesh,Lucknow,North,Electronics,Laptop,4,35825,25,107475,65024.28,42450.72,Same Day,Delivered,Net Banking,Enterprise
ORD11346,28-12-2024,CUST1443,Pooja Dubey,Maharashtra,Nagpur,West,Electronics,Headphones,6,33859,15,172680.9,126376.2,46304.7,First Class,Delivered,Cash on Delivery,Consumer
ORD11347,25-01-2025,CUST1443,Yash Singh,Maharashtra,Pune,West,Electronics,Laptop,3,43635,20,104724,88671.12,16052.88,Standard Class,Returned,,Small Business
ORD11348,04-04-2025,CUST1036,Ritika Gupta,Delhi,New Delhi,North,Electronics,Headphones,3,45595,20,109428,103579.29,5848.71,Second Class,Delivered,Credit Card,Consumer
ORD11349,20-06-2024,CUST1214,Naina Chopra,Gujarat,Ahmedabad,West,Office Supplies,Stapler,8,6174,25,37044,32010.55,5033.45,Second Class,Delivered,Credit Card,Enterprise
ORD11350,02-02-2025,CUST1139,Sneha Sharma,West Bengal,Siliguri,East,Office Supplies,Printer Paper,8,57393,25,344358,264530.84,79827.16,First Class,In Transit,Net Banking,Corporate
ORD11351,09-05-2025,CUST1459,Aman Tiwari,Telangana,Warangal,South,Office Supplies,Printer Paper,3,612,20,1468.8,1392.25,76.55,Second Class,Returned,Net Banking,Consumer
ORD11352,10-10-2025,CUST1355,Diya Singh,West Bengal,Kolkata,East,Electronics,Monitor,4,54193,5,205933.4,142729.54,63203.86,First Class,Cancelled,Credit Card,Small Business
ORD10025,31-12-2025,CUST1785,Tanvi Jain,,Lucknow,North,Electronics,Monitor,3,56480,15,144024,111603.77,32420.23,Standard Class,Returned,Debit Card,Corporate
ORD11354,13-08-2024,CUST1763,Ananya Mishra,Delhi,New Delhi,North,Furniture,Bed,4,4190,5,15922,13877.33,2044.67,Second Class,In Transit,Cash on Delivery,Small Business
ORD11355,12-02-2024,CUST1781,Nidhi Agarwal,Rajasthan,Udaipur,North,Office Supplies,Notebook,5,46677,5,221715.75,194229.82,27485.93,Second Class,Returned,Debit Card,Small Business
ORD11356,27-10-2024,CUST1106,Ananya Yadav,Karnataka,Mysuru,South,Furniture,Table,8,58682,15,399037.6,330097.33,68940.27,Same Day,Cancelled,Cash on Delivery,Consumer
ORD11357,24-06-2025,CUST1400,Aman Joshi,Delhi,New Delhi,North,Furniture,Sofa,7,57179,25,300189.75,228469.06,71720.69,Same Day,Delivered,Debit Card,Small Business
ORD11358,29-12-2025,CUST1182,Pooja Bansal,Telangana,Warangal,South,Furniture,Bed,8,49097,5,373137.2,250946.03,122191.17,Standard Class,In Transit,Debit Card,Small Business
ORD11359,14-06-2024,CUST1244,Aman Malhotra,Delhi,New Delhi,North,Office Supplies,Marker,1,892,25,669,600.2,68.8,First Class,Returned,Cash on Delivery,Small Business
ORD11360,26-11-2024,CUST1211,Ritika Soni,West Bengal,Siliguri,East,Electronics,Smartwatch,7,1774,25,9313.5,7397.76,1915.74,Standard Class,In Transit,UPI,Corporate
ORD11361,25-05-2025,CUST1093,Simran Verma,Uttar Pradesh,Lucknow,North,Furniture,Chair,2,16015,25,24022.5,22361.65,1660.85,Same Day,In Transit,Cash on Delivery,Corporate
ORD11362,18-03-2024,CUST1039,Aditi Soni,Karnataka,Mysuru,South,Furniture,Chair,6,58598,20,281270.4,245062.81,36207.59,Standard Class,Delivered,Debit Card,Corporate
ORD11363,13-10-2025,CUST1671,Nidhi Dubey,Karnataka,Mysuru,South,Office Supplies,Printer Paper,6,26656,15,135945.6,82574.93,53370.67,Same Day,In Transit,Cash on Delivery,Enterprise
ORD11364,14-12-2025,CUST1595,Rahul Bansal,Maharashtra,Nagpur,West,Office Supplies,Pen Set,7,43457,20,243359.2,177367.93,65991.27,First Class,Returned,Net Banking,Small Business
ORD11365,06-10-2025,CUST1396,Mohit Malhotra,Telangana,Warangal,South,Office Supplies,Notebook,6,21447,25,96511.5,66013.54,30497.96,Standard Class,Cancelled,UPI,Small Business
ORD11366,07-12-2025,CUST1320,Palak Gupta,Telangana,Warangal,South,Office Supplies,Stapler,4,41111,10,147999.6,137598.32,10401.28,First Class,In Transit,UPI,Enterprise
ORD11367,09-03-2024,CUST1624,Aditi Gupta,Uttar Pradesh,Lucknow,North,Furniture,Chair,7,42805,10,269671.5,170890.36,98781.14,Second Class,Delivered,Debit Card,Small Business
ORD11368,07-10-2025,CUST1394,Ishita Mehta,Tamil Nadu,Coimbatore,South,Electronics,Laptop,4,2845,25,8535,5525.79,3009.21,First Class,Cancelled,Credit Card,Consumer
ORD11369,28-05-2026,CUST1247,Ananya Kapoor,Telangana,Hyderabad,South,Electronics,Laptop,4,54105,25,162315,117975.68,44339.32,Standard Class,In Transit,Debit Card,Small Business
ORD10025,15-03-2026,CUST1022,Simran Jain,Maharashtra,Pune,West,Furniture,Bed,4,19176,25,57528,51339.35,6188.65,First Class,Delivered,Credit Card,Consumer
ORD11371,19-08-2025,CUST1581,Aarav Verma,Rajasthan,Jaipur,North,Electronics,Monitor,3,23372,15,59598.6,47684,11914.6,Standard Class,Returned,Net Banking,Small Business
ORD11372,31-08-2025,CUST1089,Tanvi Sharma,Maharashtra,Pune,West,,Pen Set,5,26849,0,134245,84603.93,49641.07,Second Class,Returned,Credit Card,Small Business
ORD11373,09-12-2025,CUST1180,Manav Malhotra,Rajasthan,Udaipur,North,Furniture,Table,4,39575,25,118725,97140.14,21584.86,Same Day,Cancelled,UPI,Corporate
ORD11374,26-09-2025,CUST1088,Ankit Bansal,Tamil Nadu,Coimbatore,South,Office Supplies,Notebook,2,10078,0,20156,17548.73,2607.27,Second Class,Delivered,Credit Card,Consumer
ORD11375,29-12-2025,CUST1071,Diya Bansal,Maharashtra,Nagpur,West,Furniture,Table,1,36641,20,29312.8,24202.22,5110.58,Same Day,Cancelled,Debit Card,Small Business
ORD11376,10-08-2024,CUST1196,Siddharth Mehta,Maharashtra,Mumbai,West,Office Supplies,Notebook,1,33828,5,32136.6,20070.47,12066.13,Same Day,In Transit,UPI,Enterprise
ORD11377,29-12-2025,CUST1712,Aman Kapoor,West Bengal,Kolkata,East,Furniture,Bed,8,3728,10,26841.6,25253.38,1588.22,Same Day,Delivered,UPI,Corporate
ORD11378,06-06-2026,CUST1030,Pooja Kapoor,Madhya Pradesh,Indore,Central,Furniture,Wardrobe,8,19242,0,153936,109659.51,44276.49,Second Class,In Transit,Credit Card,Consumer
ORD11379,19-03-2024,CUST1262,Varun Mishra,Rajasthan,Jaipur,North,Electronics,Tablet,6,28371,0,170226,159221.29,11004.71,Same Day,Cancelled,Debit Card,Consumer
ORD11380,19-08-2024,CUST1077,Neha Joshi,Rajasthan,Udaipur,North,Furniture,Table,6,46565,25,209542.5,159405.39,50137.11,Second Class,Delivered,Net Banking,Consumer
ORD11381,18-11-2025,CUST1762,Rohan Mehta,Rajasthan,Udaipur,North,,Stapler,2,6283,25,9424.5,8862.3,562.2,Standard Class,Returned,Net Banking,Consumer
ORD10025,24-01-2024,CUST1013,Naina Patel,West Bengal,Siliguri,East,Office Supplies,Printer Paper,1,28021,15,23817.85,21540.3,2277.55,First Class,Cancelled,Cash on Delivery,Enterprise
ORD11383,30-01-2024,CUST1504,Pooja Jaiswal,Delhi,New Delhi,North,Office Supplies,Printer Paper,4,14499,25,43497,33119.68,10377.32,First Class,Delivered,UPI,Enterprise
ORD11384,01-11-2024,CUST1220,Neha Agarwal,Uttar Pradesh,Lucknow,North,Electronics,Laptop,7,13169,5,87573.85,58141.33,29432.52,Same Day,Returned,Cash on Delivery,Enterprise
ORD11385,06-01-2024,CUST1591,Varun Joshi,Karnataka,Bengaluru,South,Furniture,Table,4,30878,10,111160.8,90031.64,21129.16,Second Class,In Transit,Cash on Delivery,Small Business
ORD11386,10-06-2026,CUST1115,Manav Soni,Uttar Pradesh,Lucknow,North,Furniture,Wardrobe,6,48873,10,263914.2,191238.76,72675.44,Standard Class,Cancelled,UPI,Corporate
ORD11387,30-07-2024,CUST1560,Simran Mehta,Uttar Pradesh,Lucknow,North,Furniture,Table,7,32680,20,183008,145725.21,37282.79,Same Day,In Transit,,Corporate
ORD11388,25-03-2025,CUST1372,Varun Mishra,Maharashtra,Pune,West,Furniture,Chair,5,45738,5,217255.5,161620.3,55635.2,First Class,Cancelled,Net Banking,Small Business
ORD11389,31-03-2024,CUST1133,Naina Jain,Telangana,Warangal,South,Office Supplies,Pen Set,2,25948,5,49301.2,38054.75,11246.45,Same Day,In Transit,UPI,Enterprise
ORD11390,09-06-2025,CUST1309,Rohan Malhotra,Delhi,New Delhi,North,Furniture,Bed,7,2645,0,18515,12794.82,5720.18,Standard Class,Delivered,Debit Card,Small Business
ORD10025,20-12-2025,CUST1388,Aman Kapoor,Rajasthan,Udaipur,North,Electronics,Headphones,2,46516,10,83728.8,71083.13,12645.67,Standard Class,Cancelled,Cash on Delivery,Enterprise
ORD11392,12-06-2025,CUST1622,Rahul Jaiswal,Maharashtra,Nagpur,West,Electronics,Laptop,4,57704,15,196193.6,122943.7,73249.9,Same Day,Delivered,Debit Card,Small Business
ORD11393,09-09-2024,CUST1388,Karan Mishra,Delhi,New Delhi,North,Electronics,Tablet,5,11698,25,43867.5,32434.87,11432.63,First Class,In Transit,Net Banking,Enterprise
ORD11394,03-12-2025,CUST1322,Sneha Jain,Maharashtra,Nagpur,West,Office Supplies,Printer Paper,5,57693,25,216348.75,150457.99,65890.76,First Class,Returned,Net Banking,Enterprise
ORD11395,20-05-2024,CUST1155,Kavya Sharma,Maharashtra,Pune,West,Office Supplies,Notebook,2,39585,15,67294.5,55533.78,11760.72,Second Class,In Transit,Cash on Delivery,Enterprise
ORD11396,31-03-2025,CUST1761,Ritika Chopra,Rajasthan,Udaipur,North,Office Supplies,Printer Paper,2,42905,25,64357.5,60371.64,3985.86,Same Day,In Transit,Cash on Delivery,Small Business
ORD11397,31-01-2024,CUST1799,Manav Singh,Gujarat,Ahmedabad,West,Office Supplies,Pen Set,8,1607,20,10284.8,6868.06,3416.74,Standard Class,Cancelled,Debit Card,Consumer
ORD11398,15-04-2026,CUST1540,Neha Singh,Telangana,Hyderabad,South,Electronics,Monitor,5,56307,0,281535,192623.95,88911.05,First Class,Returned,Credit Card,Enterprise
ORD11399,04-12-2024,CUST1729,Neha Verma,Rajasthan,Jaipur,North,Electronics,Smartwatch,3,53315,15,135953.25,125727.31,10225.94,First Class,Delivered,Debit Card,Corporate
ORD11400,21-05-2024,CUST1086,Yash Agarwal,Gujarat,Surat,West,Electronics,Headphones,7,28232,20,158099.2,113081.41,45017.79,Same Day,Returned,Net Banking,Corporate
ORD11401,05-01-2026,CUST1068,Ankit Saxena,Tamil Nadu,Chennai,South,Furniture,Chair,2,27391,25,41086.5,37435.87,3650.63,Same Day,In Transit,Debit Card,Small Business
ORD11402,15-04-2026,CUST1419,Mohit Jain,Tamil Nadu,Coimbatore,South,Furniture,Sofa,3,15550,10,41985,35097.58,6887.42,Second Class,In Transit,Credit Card,Enterprise
ORD11403,23-07-2025,CUST1105,Arjun Patel,Karnataka,Mysuru,South,Furniture,Chair,1,6130,15,5210.5,3149.57,2060.93,First Class,Returned,Net Banking,Enterprise
ORD11404,23-05-2026,CUST1295,Ishita Dubey,West Bengal,Kolkata,East,Electronics,Tablet,5,36863,10,165883.5,104747.43,61136.07,Second Class,Returned,Debit Card,Corporate
ORD11405,31-12-2025,CUST1367,Karan Jaiswal,Rajasthan,Jaipur,North,Furniture,Bed,3,44404,20,106569.6,94142.23,12427.37,Same Day,Delivered,Credit Card,Consumer
ORD11406,28-04-2025,CUST1098,Meera Mehta,Uttar Pradesh,Noida,North,Office Supplies,Marker,5,41960,15,178330,166329.27,12000.73,First Class,In Transit,UPI,Enterprise
ORD11407,28-04-2024,CUST1426,Ritika Mishra,West Bengal,Siliguri,East,Electronics,Monitor,1,32158,25,24118.5,19340.63,4777.87,Standard Class,Returned,Net Banking,Small Business
ORD11408,30-03-2026,CUST1310,Ananya Kapoor,Karnataka,Bengaluru,South,Office Supplies,Stapler,4,4155,20,13296,10106.51,3189.49,First Class,Cancelled,Credit Card,Small Business
ORD11409,15-01-2026,CUST1507,Aman Dubey,West Bengal,Kolkata,East,Electronics,Monitor,8,19362,20,123916.8,103612,20304.8,Standard Class,Delivered,Net Banking,Consumer
ORD11410,14-01-2026,CUST1789,Muskan Saxena,Gujarat,Surat,West,Electronics,Tablet,2,10477,0,20954,18079.9,2874.1,Standard Class,In Transit,Credit Card,Enterprise
ORD11411,16-03-2025,CUST1369,Manav Saxena,Tamil Nadu,Chennai,South,Furniture,Bed,7,47911,0,335377,218645.98,116731.02,Second Class,In Transit,Cash on Delivery,Small Business
ORD11412,15-01-2024,CUST1193,Nidhi Mehta,Tamil Nadu,Coimbatore,South,Electronics,Monitor,3,7305,25,16436.25,9868.45,6567.8,Same Day,Delivered,Cash on Delivery,Consumer
ORD11413,08-02-2026,CUST1593,Aditi Chopra,Tamil Nadu,Chennai,South,Furniture,Chair,7,46966,25,246571.5,213851.39,32720.11,Second Class,Delivered,Net Banking,Consumer
ORD11414,18-05-2025,CUST1739,Palak Mishra,Telangana,Hyderabad,South,Electronics,Tablet,3,44265,25,99596.25,83864.78,15731.47,Same Day,Cancelled,Credit Card,Enterprise
ORD11415,13-03-2025,CUST1482,Kavya Jaiswal,Delhi,New Delhi,North,Furniture,Sofa,6,26084,10,140853.6,106284.55,34569.05,First Class,Returned,UPI,Corporate
ORD11416,29-05-2026,CUST1041,Simran Kapoor,Tamil Nadu,Coimbatore,South,Office Supplies,Pen Set,8,31436,20,201190.4,145361.82,55828.58,First Class,Returned,Credit Card,Corporate
ORD11417,31-01-2026,CUST1398,Aarav Jaiswal,Maharashtra,Nashik,West,Office Supplies,Marker,4,4023,5,15287.4,9841.3,5446.1,First Class,Returned,Credit Card,Small Business
ORD11418,10-02-2024,CUST1750,Ananya Saxena,West Bengal,Kolkata,East,Electronics,Headphones,1,30441,10,27396.9,23874.91,3521.99,Second Class,Returned,UPI,Enterprise
ORD11419,05-05-2024,CUST1128,Aditi Saxena,Telangana,Hyderabad,South,Furniture,Sofa,8,26395,25,158370,121552.54,36817.46,Second Class,Cancelled,Cash on Delivery,Consumer
ORD11420,01-08-2024,CUST1198,Nidhi Gupta,Maharashtra,Nagpur,West,Office Supplies,Printer Paper,7,47604,15,283243.8,229474.98,53768.82,Same Day,Cancelled,Credit Card,Corporate
ORD11421,23-05-2024,CUST1224,Priya Bansal,West Bengal,Kolkata,East,Electronics,Tablet,7,10642,20,59595.2,40572.84,19022.36,Second Class,In Transit,Debit Card,Corporate
ORD11422,15-11-2024,CUST1145,Pooja Sharma,Maharashtra,Pune,West,Office Supplies,Marker,1,652,20,521.6,439.46,82.14,Second Class,Returned,UPI,Corporate
ORD11423,09-10-2025,CUST1641,Harsh Saxena,Madhya Pradesh,Indore,Central,Electronics,Smartphone,4,58323,5,221627.4,185940.94,35686.46,Second Class,Returned,Debit Card,Enterprise
ORD11424,13-01-2024,CUST1275,Aarav Mehta,Gujarat,Ahmedabad,West,Electronics,Monitor,8,58582,20,374924.8,307092.62,67832.18,Second Class,Cancelled,UPI,Small Business
ORD11425,30-10-2025,CUST1642,Pooja Saxena,Madhya Pradesh,Indore,Central,Furniture,Bed,7,35612,0,249284,227540.43,21743.57,First Class,Returned,Debit Card,Small Business
ORD11426,21-03-2025,CUST1296,Akash Verma,Karnataka,Bengaluru,South,Electronics,Smartwatch,4,30580,20,97856,81616.9,16239.1,First Class,In Transit,Credit Card,Enterprise
ORD11427,22-06-2025,CUST1569,Rajat Jaiswal,Karnataka,Mysuru,South,Furniture,Sofa,4,17440,25,52320,48999.97,3320.03,Standard Class,In Transit,Cash on Delivery,Enterprise
ORD11428,16-01-2025,CUST1023,Neha Malhotra,Gujarat,Surat,West,Office Supplies,Stapler,4,44615,5,169537,106487.2,63049.8,Second Class,Delivered,Cash on Delivery,Small Business
ORD11429,10-05-2024,CUST1339,Ishita Jain,Madhya Pradesh,Bhopal,Central,Office Supplies,Pen Set,2,44825,25,67237.5,57462.48,9775.02,Same Day,Cancelled,Net Banking,Enterprise
ORD11430,05-04-2024,CUST1304,Simran Tiwari,Gujarat,Ahmedabad,West,Electronics,Smartwatch,4,19707,15,67003.8,49994.41,17009.39,Same Day,In Transit,Credit Card,Small Business
ORD11431,30-05-2024,CUST1480,Ananya Saxena,Madhya Pradesh,Indore,Central,Office Supplies,Notebook,4,34785,10,125226,83252.68,41973.32,Second Class,In Transit,UPI,Small Business
ORD11432,28-02-2025,CUST1233,Vivaan Mishra,Delhi,New Delhi,North,Electronics,Monitor,8,19530,5,148428,118811.62,29616.38,First Class,Returned,Cash on Delivery,Small Business
ORD11433,09-11-2025,CUST1668,Shreya Tiwari,Maharashtra,Nagpur,West,Electronics,Monitor,5,27381,10,123214.5,92708.8,30505.7,Second Class,Delivered,Net Banking,Consumer
ORD11434,06-04-2026,CUST1478,Shreya Mishra,Telangana,Hyderabad,South,Electronics,Smartphone,2,1228,25,1842,1199.63,642.37,Same Day,Cancelled,Credit Card,Corporate
ORD11435,23-06-2024,CUST1747,Aarav Mishra,Delhi,New Delhi,North,Furniture,Bed,4,47373,25,142119,126399.27,15719.73,First Class,Cancelled,Debit Card,Corporate
ORD11436,04-02-2024,CUST1617,Rajat Kapoor,Gujarat,Ahmedabad,West,Electronics,Smartwatch,1,52428,0,52428,42104.46,10323.54,First Class,Cancelled,Net Banking,Consumer
ORD11437,03-04-2025,CUST1792,Rohan Mehta,Madhya Pradesh,Indore,Central,Office Supplies,Printer Paper,7,20486,10,129061.8,119174.53,9887.27,Second Class,Cancelled,Cash on Delivery,Small Business
ORD11438,05-09-2025,CUST1202,Meera Soni,Gujarat,Surat,West,Electronics,Smartwatch,1,51769,20,41415.2,34573.96,6841.24,Standard Class,Cancelled,Debit Card,Small Business
ORD11439,04-03-2025,CUST1445,Mohit Patel,Gujarat,Ahmedabad,West,Electronics,Tablet,8,53586,5,407253.6,346377.47,60876.13,First Class,Returned,Net Banking,Corporate
ORD11440,28-05-2025,CUST1586,Akash Verma,Madhya Pradesh,Indore,Central,Furniture,Wardrobe,1,48971,25,36728.25,26222.27,10505.98,First Class,Cancelled,Net Banking,Small Business
ORD11441,30-08-2025,CUST1541,Aditya Agarwal,Uttar Pradesh,Lucknow,North,Furniture,Bed,5,48706,15,207000.5,156262.59,50737.91,Second Class,Cancelled,Debit Card,Corporate
ORD11442,08-02-2025,CUST1161,Dev Saxena,Rajasthan,Udaipur,North,Electronics,Smartwatch,6,40764,5,232354.8,180348.54,52006.26,First Class,Delivered,Credit Card,Corporate
ORD11443,14-06-2026,CUST1237,Varun Bansal,Maharashtra,Nashik,West,Electronics,Headphones,3,17581,5,50105.85,35292.54,14813.31,First Class,Cancelled,Cash on Delivery,Small Business
ORD11444,31-05-2025,CUST1462,Riya Singh,Maharashtra,Mumbai,West,Electronics,Laptop,6,25685,0,154110,136832.82,17277.18,Standard Class,Delivered,Credit Card,Small Business
ORD11445,01-03-2024,CUST1217,Simran Soni,Uttar Pradesh,Noida,North,Furniture,Bed,7,245,10,1543.5,1243.43,300.07,Same Day,Returned,Net Banking,Small Business
ORD11446,11-04-2026,CUST1346,Khushi Tiwari,Tamil Nadu,Chennai,South,Furniture,Chair,7,5512,5,36654.8,24269.02,12385.78,Second Class,Cancelled,Debit Card,Small Business
ORD11447,17-06-2025,CUST1616,Arjun Kapoor,Telangana,Warangal,South,Furniture,Chair,1,2979,10,2681.1,1723.73,957.37,Second Class,In Transit,Debit Card,Corporate
ORD11448,19-11-2024,CUST1767,Karan Sharma,Uttar Pradesh,Noida,North,Furniture,Bed,1,6780,5,6441,5027,1414,Standard Class,In Transit,Cash on Delivery,Small Business
ORD11449,26-05-2026,CUST1301,Mohit Singh,Rajasthan,Udaipur,North,Electronics,Headphones,1,7142,0,7142,4456.63,2685.37,Same Day,Delivered,Cash on Delivery,Consumer
ORD11450,28-02-2026,CUST1592,Khushi Bansal,Uttar Pradesh,Lucknow,North,Electronics,Monitor,2,39373,10,70871.4,57593.99,13277.41,Second Class,Cancelled,Debit Card,Consumer
ORD11451,24-03-2025,CUST1083,Mohit Mishra,Uttar Pradesh,Noida,North,Electronics,Laptop,4,54812,20,175398.4,130518.24,44880.16,Same Day,Cancelled,UPI,Enterprise
ORD11452,08-02-2026,CUST1571,Rajat Agarwal,Maharashtra,Mumbai,West,Furniture,Wardrobe,3,39354,5,112158.9,95054.37,17104.53,First Class,Delivered,Net Banking,Consumer
ORD11453,18-07-2024,CUST1286,Yash Jaiswal,Gujarat,Ahmedabad,West,Electronics,Headphones,4,13801,5,52443.8,32828.72,19615.08,First Class,In Transit,Credit Card,Consumer
ORD11454,27-04-2025,CUST1507,Priya Soni,Telangana,Warangal,South,Electronics,Laptop,4,31526,25,94578,59164.65,35413.35,First Class,Cancelled,Credit Card,Enterprise
ORD11455,18-03-2026,CUST1758,Palak Gupta,Karnataka,Bengaluru,South,Electronics,Laptop,2,45452,5,86358.8,79172.92,7185.88,Standard Class,In Transit,UPI,Enterprise
ORD11456,22-04-2024,CUST1120,Riya Chopra,Gujarat,Surat,West,Office Supplies,Marker,6,32337,25,145516.5,92061.86,53454.64,Same Day,Delivered,UPI,Consumer
ORD11457,31-12-2024,CUST1597,Naina Chopra,Uttar Pradesh,Lucknow,North,Office Supplies,Printer Paper,4,13023,0,52092,34575.46,17516.54,Same Day,In Transit,UPI,Enterprise
ORD11458,05-12-2025,CUST1517,Aarav Jain,Rajasthan,Jaipur,North,Electronics,Tablet,6,39523,15,201567.3,160092.82,41474.48,Standard Class,Delivered,Cash on Delivery,Enterprise
ORD11459,01-04-2024,CUST1066,Diya Jaiswal,Gujarat,Surat,West,Office Supplies,Notebook,5,23747,0,118735,85527.55,33207.45,Standard Class,In Transit,Net Banking,Consumer
ORD11460,06-04-2026,CUST1416,Siddharth Malhotra,Telangana,Warangal,South,Furniture,Chair,1,16791,10,15111.9,13018.95,2092.95,Standard Class,Cancelled,UPI,Small Business
ORD11461,26-12-2024,CUST1030,Kavya Verma,Maharashtra,Pune,West,Electronics,Headphones,6,17476,10,94370.4,75318.31,19052.09,Standard Class,Returned,Cash on Delivery,Consumer
ORD11462,24-07-2025,CUST1225,Varun Verma,Delhi,New Delhi,North,Furniture,Bed,5,22513,15,95680.25,71881.65,23798.6,First Class,Delivered,Net Banking,Small Business
ORD11463,30-05-2026,CUST1666,Rishi Saxena,Maharashtra,Nagpur,West,Electronics,Smartphone,1,19228,20,15382.4,11162.71,4219.69,Same Day,In Transit,Debit Card,Corporate
ORD11464,18-07-2024,CUST1045,Mohit Agarwal,Gujarat,Surat,West,Furniture,Bed,2,57749,20,92398.4,81518.28,10880.12,Same Day,Returned,Net Banking,Corporate
ORD11465,15-01-2024,CUST1137,Muskan Singh,Telangana,Warangal,South,Electronics,Tablet,7,58536,20,327801.6,233414.1,94387.5,Same Day,In Transit,Cash on Delivery,Enterprise
ORD11466,21-03-2025,CUST1008,Tanvi Verma,West Bengal,Kolkata,East,Electronics,Smartwatch,7,9185,25,48221.25,38048.98,10172.27,Second Class,Returned,Cash on Delivery,Corporate
ORD11467,09-02-2025,CUST1378,Aditya Dubey,Karnataka,Mysuru,South,Office Supplies,Stapler,7,31861,25,167270.25,103053.61,64216.64,Second Class,Cancelled,Net Banking,Small Business
ORD11468,31-05-2024,CUST1330,Nikhil Saxena,Maharashtra,Mumbai,West,Office Supplies,Marker,3,13718,0,41154,35017.09,6136.91,First Class,In Transit,Credit Card,Small Business
ORD11469,12-11-2024,CUST1614,Arjun Dubey,Maharashtra,Nashik,West,Office Supplies,Notebook,6,49032,20,235353.6,210215.48,25138.12,Standard Class,Cancelled,Credit Card,Consumer
ORD11470,21-08-2024,CUST1338,Dev Yadav,Delhi,New Delhi,North,Electronics,Smartphone,1,41221,10,37098.9,34051.87,3047.03,Standard Class,In Transit,UPI,Small Business
ORD11471,02-06-2024,CUST1129,Aditi Singh,,New Delhi,North,Electronics,Headphones,4,19084,25,57252,37345.18,19906.82,Standard Class,Delivered,Cash on Delivery,Consumer
ORD11472,18-10-2025,CUST1076,Sneha Jain,Uttar Pradesh,Noida,North,Office Supplies,Printer Paper,2,52158,10,93884.4,86192.52,7691.88,Standard Class,Cancelled,Cash on Delivery,Corporate
ORD11473,13-06-2026,CUST1311,Ritika Jaiswal,Karnataka,Bengaluru,South,Furniture,Bed,8,38980,20,249472,162879.18,86592.82,Second Class,Delivered,UPI,Enterprise
ORD11474,02-02-2026,CUST1529,Aman Agarwal,Uttar Pradesh,Lucknow,North,Electronics,Smartphone,8,41009,20,262457.6,236978.97,25478.63,Standard Class,Delivered,UPI,Enterprise
ORD11475,11-02-2026,CUST1445,Neha Bansal,Maharashtra,Nagpur,West,Electronics,Smartwatch,6,30553,20,146654.4,127636.98,19017.42,First Class,Returned,Cash on Delivery,Enterprise
ORD11476,03-11-2024,CUST1514,Rahul Saxena,Tamil Nadu,Coimbatore,South,Furniture,Sofa,3,27529,5,78457.65,68143.26,10314.39,Second Class,In Transit,Net Banking,Corporate
ORD11477,22-04-2025,CUST1539,Ankit Agarwal,Karnataka,Mysuru,South,Furniture,Table,6,13477,10,72775.8,46639.41,26136.39,Second Class,Delivered,Debit Card,Consumer
ORD11478,25-09-2024,CUST1451,Harsh Mehta,West Bengal,Siliguri,East,Electronics,Smartphone,3,33674,15,85868.7,56294.94,29573.76,Same Day,Cancelled,Net Banking,Enterprise
ORD11479,27-05-2025,CUST1457,Nikhil Jaiswal,Madhya Pradesh,Indore,Central,Furniture,Bed,5,21233,25,79623.75,67178.86,12444.89,Second Class,Delivered,Net Banking,Small Business
ORD11480,06-03-2026,CUST1768,Aditya Kapoor,Karnataka,Bengaluru,South,Furniture,Bed,6,39795,5,226831.5,144254.18,82577.32,Second Class,Cancelled,Credit Card,Consumer
ORD11481,12-10-2025,CUST1124,Priya Agarwal,Gujarat,Ahmedabad,West,Furniture,Sofa,2,17037,10,30666.6,20759.87,9906.73,Same Day,Delivered,Debit Card,Small Business
ORD11482,06-08-2024,CUST1070,Ishita Saxena,Delhi,New Delhi,North,Office Supplies,Pen Set,8,20639,10,148600.8,137611.88,10988.92,Same Day,Delivered,UPI,Small Business
ORD11483,22-09-2025,CUST1478,Manav Gupta,Karnataka,Bengaluru,South,Office Supplies,Stapler,8,10989,20,70329.6,52834.94,17494.66,Standard Class,Delivered,UPI,Corporate
ORD11484,18-12-2025,CUST1364,Ritika Mehta,Rajasthan,Udaipur,North,Electronics,Tablet,8,24074,25,144444,122633.5,21810.5,Same Day,Delivered,Cash on Delivery,Consumer
ORD11485,06-06-2024,CUST1511,Rohan Chopra,Rajasthan,Udaipur,North,,Chair,3,7776,10,20995.2,16805.41,4189.79,First Class,In Transit,Net Banking,Enterprise
ORD11486,03-08-2024,CUST1219,Arjun Singh,West Bengal,Kolkata,East,Furniture,Bed,5,38431,0,192155,179357.92,12797.08,Second Class,In Transit,Credit Card,Corporate
ORD11487,03-12-2025,CUST1120,Priya Singh,Uttar Pradesh,Noida,North,Electronics,Laptop,8,1103,10,7941.6,6017.07,1924.53,Second Class,Cancelled,Cash on Delivery,Enterprise
ORD11488,16-02-2025,CUST1394,Muskan Jaiswal,Karnataka,Mysuru,South,Furniture,Bed,5,617,15,2622.25,1589.87,1032.38,First Class,Cancelled,UPI,Consumer
ORD11489,03-05-2024,CUST1185,Ananya Joshi,Gujarat,Surat,West,Electronics,Monitor,3,10820,20,25968,23329,2639,Second Class,Delivered,Cash on Delivery,Corporate
ORD11490,19-02-2026,CUST1450,Karan Malhotra,Uttar Pradesh,Noida,North,Office Supplies,Stapler,3,31707,20,76096.8,66702.47,9394.33,Same Day,Returned,Credit Card,Corporate
ORD11491,07-02-2024,CUST1411,Diya Sharma,Karnataka,Bengaluru,South,Office Supplies,Pen Set,7,37550,5,249707.5,207704.23,42003.27,Same Day,Delivered,Debit Card,Small Business
ORD11492,14-01-2026,CUST1283,Diya Bansal,West Bengal,Kolkata,East,Electronics,Tablet,5,13673,10,61528.5,48137.92,13390.58,Standard Class,Delivered,Cash on Delivery,Small Business
ORD11493,02-02-2025,CUST1767,Tanvi Chopra,West Bengal,Siliguri,East,Electronics,Smartphone,5,12082,0,60410,36861.05,23548.95,Same Day,Delivered,Net Banking,Consumer
ORD11494,12-12-2024,CUST1593,Pooja Patel,Karnataka,Bengaluru,South,Furniture,Sofa,2,5650,25,8475,6303.45,2171.55,First Class,Returned,Cash on Delivery,Small Business
ORD11495,06-12-2025,CUST1403,Riya Kapoor,Maharashtra,Pune,West,Furniture,Table,2,13869,15,23577.3,15742.5,7834.8,Same Day,In Transit,Net Banking,Enterprise
ORD11496,01-08-2024,CUST1794,Khushi Verma,Tamil Nadu,Coimbatore,South,Furniture,Sofa,4,23850,20,76320,57148.48,19171.52,Standard Class,Cancelled,Debit Card,Consumer
ORD11497,31-10-2024,CUST1183,Muskan Verma,Gujarat,Ahmedabad,West,Furniture,Wardrobe,1,36095,25,27071.25,21401.1,5670.15,Same Day,In Transit,Credit Card,Corporate
ORD11498,03-02-2024,CUST1096,Arjun Jain,Gujarat,Ahmedabad,West,Furniture,Bed,7,7735,10,48730.5,44006.58,4723.92,Standard Class,In Transit,Cash on Delivery,Consumer
ORD11499,09-06-2024,CUST1776,Arjun Jain,Delhi,New Delhi,North,Electronics,Smartphone,4,27246,10,98085.6,75995.45,22090.15,First Class,Delivered,UPI,Consumer
ORD11500,19-01-2024,CUST1319,Neha Singh,Uttar Pradesh,Noida,North,Electronics,Smartwatch,5,54301,15,230779.25,195334.44,35444.81,Standard Class,Returned,Net Banking,Corporate
ORD11501,07-04-2025,CUST1185,Tanvi Jain,Telangana,Hyderabad,South,Electronics,Headphones,7,30463,25,159930.75,108898.17,51032.58,Same Day,Delivered,UPI,Corporate
ORD11502,05-06-2025,CUST1396,Simran Tiwari,Rajasthan,Udaipur,North,Electronics,Tablet,4,44412,5,168765.6,104634.2,64131.4,Same Day,In Transit,Debit Card,Small Business
ORD11503,19-07-2024,CUST1160,Tanvi Verma,Gujarat,Surat,West,Electronics,Monitor,6,23918,25,107631,81301.87,26329.13,Same Day,Cancelled,UPI,Consumer
ORD11504,29-07-2024,CUST1640,Rahul Agarwal,Maharashtra,Nagpur,West,Electronics,Headphones,2,54826,15,93204.2,77972.26,15231.94,Same Day,Delivered,Cash on Delivery,Enterprise
ORD11505,13-02-2026,CUST1536,Aman Joshi,Tamil Nadu,Coimbatore,South,Furniture,Wardrobe,7,49635,0,347445,212715.1,134729.9,Same Day,In Transit,Debit Card,Enterprise
ORD11506,18-07-2024,CUST1420,Shreya Patel,West Bengal,Siliguri,East,Office Supplies,Stapler,5,54547,5,259098.25,241508.7,17589.55,First Class,Cancelled,UPI,Corporate
ORD11507,07-04-2026,CUST1270,Ananya Tiwari,Delhi,New Delhi,North,Furniture,Bed,7,58200,10,366660,296292.37,70367.63,First Class,Cancelled,Net Banking,Enterprise
ORD11508,01-09-2024,CUST1281,Rishi Saxena,Gujarat,Surat,West,Office Supplies,Notebook,6,23372,25,105174,92889.89,12284.11,First Class,Returned,UPI,Corporate
ORD11509,12-01-2026,CUST1279,Ankit Agarwal,Karnataka,Mysuru,South,,Smartwatch,3,39555,25,88998.75,53572.45,35426.3,Same Day,Returned,Credit Card,Small Business
ORD11510,08-05-2025,CUST1537,Siddharth Jain,Delhi,New Delhi,North,Electronics,Tablet,5,36504,0,182520,158883.35,23636.65,First Class,In Transit,Cash on Delivery,Corporate
ORD11511,10-09-2024,CUST1416,Shreya Dubey,Karnataka,Mysuru,South,Office Supplies,Stapler,4,12424,25,37272,30283.76,6988.24,Same Day,Returned,Cash on Delivery,Consumer
ORD11512,02-04-2026,CUST1281,Karan Jain,Madhya Pradesh,Bhopal,Central,Office Supplies,Notebook,8,14710,15,100028,67334.97,32693.03,First Class,Delivered,Net Banking,Corporate
ORD11513,21-02-2025,CUST1369,Karan Bansal,Maharashtra,Nagpur,West,Office Supplies,Pen Set,2,3207,25,4810.5,4367.09,443.41,Second Class,Cancelled,Cash on Delivery,Enterprise
ORD11514,18-03-2026,CUST1403,Muskan Verma,Karnataka,Mysuru,South,Office Supplies,Marker,5,42648,15,181254,125657.46,55596.54,Standard Class,In Transit,Credit Card,Corporate
ORD11515,30-05-2024,CUST1054,Rohan Jaiswal,Uttar Pradesh,Lucknow,North,Office Supplies,Stapler,8,17531,0,140248,100625.98,39622.02,First Class,Delivered,UPI,Consumer
ORD11516,05-02-2025,CUST1306,Vivaan Soni,Maharashtra,Nashik,West,Electronics,Smartwatch,2,44899,20,71838.4,51347.52,20490.88,First Class,Cancelled,Net Banking,Enterprise
ORD11517,25-11-2024,CUST1457,Aarav Joshi,Karnataka,Bengaluru,South,Office Supplies,Notebook,7,5914,10,37258.2,25636.02,11622.18,First Class,Returned,Net Banking,Corporate
ORD11518,23-04-2025,CUST1029,Aditi Singh,Uttar Pradesh,Lucknow,North,Office Supplies,Pen Set,3,27062,0,81186,53989.12,27196.88,Same Day,Cancelled,Debit Card,Enterprise
ORD11519,06-01-2026,CUST1408,Rahul Soni,Madhya Pradesh,Indore,Central,Furniture,Wardrobe,2,10680,20,17088,11343.3,5744.7,Second Class,Delivered,Credit Card,Corporate
ORD11520,31-07-2024,CUST1254,Tanvi Soni,Tamil Nadu,Coimbatore,South,Electronics,Monitor,5,44251,0,221255,186951.39,34303.61,Same Day,Cancelled,UPI,Small Business
ORD11521,07-01-2025,CUST1121,Akash Verma,Uttar Pradesh,Lucknow,North,Furniture,Chair,1,41354,15,35150.9,31486.69,3664.21,Same Day,Returned,UPI,Enterprise
ORD11522,08-06-2025,CUST1200,Rajat Kapoor,,Nashik,West,Furniture,Wardrobe,5,29125,20,116500,99696.38,16803.62,Second Class,Returned,Cash on Delivery,Small Business
ORD11523,25-10-2024,CUST1268,Vivaan Mehta,Tamil Nadu,Coimbatore,South,Office Supplies,Pen Set,5,45426,25,170347.5,102640.09,67707.41,Second Class,Cancelled,Credit Card,Consumer
ORD11524,02-04-2026,CUST1262,Vivaan Tiwari,Gujarat,Ahmedabad,West,Electronics,Smartwatch,4,52095,25,156285,136758.17,19526.83,Standard Class,Cancelled,Net Banking,Small Business
ORD11525,19-11-2024,CUST1760,Riya Mishra,Madhya Pradesh,Bhopal,Central,Office Supplies,Pen Set,1,36298,20,29038.4,24120.64,4917.76,Second Class,Delivered,Credit Card,Corporate
ORD11526,07-06-2024,CUST1433,Ankit Tiwari,West Bengal,Kolkata,East,Furniture,Sofa,7,532,25,2793,2482.13,310.87,Standard Class,Delivered,Debit Card,Corporate
ORD11527,06-09-2025,CUST1169,Vivaan Tiwari,Karnataka,Bengaluru,South,Office Supplies,Stapler,7,25175,5,167413.75,113277.28,54136.47,First Class,Cancelled,Debit Card,Small Business
ORD11528,24-03-2026,CUST1061,Aditya Bansal,West Bengal,Kolkata,East,Electronics,Headphones,2,52841,10,95113.8,66228.93,28884.87,Same Day,In Transit,Credit Card,Consumer
ORD11529,24-07-2024,CUST1080,Khushi Saxena,Maharashtra,Nagpur,West,Electronics,Headphones,6,486,0,2916,2047.83,868.17,Second Class,Delivered,Net Banking,Corporate
ORD11530,27-02-2024,CUST1354,Naina Joshi,Rajasthan,Jaipur,North,Electronics,Laptop,1,37333,5,35466.35,32576.43,2889.92,First Class,Cancelled,Credit Card,Small Business
ORD11531,27-11-2025,CUST1335,Siddharth Yadav,Tamil Nadu,Coimbatore,South,Furniture,Table,3,17953,25,40394.25,28895.13,11499.12,Standard Class,Returned,UPI,Corporate
ORD11532,07-06-2026,CUST1100,Ishita Singh,Tamil Nadu,Chennai,South,Furniture,Table,7,18188,5,120950.2,97414.32,23535.88,First Class,In Transit,Debit Card,Small Business
ORD11533,06-09-2024,CUST1054,Rohan Sharma,Gujarat,Surat,West,Furniture,Wardrobe,2,22255,10,40059,32332.1,7726.9,Standard Class,Cancelled,Cash on Delivery,Small Business
ORD11534,16-01-2024,CUST1725,Karan Dubey,Uttar Pradesh,Noida,North,Furniture,Bed,7,6970,25,36592.5,32191.25,4401.25,First Class,Returned,Cash on Delivery,Consumer
ORD11535,29-12-2025,CUST1297,Sneha Tiwari,Uttar Pradesh,Noida,North,Furniture,Wardrobe,3,43087,10,116334.9,81531.85,34803.05,Second Class,Returned,UPI,Enterprise
ORD11536,30-03-2026,CUST1792,Aman Gupta,Uttar Pradesh,Noida,North,Furniture,Sofa,6,51570,10,278478,225697.24,52780.76,First Class,Returned,Cash on Delivery,Consumer
ORD11537,25-02-2026,CUST1462,Simran Singh,Uttar Pradesh,Lucknow,North,Furniture,Bed,8,51053,10,367581.6,259148.25,108433.35,Same Day,Cancelled,Debit Card,Small Business
ORD11538,31-05-2024,CUST1295,Naina Mishra,Telangana,Hyderabad,South,Electronics,Monitor,2,8470,5,16093,12552.7,3540.3,Second Class,Cancelled,Cash on Delivery,Enterprise
ORD11539,18-10-2024,CUST1560,Aarav Malhotra,Gujarat,Ahmedabad,West,Furniture,Sofa,6,58704,10,317001.6,256754.14,60247.46,Same Day,Cancelled,Debit Card,Consumer
ORD11540,15-05-2025,CUST1120,Dev Verma,Tamil Nadu,Chennai,South,Electronics,Headphones,6,51848,15,264424.8,219643.63,44781.17,First Class,Returned,Cash on Delivery,Corporate
ORD11541,21-03-2026,CUST1021,Ritika Sharma,Delhi,New Delhi,North,Office Supplies,Marker,7,29478,10,185711.4,151990.45,33720.95,First Class,Delivered,Credit Card,Corporate
ORD11542,11-12-2025,CUST1642,Ishita Tiwari,Tamil Nadu,Coimbatore,South,Electronics,Smartphone,2,18748,10,33746.4,31450.04,2296.36,First Class,Delivered,Net Banking,Consumer
ORD11543,29-09-2025,CUST1344,Muskan Malhotra,Maharashtra,Nagpur,West,Office Supplies,Pen Set,4,51993,10,187174.8,135442.92,51731.88,Same Day,In Transit,,Enterprise
ORD11544,25-02-2024,CUST1573,Aman Jaiswal,West Bengal,Kolkata,East,Electronics,Monitor,8,46032,15,313017.6,233250.21,79767.39,First Class,Delivered,Debit Card,Consumer
ORD11545,14-01-2025,CUST1337,Rajat Soni,Maharashtra,Nashik,West,Furniture,Chair,5,13367,0,66835,51180.72,15654.28,Same Day,Returned,Credit Card,Consumer
ORD11546,08-03-2026,CUST1630,Ananya Malhotra,Gujarat,Surat,West,Furniture,Table,7,36637,15,217990.15,198481.87,19508.28,Second Class,Delivered,Net Banking,Consumer
ORD10025,19-02-2026,CUST1565,Priya Dubey,Telangana,Warangal,South,Furniture,Chair,2,2389,10,4300.2,3139.71,1160.49,Standard Class,Delivered,UPI,Small Business
ORD11548,13-07-2024,CUST1702,Siddharth Singh,Uttar Pradesh,Lucknow,North,Electronics,Smartwatch,5,3377,0,16885,13742.38,3142.62,Second Class,In Transit,Cash on Delivery,Enterprise
ORD11549,15-06-2025,CUST1173,Pooja Sharma,Karnataka,Bengaluru,South,Electronics,Laptop,4,35808,20,114585.6,94269.4,20316.2,Standard Class,In Transit,Cash on Delivery,Small Business
ORD11550,06-10-2024,CUST1138,Priya Gupta,Karnataka,Mysuru,South,Furniture,Bed,8,28529,15,193997.2,133268.91,60728.29,Standard Class,In Transit,Debit Card,Consumer
ORD11551,15-01-2026,CUST1422,Ankit Patel,Karnataka,Bengaluru,South,Furniture,Bed,7,19343,15,115090.85,80256.64,34834.21,First Class,Delivered,Debit Card,Enterprise
ORD11552,28-03-2025,CUST1608,Shreya Jaiswal,Gujarat,Ahmedabad,West,Furniture,Table,8,39473,15,268416.4,199235.5,69180.9,First Class,Delivered,Cash on Delivery,Enterprise
ORD11553,10-11-2025,CUST1090,Dev Sharma,Tamil Nadu,Coimbatore,South,Electronics,Headphones,3,20588,15,52499.4,41173.5,11325.9,First Class,Cancelled,Cash on Delivery,Corporate
ORD11554,31-10-2025,CUST1147,Meera Gupta,West Bengal,Siliguri,East,Electronics,Tablet,6,53158,15,271105.8,200938.57,70167.23,First Class,Delivered,Credit Card,Enterprise
ORD11555,04-03-2025,CUST1683,Varun Mishra,Rajasthan,Jaipur,North,Office Supplies,Stapler,7,17781,20,99573.6,73287.2,26286.4,Standard Class,Delivered,Cash on Delivery,Corporate
ORD11556,20-05-2024,CUST1190,Nikhil Soni,Rajasthan,Jaipur,North,Electronics,Monitor,3,17651,15,45010.05,35830.91,9179.14,Second Class,Cancelled,Credit Card,Corporate
ORD11557,04-11-2024,CUST1723,Aditya Tiwari,Tamil Nadu,Coimbatore,South,,Smartwatch,2,13553,20,21684.8,16150.53,5534.27,First Class,Cancelled,Cash on Delivery,Corporate
ORD11558,05-04-2025,CUST1678,Kavya Soni,Maharashtra,Nagpur,West,Furniture,Sofa,7,45189,10,284690.7,238150.27,46540.43,First Class,Cancelled,Cash on Delivery,Enterprise
ORD11559,09-02-2025,CUST1652,Meera Mishra,Telangana,Hyderabad,South,Electronics,Tablet,6,4597,25,20686.5,13365.91,7320.59,Same Day,Cancelled,Debit Card,Small Business
ORD11560,24-02-2025,CUST1109,Ankit Yadav,West Bengal,Siliguri,East,Electronics,Smartwatch,4,11053,15,37580.2,23027.17,14553.03,Same Day,Returned,Credit Card,Small Business
ORD11561,29-03-2025,CUST1256,Varun Malhotra,Rajasthan,Jaipur,North,Electronics,Tablet,3,5952,25,13392,10426.15,2965.85,Standard Class,Returned,Credit Card,Consumer
ORD11562,14-12-2024,CUST1418,Yash Soni,Karnataka,Bengaluru,South,Furniture,Chair,6,44153,25,198688.5,120722.28,77966.22,Standard Class,In Transit,Credit Card,Small Business
ORD11563,27-12-2025,CUST1576,Akash Kapoor,Uttar Pradesh,Noida,North,Electronics,Laptop,5,12490,5,59327.5,52892.51,6434.99,Same Day,Cancelled,Net Banking,Corporate
ORD11564,08-04-2024,CUST1001,Karan Chopra,Karnataka,Mysuru,South,Furniture,Chair,5,8644,5,41059,27573.55,13485.45,Standard Class,Delivered,Net Banking,Consumer
ORD11565,01-11-2025,CUST1797,Kavya Bansal,Maharashtra,Pune,West,Electronics,Laptop,5,23109,15,98213.25,89871.33,,Same Day,Returned,Cash on Delivery,Consumer
ORD11566,25-04-2024,CUST1296,Mohit Bansal,Delhi,New Delhi,North,,Table,6,40597,20,194865.6,146193.06,48672.54,First Class,In Transit,UPI,Small Business
ORD11567,19-03-2024,CUST1011,Ishita Saxena,West Bengal,Kolkata,East,Furniture,Bed,6,8293,5,47270.1,29026.3,18243.8,Second Class,In Transit,UPI,Enterprise
ORD11568,01-09-2024,CUST1158,Sneha Mehta,Telangana,Warangal,South,Electronics,Smartphone,8,7424,10,53452.8,50749.15,2703.65,First Class,In Transit,UPI,Corporate
ORD11569,26-05-2026,CUST1044,Aman Singh,Tamil Nadu,Chennai,South,Furniture,Table,7,28051,15,166903.45,120668.94,46234.51,Second Class,In Transit,,Consumer
ORD11570,29-11-2024,CUST1339,Aditya Yadav,Uttar Pradesh,Noida,North,Electronics,Laptop,7,50193,5,333783.45,229539.99,104243.46,Second Class,Cancelled,Net Banking,Corporate
ORD11571,25-04-2024,CUST1007,Siddharth Jain,Uttar Pradesh,Lucknow,North,Electronics,Smartwatch,1,9635,15,8189.75,6989.2,1200.55,First Class,Cancelled,Cash on Delivery,Enterprise
ORD11572,03-04-2024,CUST1392,Priya Saxena,Maharashtra,Mumbai,West,Electronics,Laptop,2,11854,0,23708,20015.21,3692.79,Second Class,In Transit,Credit Card,Small Business
ORD11573,06-10-2024,CUST1542,Rohan Agarwal,Rajasthan,Jaipur,North,Furniture,Table,4,1294,25,3882,3504.53,377.47,First Class,Delivered,Net Banking,Small Business
ORD11574,24-12-2025,CUST1540,Ankit Soni,Tamil Nadu,Chennai,South,Office Supplies,Stapler,5,12543,5,59579.25,53695.21,5884.04,Standard Class,In Transit,Debit Card,Corporate
ORD11575,23-04-2024,CUST1587,Manav Dubey,Delhi,New Delhi,North,Electronics,Headphones,6,41361,25,186124.5,133231.86,52892.64,Second Class,Delivered,Debit Card,Consumer
ORD11576,13-09-2025,CUST1226,Sneha Yadav,Uttar Pradesh,Lucknow,North,Electronics,Tablet,1,51256,10,46130.4,29269.01,16861.39,First Class,Cancelled,Debit Card,Corporate
ORD11577,12-01-2025,CUST1716,Aditi Agarwal,Karnataka,Mysuru,South,Electronics,Smartphone,1,20890,15,17756.5,15058.11,2698.39,Second Class,Cancelled,UPI,Consumer
ORD11578,24-10-2025,CUST1150,Mohit Agarwal,Telangana,Warangal,South,Electronics,Tablet,4,29746,15,101136.4,61850.14,39286.26,Same Day,Delivered,Debit Card,Enterprise
ORD11579,17-08-2024,CUST1217,Simran Singh,Maharashtra,Pune,West,Electronics,Monitor,3,36362,25,81814.5,72989.66,8824.84,Same Day,Delivered,Net Banking,Small Business
ORD11580,06-04-2024,CUST1505,Harsh Chopra,Delhi,New Delhi,North,Furniture,Wardrobe,8,24774,0,198192,143513.22,54678.78,Second Class,In Transit,UPI,Consumer
ORD11581,15-07-2025,CUST1193,Nikhil Dubey,West Bengal,Siliguri,East,Furniture,Wardrobe,2,50954,15,86621.8,70363.02,16258.78,Standard Class,Cancelled,Cash on Delivery,Corporate
ORD11582,20-09-2024,CUST1740,Tanvi Singh,West Bengal,Siliguri,East,Electronics,Smartwatch,1,34221,20,27376.8,23261.68,4115.12,Standard Class,Cancelled,Debit Card,Small Business
ORD11583,10-11-2025,CUST1509,Mohit Soni,Uttar Pradesh,Noida,North,Office Supplies,Pen Set,4,55311,10,199119.6,152023.75,47095.85,First Class,Delivered,Cash on Delivery,Small Business
ORD11584,05-07-2024,CUST1460,Mohit Gupta,Delhi,New Delhi,North,Furniture,Sofa,7,9847,25,51696.75,48058.7,3638.05,Second Class,Cancelled,UPI,Corporate
ORD11585,04-06-2026,CUST1020,Harsh Chopra,West Bengal,Siliguri,East,Furniture,Chair,2,36973,15,62854.1,48987.63,13866.47,Standard Class,Delivered,Cash on Delivery,Corporate
ORD11586,23-07-2025,CUST1068,Diya Mishra,Tamil Nadu,Chennai,South,Furniture,Chair,5,55533,20,222132,133550.39,88581.61,Same Day,Delivered,UPI,Corporate
ORD11587,20-06-2025,CUST1472,Dev Mehta,West Bengal,Siliguri,East,Furniture,Table,1,22791,25,17093.25,14246.24,2847.01,Same Day,Cancelled,UPI,Consumer
ORD11588,09-12-2024,CUST1437,Ankit Saxena,Karnataka,Mysuru,South,Electronics,Smartwatch,3,57933,0,173799,110677.54,63121.46,Same Day,Returned,Net Banking,Consumer
ORD11589,03-12-2025,CUST1114,Rajat Malhotra,West Bengal,Siliguri,East,Electronics,Tablet,6,25781,25,116014.5,102017.92,13996.58,Second Class,In Transit,UPI,Small Business
ORD11590,26-01-2026,CUST1678,Palak Chopra,Uttar Pradesh,Lucknow,North,Office Supplies,Pen Set,7,15939,25,83679.75,74631.29,9048.46,First Class,In Transit,Debit Card,Consumer
ORD11591,16-10-2025,CUST1484,Meera Saxena,Maharashtra,Nagpur,West,Electronics,Smartwatch,5,57824,25,216840,169943.89,46896.11,First Class,Delivered,Cash on Delivery,Corporate
ORD11592,01-09-2024,CUST1382,Arjun Soni,Madhya Pradesh,Bhopal,Central,Furniture,Sofa,8,18691,15,127098.8,96327.47,30771.33,First Class,Returned,Credit Card,Corporate
ORD11593,18-09-2025,CUST1204,Manav Yadav,Delhi,New Delhi,North,Furniture,Table,6,9676,0,58056,51949.88,6106.12,Same Day,Returned,Net Banking,Consumer
ORD11594,13-01-2025,CUST1244,Siddharth Singh,Maharashtra,Nashik,West,Electronics,Laptop,7,38556,20,215913.6,143842.11,72071.49,Standard Class,In Transit,UPI,Corporate
ORD11595,11-06-2025,CUST1755,Tanvi Kapoor,Rajasthan,Udaipur,North,Furniture,Chair,6,42234,15,215393.4,169219.36,46174.04,Same Day,Returned,Credit Card,Corporate
ORD11596,10-10-2024,CUST1794,Shreya Agarwal,Karnataka,Mysuru,South,Electronics,Monitor,3,3690,5,10516.5,8511.82,2004.68,Same Day,Returned,Net Banking,Consumer
ORD11597,07-04-2025,CUST1236,Dev Mishra,Maharashtra,Pune,West,Electronics,Monitor,4,19230,25,57690,42052.34,15637.66,Second Class,In Transit,,Corporate
ORD11598,10-10-2024,CUST1702,Nidhi Kapoor,Maharashtra,Nashik,West,Furniture,Sofa,1,52184,5,49574.8,39594.42,9980.38,Same Day,Returned,UPI,Small Business
ORD11599,03-11-2024,CUST1208,Dev Jain,Karnataka,Mysuru,South,Furniture,Bed,8,51381,20,328838.4,206381.33,122457.07,Second Class,Returned,Credit Card,Small Business
ORD11600,26-12-2024,CUST1032,Riya Mishra,Gujarat,Ahmedabad,West,Electronics,Headphones,2,4702,25,7053,5047.47,2005.53,Second Class,Cancelled,Credit Card,Consumer
ORD11601,06-04-2025,CUST1659,Manav Chopra,Gujarat,Ahmedabad,West,Furniture,Table,7,38966,25,204571.5,183935.37,20636.13,Same Day,In Transit,Cash on Delivery,Small Business
ORD11602,28-11-2024,CUST1016,Kavya Gupta,Karnataka,Bengaluru,South,Electronics,Smartwatch,8,512,20,3276.8,2582.08,694.72,First Class,In Transit,Cash on Delivery,Small Business
ORD11603,13-05-2025,CUST1798,Meera Mishra,Karnataka,Bengaluru,South,Electronics,Monitor,2,1225,10,2205,1435.6,769.4,Same Day,Returned,,Corporate
ORD11604,01-06-2025,CUST1558,Muskan Gupta,Delhi,New Delhi,North,Electronics,Laptop,2,55958,20,89532.8,78779.35,10753.45,Same Day,Delivered,Credit Card,Corporate
ORD11605,11-10-2025,CUST1079,Aditi Yadav,Rajasthan,Jaipur,North,Electronics,Tablet,4,34846,10,125445.6,110241.73,15203.87,Standard Class,Returned,Net Banking,Consumer
ORD11606,07-05-2026,CUST1421,Harsh Bansal,Uttar Pradesh,Noida,North,Furniture,Bed,1,42341,0,42341,38307.06,4033.94,Second Class,Cancelled,Credit Card,Small Business
ORD11607,06-05-2024,CUST1236,Vivaan Agarwal,Rajasthan,Udaipur,North,Office Supplies,Pen Set,7,10860,0,76020,69878.45,6141.55,First Class,Cancelled,Cash on Delivery,Corporate
ORD11608,09-09-2024,CUST1682,Kavya Bansal,Maharashtra,Pune,West,Furniture,Chair,8,55023,0,440184,379774.13,60409.87,Second Class,Returned,Net Banking,Enterprise
ORD11609,21-02-2024,CUST1427,Muskan Tiwari,Uttar Pradesh,Noida,North,Office Supplies,Pen Set,8,45103,0,360824,307515.79,53308.21,Second Class,Delivered,UPI,Enterprise
ORD11610,19-02-2026,CUST1755,Kavya Chopra,Telangana,Warangal,South,Electronics,Smartphone,6,8946,0,53676,37085.58,16590.42,Second Class,Delivered,Credit Card,Corporate
ORD11611,13-09-2025,CUST1345,Simran Mishra,Karnataka,Bengaluru,South,Furniture,Bed,2,25298,20,40476.8,24875.5,15601.3,First Class,Delivered,Cash on Delivery,Small Business
ORD11612,13-01-2024,CUST1143,Vivaan Soni,Karnataka,Bengaluru,South,Electronics,Smartphone,7,25894,10,163132.2,139606.37,23525.83,First Class,Delivered,Debit Card,Enterprise
ORD11613,15-07-2025,CUST1174,Siddharth Kapoor,Madhya Pradesh,Bhopal,Central,Furniture,Bed,2,43911,10,79039.8,67536.31,11503.49,Standard Class,Returned,Credit Card,Small Business
ORD11614,16-10-2024,CUST1163,Dev Mishra,Gujarat,Ahmedabad,West,Electronics,Headphones,2,42347,25,63520.5,40394.3,23126.2,First Class,Delivered,Debit Card,Consumer
ORD11615,14-08-2025,CUST1595,Sneha Yadav,Karnataka,Bengaluru,South,Electronics,Headphones,6,45640,25,205380,151749.12,53630.88,Standard Class,Returned,Credit Card,Enterprise
ORD11616,13-02-2024,CUST1155,Kavya Jain,Karnataka,Bengaluru,South,Office Supplies,Printer Paper,1,7282,15,6189.7,4368.01,1821.69,First Class,Returned,Net Banking,Enterprise
ORD11617,06-09-2025,CUST1127,Nikhil Dubey,Delhi,New Delhi,North,Furniture,Wardrobe,3,30566,5,87113.1,80912.69,6200.41,Same Day,Cancelled,Debit Card,Consumer
ORD11618,02-06-2024,CUST1736,Tanvi Sharma,Uttar Pradesh,Noida,North,Office Supplies,Stapler,2,59762,10,107571.6,71748.76,35822.84,Standard Class,Delivered,UPI,Corporate
ORD11619,30-06-2025,CUST1785,Kavya Patel,Maharashtra,Nagpur,West,Office Supplies,Printer Paper,2,23747,15,40369.9,35932.74,4437.16,Second Class,Returned,Credit Card,Small Business
ORD11620,03-05-2025,CUST1083,Aditi Gupta,Uttar Pradesh,Lucknow,North,Furniture,Table,5,26056,5,123766,115094.25,8671.75,Second Class,In Transit,UPI,Corporate
ORD11621,30-04-2025,CUST1394,Akash Verma,Karnataka,Mysuru,South,Electronics,Headphones,7,29102,0,203714,180233.9,23480.1,First Class,In Transit,Cash on Delivery,Corporate
ORD11622,06-07-2025,CUST1717,Palak Tiwari,Gujarat,Surat,West,Furniture,Bed,7,59834,15,356012.3,251285.72,104726.58,Same Day,In Transit,UPI,Consumer
ORD11623,16-12-2025,CUST1036,Neha Jaiswal,Tamil Nadu,Coimbatore,South,Electronics,Tablet,1,1541,5,1463.95,1304.96,158.99,Standard Class,Delivered,Cash on Delivery,Enterprise
ORD11624,20-12-2024,CUST1296,Riya Verma,West Bengal,Kolkata,East,Electronics,Smartwatch,3,22787,10,61524.9,40852.31,20672.59,Same Day,In Transit,Cash on Delivery,Corporate
ORD11625,04-11-2025,CUST1105,Ritika Mehta,Tamil Nadu,Coimbatore,South,Furniture,Table,6,46030,5,262371,177582.05,84788.95,Second Class,In Transit,Net Banking,Corporate
ORD11626,25-01-2026,CUST1040,Shreya Patel,West Bengal,Kolkata,East,Furniture,Bed,7,34014,0,238098,182701.27,55396.73,Second Class,In Transit,Debit Card,Enterprise
ORD11627,23-03-2024,CUST1742,Vivaan Jaiswal,Rajasthan,Jaipur,North,Electronics,Headphones,6,38133,5,217358.1,135799.21,81558.89,Second Class,Delivered,Credit Card,Small Business
ORD11628,02-11-2025,CUST1003,Meera Soni,Karnataka,Mysuru,South,Furniture,Sofa,1,53618,15,45575.3,43031.83,2543.47,Same Day,Returned,UPI,Small Business
ORD11629,28-02-2025,CUST1128,Rohan Mehta,Telangana,Warangal,South,Electronics,Tablet,8,24965,20,159776,119137.3,40638.7,Standard Class,In Transit,Cash on Delivery,Consumer
ORD11630,24-06-2024,CUST1166,Neha Jaiswal,Rajasthan,Udaipur,North,Electronics,Tablet,5,48686,10,219087,152762,66325,First Class,Returned,UPI,Corporate
ORD11631,27-02-2025,CUST1213,Neha Saxena,Rajasthan,Jaipur,North,Furniture,Sofa,2,23204,10,41767.2,26467.61,15299.59,First Class,Delivered,UPI,Consumer
ORD11632,13-02-2026,CUST1364,Aarav Tiwari,Gujarat,Surat,West,Electronics,Laptop,4,56597,15,192429.8,130906.61,61523.19,Standard Class,Returned,UPI,Small Business
ORD11633,05-06-2026,CUST1718,Palak Bansal,Maharashtra,Pune,West,Furniture,Table,3,15748,10,42519.6,27510.52,15009.08,Same Day,Delivered,Credit Card,Corporate
ORD11634,31-10-2025,CUST1742,Ananya Agarwal,Karnataka,Bengaluru,South,Electronics,Laptop,8,4337,20,27756.8,24581.5,3175.3,Second Class,Returned,Debit Card,Enterprise
ORD11635,20-11-2024,CUST1595,Akash Joshi,Madhya Pradesh,Bhopal,Central,Office Supplies,Notebook,2,59389,5,112839.1,85129.49,27709.61,Second Class,Cancelled,Credit Card,Consumer
ORD11636,03-09-2024,CUST1055,Muskan Verma,Maharashtra,Pune,West,Electronics,Laptop,1,35264,20,28211.2,20903.44,7307.76,First Class,Returned,UPI,Consumer
ORD11637,16-01-2025,CUST1732,Akash Sharma,Karnataka,Bengaluru,South,Furniture,Chair,4,46401,15,157763.4,111103.94,46659.46,Standard Class,Delivered,Credit Card,Consumer
ORD11638,17-05-2024,CUST1530,Mohit Jaiswal,Tamil Nadu,Coimbatore,South,Electronics,Tablet,1,35849,0,35849,27127.25,8721.75,Same Day,Delivered,Net Banking,Enterprise
ORD11639,01-06-2026,CUST1011,Riya Bansal,Telangana,Hyderabad,South,Electronics,Laptop,5,37416,20,149664,119862.88,29801.12,Second Class,Delivered,Debit Card,Corporate
ORD11640,14-02-2024,CUST1421,Neha Mehta,Gujarat,Surat,West,Electronics,Monitor,4,20305,10,73098,47177.32,25920.68,Standard Class,Delivered,UPI,Small Business
ORD11641,10-12-2024,CUST1375,Dev Dubey,Uttar Pradesh,Lucknow,North,Electronics,Monitor,5,7443,5,35354.25,22721.67,12632.58,Same Day,Returned,Credit Card,Consumer
ORD11642,31-05-2026,CUST1709,Aarav Mehta,Madhya Pradesh,Indore,Central,Furniture,Table,4,39311,10,141519.6,105876.77,35642.83,Second Class,Delivered,Net Banking,Enterprise
ORD11643,22-04-2026,CUST1464,Neha Mishra,Rajasthan,Jaipur,North,Furniture,Wardrobe,8,47078,20,301299.2,276345.02,24954.18,Same Day,Cancelled,Net Banking,Small Business
ORD11644,27-03-2024,CUST1545,Pooja Agarwal,Uttar Pradesh,Lucknow,North,Furniture,Bed,2,8640,5,16416,13334.14,3081.86,Second Class,Cancelled,Credit Card,Consumer
ORD11645,15-12-2024,CUST1757,Mohit Mishra,Karnataka,Mysuru,South,Electronics,Tablet,6,7861,20,37732.8,25979.77,11753.03,Same Day,Delivered,Net Banking,Corporate
ORD11646,11-02-2024,CUST1253,Naina Gupta,Karnataka,Bengaluru,South,Furniture,Wardrobe,7,51243,10,322830.9,275946.17,46884.73,Standard Class,Returned,Net Banking,Small Business
ORD11647,23-05-2024,CUST1033,Nikhil Gupta,Tamil Nadu,Chennai,South,Office Supplies,Notebook,6,15825,25,71212.5,52480.35,18732.15,First Class,Returned,Cash on Delivery,Corporate
ORD11648,21-08-2024,CUST1528,Varun Jaiswal,Rajasthan,Jaipur,North,Electronics,Monitor,6,16692,0,100152,93151.81,7000.19,Same Day,Cancelled,UPI,Corporate
ORD11649,12-10-2024,CUST1190,Varun Singh,West Bengal,Siliguri,East,Office Supplies,Notebook,6,13124,15,66932.4,53252.94,13679.46,First Class,Returned,Debit Card,Small Business
ORD11650,24-11-2025,CUST1423,Varun Malhotra,Madhya Pradesh,Bhopal,Central,Electronics,Laptop,8,49931,20,319558.4,270944.7,48613.7,Same Day,In Transit,,Consumer
ORD11651,10-10-2024,CUST1022,Rohan Mehta,Rajasthan,Jaipur,North,Furniture,Bed,3,44707,25,100590.75,60676.55,39914.2,First Class,Cancelled,UPI,Consumer
ORD11652,10-12-2025,CUST1015,Muskan Agarwal,Rajasthan,Udaipur,North,Electronics,Monitor,8,24255,25,145530,112367.13,33162.87,Standard Class,Delivered,Debit Card,Enterprise
ORD11653,26-10-2024,CUST1307,Priya Bansal,Delhi,New Delhi,North,Furniture,Sofa,5,9960,15,42330,27265.98,15064.02,Standard Class,Returned,Cash on Delivery,Enterprise
ORD11654,09-06-2024,CUST1334,Dev Patel,Tamil Nadu,Chennai,South,Office Supplies,Notebook,8,30752,0,246016,167494.01,78521.99,Standard Class,Returned,Debit Card,Corporate
ORD11655,02-03-2026,CUST1542,Siddharth Kapoor,Rajasthan,Jaipur,North,Furniture,Table,5,55257,15,234842.25,195105.17,39737.08,Same Day,Returned,Cash on Delivery,Consumer
ORD11656,01-09-2025,CUST1758,Akash Kapoor,Madhya Pradesh,Indore,Central,Electronics,Smartphone,2,52812,15,89780.4,67767.02,22013.38,Second Class,Returned,Net Banking,Corporate
ORD11657,05-04-2024,CUST1523,Vivaan Jaiswal,Karnataka,Bengaluru,South,Electronics,Headphones,2,7099,25,10648.5,7103.37,3545.13,First Class,In Transit,Credit Card,Corporate
ORD11658,19-06-2024,CUST1474,Shreya Tiwari,Maharashtra,Nagpur,West,Office Supplies,Marker,6,6550,20,31440,27525.71,3914.29,Standard Class,Cancelled,UPI,Consumer
ORD11659,28-12-2024,CUST1390,Nidhi Mehta,Karnataka,Bengaluru,South,Office Supplies,Marker,5,13163,25,49361.25,44178.64,5182.61,Same Day,Returned,UPI,Small Business
ORD11660,10-12-2024,CUST1264,Meera Singh,Karnataka,Bengaluru,South,Electronics,Monitor,3,13667,0,41001,25648.74,15352.26,Standard Class,Delivered,Cash on Delivery,Consumer
ORD11661,20-08-2025,CUST1208,Khushi Gupta,Gujarat,Ahmedabad,West,Electronics,Smartwatch,2,16442,25,24663,18267.98,6395.02,Standard Class,Returned,Credit Card,Corporate
ORD11662,07-09-2024,CUST1766,Diya Singh,Maharashtra,Nagpur,West,Electronics,Monitor,7,51591,15,306966.45,254442.97,52523.48,First Class,In Transit,Cash on Delivery,Small Business
ORD11663,02-12-2025,CUST1320,Yash Malhotra,Gujarat,Surat,West,Furniture,Chair,2,54759,15,93090.3,59394.75,33695.55,First Class,Returned,Credit Card,Enterprise
ORD11664,17-06-2026,CUST1324,Sneha Saxena,Rajasthan,Jaipur,North,Furniture,Sofa,6,13939,15,71088.9,61642.33,9446.57,Second Class,Cancelled,Cash on Delivery,Corporate
ORD11665,22-05-2026,CUST1672,Manav Bansal,Madhya Pradesh,Bhopal,Central,Electronics,Laptop,5,56004,20,224016,179926.36,44089.64,Standard Class,In Transit,Credit Card,Corporate
ORD11666,24-01-2026,CUST1643,Dev Dubey,Karnataka,Mysuru,South,Furniture,Sofa,1,45659,5,43376.05,40433.08,2942.97,Second Class,Delivered,Debit Card,Consumer
ORD11667,07-10-2025,CUST1461,Manav Soni,Uttar Pradesh,Noida,North,Electronics,Smartwatch,2,38598,25,57897,52621.53,5275.47,First Class,Returned,Debit Card,Corporate
ORD11668,08-03-2026,CUST1280,Siddharth Kapoor,Delhi,New Delhi,North,Furniture,Bed,8,32224,15,219123.2,150885.87,68237.33,Same Day,Returned,Cash on Delivery,Corporate
ORD11669,28-06-2025,CUST1523,Palak Patel,Maharashtra,Nashik,West,Electronics,Laptop,1,28692,0,28692,21096.83,7595.17,Same Day,Returned,Cash on Delivery,Enterprise
ORD11670,15-03-2026,CUST1575,Manav Chopra,Maharashtra,Nashik,West,Electronics,Tablet,4,32760,15,111384,89975.16,21408.84,First Class,Cancelled,UPI,Consumer
ORD11671,16-09-2024,CUST1362,Diya Dubey,Maharashtra,Mumbai,West,Office Supplies,Pen Set,1,30856,5,29313.2,26408.2,2905,Second Class,Cancelled,,Consumer
ORD11672,24-04-2025,CUST1031,Diya Yadav,Madhya Pradesh,Indore,Central,Furniture,Wardrobe,4,9462,25,28386,24415.1,3970.9,Second Class,Cancelled,Credit Card,Small Business
ORD10025,28-02-2024,CUST1222,Palak Gupta,Gujarat,Ahmedabad,West,Furniture,Sofa,4,8351,25,25053,18488.73,6564.27,First Class,Delivered,Credit Card,Small Business
ORD11674,03-12-2025,CUST1248,Sneha Sharma,Karnataka,Mysuru,South,Office Supplies,Printer Paper,8,36691,20,234822.4,170274.57,64547.83,Standard Class,Cancelled,Cash on Delivery,Small Business
ORD11675,12-04-2025,CUST1750,Rohan Singh,Telangana,Warangal,South,Electronics,Tablet,6,46812,20,224697.6,162661.67,62035.93,Standard Class,In Transit,Net Banking,Corporate
ORD10025,22-08-2024,CUST1135,Nidhi Malhotra,Madhya Pradesh,Bhopal,Central,Furniture,Sofa,3,28999,25,65247.75,41580.08,23667.67,First Class,Delivered,Credit Card,Corporate
ORD11677,22-02-2025,CUST1277,Simran Mehta,Gujarat,Ahmedabad,West,Electronics,Monitor,3,31381,15,80021.55,50879.84,29141.71,Standard Class,Returned,UPI,Small Business
ORD11678,24-08-2024,CUST1516,Aditi Kapoor,Madhya Pradesh,Bhopal,Central,Electronics,Tablet,2,5493,5,10436.7,8279.97,2156.73,Standard Class,Delivered,Debit Card,Consumer
ORD11679,25-10-2024,CUST1695,Ananya Mishra,Uttar Pradesh,Lucknow,North,Furniture,Wardrobe,3,2681,15,6836.55,5956.21,880.34,First Class,Returned,Credit Card,Corporate
ORD10025,16-12-2025,CUST1271,Neha Bansal,Tamil Nadu,Coimbatore,South,Furniture,Sofa,3,13718,20,32923.2,22176.03,10747.17,Second Class,Cancelled,Credit Card,Corporate
ORD11681,13-01-2024,CUST1141,Yash Verma,Madhya Pradesh,Indore,Central,Furniture,Wardrobe,3,5430,10,14661,9410.79,5250.21,Standard Class,Cancelled,Net Banking,Corporate
ORD11682,26-01-2025,CUST1351,Ritika Yadav,Maharashtra,Pune,West,Office Supplies,Pen Set,7,57688,20,323052.8,269189.89,53862.91,Same Day,Delivered,Debit Card,Small Business
ORD10025,18-07-2024,CUST1067,Diya Saxena,Tamil Nadu,Chennai,South,Office Supplies,Pen Set,3,481,20,1154.4,922.05,232.35,Same Day,In Transit,UPI,Small Business
ORD11684,13-05-2024,CUST1626,Dev Joshi,Maharashtra,Pune,West,Office Supplies,Marker,8,55905,5,424878,270608.04,154269.96,Second Class,Returned,UPI,Small Business
ORD11685,29-04-2026,CUST1713,Rajat Gupta,Telangana,Hyderabad,South,Office Supplies,Printer Paper,8,44098,10,317505.6,257905.99,59599.61,Second Class,Cancelled,Cash on Delivery,Consumer
ORD11686,28-03-2024,CUST1160,Aditya Agarwal,Maharashtra,Mumbai,West,Furniture,Table,1,36950,25,27712.5,22721.19,4991.31,Standard Class,Returned,Debit Card,Corporate
ORD11687,01-12-2024,CUST1635,Ankit Joshi,Karnataka,Mysuru,South,Furniture,Chair,3,15573,5,44383.05,27800.89,16582.16,Same Day,Returned,UPI,Enterprise
ORD11688,28-02-2024,CUST1444,Yash Kapoor,Delhi,New Delhi,North,Electronics,Smartphone,1,53877,20,43101.6,33792.57,9309.03,First Class,Delivered,Net Banking,Small Business
ORD11689,13-07-2025,CUST1433,Naina Tiwari,Maharashtra,Nagpur,West,Electronics,Smartphone,1,3285,15,2792.25,2176.93,615.32,First Class,Cancelled,Debit Card,Small Business
ORD11690,14-02-2024,CUST1303,Simran Agarwal,Madhya Pradesh,Bhopal,Central,Office Supplies,Notebook,6,37885,0,227310,160544.8,66765.2,Same Day,In Transit,Credit Card,Enterprise
ORD11691,13-12-2024,CUST1106,Aditi Soni,Delhi,New Delhi,North,Furniture,Table,8,11864,20,75929.6,56965.19,18964.41,Standard Class,Returned,Credit Card,Consumer
ORD11692,22-09-2024,CUST1410,Yash Gupta,Karnataka,Bengaluru,South,Furniture,Sofa,6,3213,25,14458.5,13504.97,953.53,Standard Class,Cancelled,Net Banking,Small Business
ORD11693,02-01-2026,CUST1770,Neha Joshi,Gujarat,Surat,West,Furniture,Table,5,7187,15,30544.75,26709.52,3835.23,Same Day,Returned,UPI,Enterprise
ORD11694,08-02-2026,CUST1088,Arjun Verma,Telangana,Warangal,South,Furniture,Sofa,6,29463,10,159100.2,130017.95,29082.25,Same Day,Cancelled,Net Banking,Corporate
ORD11695,05-04-2025,CUST1550,Yash Bansal,West Bengal,Siliguri,East,Office Supplies,Stapler,8,41147,5,312717.2,259114.83,53602.37,First Class,In Transit,Net Banking,Enterprise
ORD11696,23-11-2025,CUST1686,Ankit Mehta,Maharashtra,Pune,West,Electronics,Smartphone,2,28456,25,42684,29583.83,13100.17,Second Class,Returned,Credit Card,Enterprise
ORD10025,02-02-2025,CUST1352,Varun Saxena,Telangana,Warangal,South,Electronics,Tablet,1,31819,25,23864.25,19239.67,4624.58,Same Day,Returned,Net Banking,Corporate
ORD11698,05-03-2026,CUST1508,Arjun Singh,West Bengal,Kolkata,East,Furniture,Table,3,30977,5,88284.45,82754.75,5529.7,Second Class,Returned,Net Banking,Enterprise
ORD11699,13-04-2025,CUST1675,Karan Mishra,West Bengal,Kolkata,East,Electronics,Smartphone,1,1960,20,1568,1369.1,198.9,First Class,Delivered,Debit Card,Corporate
ORD11700,14-03-2026,CUST1741,Karan Sharma,Maharashtra,Nagpur,West,Electronics,Smartwatch,7,1492,0,10444,8387.75,2056.25,First Class,Cancelled,Cash on Delivery,Corporate
ORD11701,08-09-2024,CUST1652,Karan Jaiswal,Delhi,New Delhi,North,Furniture,Table,1,13450,10,12105,7573.02,4531.98,First Class,In Transit,Credit Card,Small Business
ORD11702,15-04-2026,CUST1028,Naina Mishra,Tamil Nadu,Coimbatore,South,Furniture,Wardrobe,8,56937,25,341622,300950.33,40671.67,Same Day,Delivered,Net Banking,Consumer
ORD11703,31-03-2025,CUST1032,Kavya Jain,Maharashtra,Nagpur,West,Office Supplies,Notebook,5,51788,5,245993,168906.71,77086.29,First Class,Delivered,Net Banking,Small Business
ORD11704,25-04-2026,CUST1390,Vivaan Malhotra,Uttar Pradesh,Noida,North,Electronics,Headphones,8,5603,25,33618,28739.12,4878.88,Same Day,Cancelled,Credit Card,Consumer
ORD11705,18-01-2025,CUST1513,Palak Yadav,Uttar Pradesh,Noida,North,Furniture,Sofa,1,48634,10,43770.6,30168.38,13602.22,Same Day,Delivered,Cash on Delivery,Corporate
ORD11706,27-08-2024,CUST1642,Riya Singh,Karnataka,Mysuru,South,Electronics,Tablet,3,32249,20,77397.6,56232.58,21165.02,First Class,Delivered,Cash on Delivery,Enterprise
ORD11707,28-07-2024,CUST1730,Varun Sharma,Maharashtra,Pune,West,Furniture,Wardrobe,3,5584,25,12564,8246.53,4317.47,Second Class,Delivered,Debit Card,Consumer
ORD11708,07-06-2025,CUST1264,Neha Patel,Maharashtra,Mumbai,West,Electronics,Smartphone,1,19170,25,14377.5,10000.8,4376.7,First Class,Cancelled,Net Banking,Enterprise
ORD11709,03-03-2025,CUST1561,Akash Jain,Maharashtra,Nagpur,West,Electronics,Smartwatch,7,25797,0,180579,127099.68,53479.32,Second Class,Delivered,UPI,Enterprise
ORD11710,08-02-2026,CUST1409,Muskan Joshi,Madhya Pradesh,Bhopal,Central,Electronics,Monitor,7,32414,25,170173.5,158455.12,11718.38,Same Day,Cancelled,Net Banking,Enterprise
ORD11711,25-01-2026,CUST1350,Varun Soni,Uttar Pradesh,Noida,North,Office Supplies,Notebook,6,8439,0,50634,39243.72,11390.28,Second Class,Cancelled,Debit Card,Small Business
ORD11712,15-06-2025,CUST1506,Pooja Tiwari,Uttar Pradesh,Lucknow,North,Electronics,Tablet,1,19042,20,15233.6,12462.94,2770.66,Second Class,Cancelled,Credit Card,Enterprise
ORD11713,05-01-2025,CUST1708,Akash Patel,Delhi,New Delhi,North,Electronics,Laptop,7,5246,25,27541.5,23270.94,4270.56,Same Day,In Transit,Cash on Delivery,Enterprise
ORD11714,05-05-2025,CUST1143,Yash Mehta,Rajasthan,Jaipur,North,Furniture,Bed,5,2474,0,12370,9066.79,3303.21,Same Day,Cancelled,Credit Card,Consumer
ORD11715,03-08-2025,CUST1244,Tanvi Dubey,Karnataka,Bengaluru,South,Electronics,Laptop,4,6030,20,19296,16280.12,3015.88,Standard Class,Delivered,UPI,Consumer
ORD11716,17-12-2024,CUST1535,Tanvi Soni,Rajasthan,Udaipur,North,Furniture,Bed,6,16688,20,80102.4,62970.26,17132.14,First Class,Returned,Credit Card,Small Business
ORD11717,16-09-2024,CUST1354,Aarav Singh,Delhi,New Delhi,North,Electronics,Laptop,5,12839,15,54565.75,44362.74,10203.01,Second Class,Returned,UPI,Enterprise
ORD11718,10-02-2025,CUST1434,Aarav Sharma,West Bengal,Kolkata,East,Furniture,Bed,2,43239,5,82154.1,58728.88,23425.22,Same Day,In Transit,Credit Card,Small Business
ORD11719,30-11-2024,CUST1698,Muskan Mishra,Madhya Pradesh,Bhopal,Central,Furniture,Chair,8,43016,20,275302.4,254158.7,21143.7,Standard Class,Delivered,Cash on Delivery,Consumer
ORD11720,21-06-2024,CUST1606,Meera Gupta,Rajasthan,Udaipur,North,Electronics,Smartwatch,5,41738,15,177386.5,132563.91,44822.59,Same Day,Returned,Credit Card,Enterprise
ORD11721,14-01-2026,CUST1620,Tanvi Agarwal,Telangana,Warangal,South,Office Supplies,Marker,8,12733,15,86584.4,66538.84,20045.56,Standard Class,Delivered,Credit Card,Enterprise
ORD11722,03-06-2026,CUST1130,Vivaan Kapoor,Rajasthan,Jaipur,North,Furniture,Wardrobe,6,56302,25,253359,217742.32,35616.68,Second Class,Cancelled,Credit Card,Consumer
ORD11723,26-12-2024,CUST1748,Mohit Soni,Uttar Pradesh,Lucknow,North,Furniture,Sofa,2,37695,0,75390,61960.71,13429.29,Second Class,Returned,Debit Card,Enterprise
ORD11724,21-03-2026,CUST1241,Dev Jaiswal,Madhya Pradesh,Indore,Central,Electronics,Smartwatch,6,28054,15,143075.4,96715.13,46360.27,Second Class,Returned,UPI,Corporate
ORD11725,10-10-2024,CUST1014,Tanvi Chopra,Karnataka,Bengaluru,South,Electronics,Tablet,4,44344,20,141900.8,89677.09,52223.71,Standard Class,Cancelled,Debit Card,Small Business
ORD11726,25-06-2025,CUST1304,Sneha Yadav,West Bengal,Siliguri,East,Electronics,Tablet,3,4216,5,12015.6,10927.6,1088,First Class,Delivered,Net Banking,Small Business
ORD11727,17-10-2025,CUST1578,Rahul Mehta,Delhi,New Delhi,North,Furniture,Table,3,33983,0,101949,91676.52,10272.48,Same Day,Delivered,Credit Card,Small Business
ORD11728,10-05-2025,CUST1098,Riya Sharma,Karnataka,Mysuru,South,Office Supplies,Printer Paper,2,1776,20,2841.6,1716.92,1124.68,Second Class,In Transit,Debit Card,Corporate
ORD11729,22-03-2025,CUST1363,Aman Joshi,Uttar Pradesh,Lucknow,North,Furniture,Bed,8,41461,25,248766,168467.84,80298.16,First Class,Cancelled,Net Banking,Consumer
ORD11730,19-04-2024,CUST1295,Harsh Jaiswal,Tamil Nadu,Coimbatore,South,Electronics,Smartphone,6,21203,10,114496.2,91035.44,23460.76,Standard Class,In Transit,Net Banking,Enterprise
ORD11731,10-05-2024,CUST1621,Palak Dubey,Delhi,New Delhi,North,Office Supplies,Printer Paper,4,52539,20,168124.8,144711.97,23412.83,Second Class,Cancelled,UPI,Corporate
ORD11732,15-08-2024,CUST1651,Shreya Sharma,West Bengal,Siliguri,East,Electronics,Monitor,2,13811,10,24859.8,22142.06,2717.74,Standard Class,Cancelled,Credit Card,Enterprise
ORD11733,02-05-2026,CUST1578,Simran Sharma,Gujarat,Surat,West,Furniture,Sofa,8,31208,5,237180.8,160174.46,77006.34,Second Class,Delivered,Credit Card,Enterprise
ORD11734,17-03-2026,CUST1371,Karan Kapoor,Uttar Pradesh,Lucknow,North,,Smartwatch,6,39485,5,225064.5,179731.05,45333.45,Same Day,Delivered,Debit Card,Corporate
ORD11735,24-12-2025,CUST1400,Diya Mishra,Maharashtra,Mumbai,West,Electronics,Monitor,3,11817,0,35451,31609.23,3841.77,First Class,Delivered,UPI,Consumer
ORD11736,03-08-2024,CUST1164,Meera Mishra,Madhya Pradesh,Bhopal,Central,Electronics,Tablet,4,25909,10,93272.4,65433.9,27838.5,Same Day,Delivered,Debit Card,Corporate
ORD11737,27-05-2025,CUST1244,Nidhi Patel,Maharashtra,Mumbai,West,Furniture,Bed,3,11023,15,28108.65,20780.46,7328.19,Second Class,Cancelled,Cash on Delivery,Consumer
ORD11738,11-08-2024,CUST1192,Aditi Soni,Uttar Pradesh,Noida,North,Office Supplies,Pen Set,8,7174,0,57392,46519.35,10872.65,First Class,In Transit,UPI,Consumer
ORD11739,18-01-2026,CUST1434,Shreya Bansal,Maharashtra,Mumbai,West,Office Supplies,Marker,4,41758,5,158680.4,114208.2,44472.2,Same Day,Cancelled,Debit Card,Small Business
ORD11740,23-10-2024,CUST1280,Siddharth Gupta,Delhi,New Delhi,North,Electronics,Smartphone,5,30511,25,114416.25,69763.42,44652.83,Second Class,In Transit,Credit Card,Small Business
ORD11741,05-02-2026,CUST1420,Rishi Agarwal,Rajasthan,Udaipur,North,Furniture,Bed,5,54091,0,270455,193906.68,76548.32,Second Class,Returned,UPI,Enterprise
ORD11742,26-05-2025,CUST1405,Sneha Singh,Karnataka,Bengaluru,South,Electronics,Laptop,6,7292,25,32814,29371.66,3442.34,Same Day,Returned,Cash on Delivery,Small Business
ORD11743,22-08-2024,CUST1722,Varun Sharma,Uttar Pradesh,Noida,North,Electronics,Smartwatch,1,2937,25,2202.75,2032.13,170.62,Same Day,Returned,Credit Card,Corporate
ORD11744,31-07-2025,CUST1163,Ananya Soni,Telangana,Warangal,South,Furniture,Wardrobe,5,41974,5,199376.5,125785.94,73590.56,Second Class,Returned,UPI,Small Business
ORD11745,11-05-2025,CUST1406,Ishita Agarwal,Delhi,New Delhi,North,Office Supplies,Pen Set,4,29898,25,89694,57911.97,31782.03,Standard Class,Returned,UPI,Small Business
ORD11746,20-03-2024,CUST1225,Palak Bansal,Maharashtra,Nashik,West,Electronics,Laptop,3,40755,15,103925.25,64037.02,39888.23,Second Class,In Transit,Cash on Delivery,Corporate
ORD11747,05-06-2024,CUST1170,Rohan Chopra,Maharashtra,Pune,West,Electronics,Smartphone,5,58690,25,220087.5,146703.14,73384.36,First Class,Delivered,UPI,Small Business
ORD11748,14-11-2025,CUST1605,Ritika Gupta,Telangana,Hyderabad,South,Furniture,Chair,8,52973,15,360216.4,301466.86,58749.54,Second Class,Delivered,Cash on Delivery,Enterprise
ORD11749,25-01-2024,CUST1051,Meera Chopra,Telangana,Hyderabad,South,Furniture,Sofa,8,26602,15,180893.6,152034.44,28859.16,Second Class,Returned,Debit Card,Enterprise
ORD11750,27-11-2025,CUST1578,Harsh Tiwari,Tamil Nadu,Coimbatore,South,Electronics,Tablet,4,28474,25,85422,75756.79,9665.21,First Class,In Transit,Cash on Delivery,Enterprise
ORD11751,17-03-2026,CUST1648,Sneha Sharma,Tamil Nadu,Coimbatore,South,Office Supplies,Notebook,6,22180,20,106464,70614.23,35849.77,Second Class,Cancelled,Credit Card,Enterprise
ORD10025,14-05-2025,CUST1250,Aditi Joshi,Delhi,New Delhi,North,Electronics,Smartphone,6,29555,25,132997.5,117718.24,15279.26,First Class,Cancelled,Cash on Delivery,Corporate
ORD11753,27-11-2025,CUST1246,Rishi Tiwari,Tamil Nadu,Chennai,South,Furniture,Sofa,8,11789,5,89596.4,78247.68,11348.72,First Class,Cancelled,Net Banking,Enterprise
ORD11754,22-01-2025,CUST1525,Rohan Mishra,Maharashtra,Nagpur,West,Electronics,Tablet,7,5897,20,33023.2,20370.99,12652.21,Second Class,Cancelled,Cash on Delivery,Enterprise
ORD11755,27-11-2025,CUST1777,Diya Mehta,West Bengal,Kolkata,East,Electronics,Tablet,5,58493,0,292465,252651.46,39813.54,First Class,Delivered,Cash on Delivery,Enterprise
ORD11756,20-05-2026,CUST1574,Aditi Soni,Gujarat,Surat,West,Electronics,Laptop,4,43926,10,158133.6,109993.85,48139.75,Second Class,In Transit,UPI,Corporate
ORD11757,10-03-2024,CUST1138,Shreya Bansal,Telangana,Hyderabad,South,Electronics,Monitor,4,17754,15,60363.6,45109.1,15254.5,Second Class,Cancelled,Net Banking,Corporate
ORD11758,08-08-2024,CUST1098,Mohit Mishra,Gujarat,Ahmedabad,West,Electronics,Monitor,3,10682,0,32046,20088.76,11957.24,First Class,In Transit,UPI,Consumer
ORD11759,05-09-2024,CUST1404,Naina Singh,Gujarat,Ahmedabad,West,Furniture,Sofa,3,14372,0,43116,39876.4,3239.6,Second Class,Delivered,Debit Card,Consumer
ORD11760,01-09-2025,CUST1436,Muskan Patel,Gujarat,Ahmedabad,West,Electronics,Smartwatch,1,12231,5,11619.45,7468.61,4150.84,Second Class,Delivered,UPI,Corporate
ORD11761,23-11-2024,CUST1408,Simran Jain,Gujarat,Ahmedabad,West,Office Supplies,Printer Paper,2,43656,15,74215.2,57152.03,17063.17,Standard Class,Delivered,UPI,Consumer
ORD11762,27-06-2024,CUST1301,Khushi Verma,Gujarat,Ahmedabad,West,Office Supplies,Marker,6,55439,5,316002.3,280385.7,35616.6,Second Class,Returned,Credit Card,Enterprise
ORD11763,26-04-2024,CUST1476,Naina Gupta,Maharashtra,Mumbai,West,Electronics,Monitor,8,20152,15,137033.6,111899.21,25134.39,Standard Class,Cancelled,UPI,Corporate
ORD11764,20-01-2026,CUST1736,Nidhi Saxena,Tamil Nadu,Chennai,South,Office Supplies,Pen Set,1,3253,20,2602.4,1777.69,824.71,Standard Class,In Transit,Debit Card,Consumer
ORD11765,10-06-2026,CUST1727,Vivaan Patel,Maharashtra,Pune,West,Electronics,Smartwatch,1,1838,10,1654.2,1491.08,163.12,Second Class,Returned,UPI,Corporate
ORD11766,08-06-2026,CUST1043,Aditya Sharma,Maharashtra,Nagpur,West,Electronics,Smartwatch,7,10697,10,67391.1,43915.03,23476.07,Standard Class,In Transit,UPI,Consumer
ORD11767,28-01-2024,CUST1103,Palak Jain,Tamil Nadu,Coimbatore,South,Furniture,Table,4,11175,15,37995,29367.76,8627.24,Standard Class,Cancelled,Net Banking,Consumer
ORD11768,08-01-2024,CUST1183,Nidhi Verma,Maharashtra,Nashik,West,Office Supplies,Marker,7,48490,5,322458.5,301040.72,21417.78,Standard Class,Returned,Credit Card,Enterprise
ORD11769,10-08-2025,CUST1306,Tanvi Mehta,Uttar Pradesh,Lucknow,North,Electronics,Smartphone,1,11382,5,10812.9,6642.13,4170.77,Same Day,Returned,Credit Card,Consumer
ORD11770,17-03-2024,CUST1062,Khushi Saxena,Karnataka,Bengaluru,South,Electronics,Smartphone,2,40067,20,64107.2,44769.53,19337.67,First Class,Delivered,Net Banking,Small Business
ORD11771,16-05-2025,CUST1457,Manav Yadav,Rajasthan,Jaipur,North,Furniture,Wardrobe,6,10935,20,52488,36842.62,15645.38,Second Class,Cancelled,Cash on Delivery,Small Business
ORD11772,06-10-2024,CUST1675,Manav Jain,Tamil Nadu,Coimbatore,South,Electronics,Laptop,4,1752,25,5256,3980.51,1275.49,Standard Class,Returned,Cash on Delivery,Corporate
ORD11773,29-03-2025,CUST1248,Sneha Soni,Karnataka,Bengaluru,South,Electronics,Smartphone,8,11144,15,75779.2,62474.97,13304.23,Second Class,In Transit,Cash on Delivery,Consumer
ORD11774,16-07-2024,CUST1261,Aditya Jain,Maharashtra,Pune,West,Electronics,Tablet,2,6097,5,11584.3,7206.87,4377.43,Same Day,In Transit,Net Banking,Consumer
ORD11775,08-03-2024,CUST1690,Neha Kapoor,Maharashtra,Mumbai,West,Electronics,Smartphone,5,2916,15,12393,8801.25,3591.75,First Class,Cancelled,UPI,Consumer
ORD11776,23-07-2025,CUST1415,Rajat Saxena,Tamil Nadu,Coimbatore,South,Electronics,Tablet,8,37341,15,253918.8,233434.08,20484.72,Standard Class,In Transit,Debit Card,Consumer
ORD11777,17-06-2025,CUST1123,Harsh Yadav,Tamil Nadu,Chennai,South,Electronics,Tablet,2,16351,20,26161.6,24694.77,1466.83,Standard Class,Delivered,UPI,Small Business
ORD11778,13-03-2024,CUST1598,Aditya Yadav,Rajasthan,Udaipur,North,Furniture,Bed,7,30656,15,182403.2,136005.76,46397.44,Second Class,Returned,Cash on Delivery,Enterprise
ORD11779,09-11-2024,CUST1339,Arjun Jain,Madhya Pradesh,Indore,Central,Furniture,Wardrobe,3,51983,0,155949,118123.21,37825.79,Same Day,Cancelled,UPI,Corporate
ORD11780,13-06-2026,CUST1166,Diya Yadav,Uttar Pradesh,Lucknow,North,Furniture,Sofa,6,15273,10,82474.2,62535.29,19938.91,Same Day,In Transit,Debit Card,Corporate
ORD11781,22-07-2025,CUST1485,Ishita Patel,Madhya Pradesh,Indore,Central,Furniture,Sofa,3,35072,10,94694.4,74188.05,20506.35,First Class,Cancelled,Credit Card,Enterprise
ORD11782,04-10-2025,CUST1016,Aditya Sharma,West Bengal,Kolkata,East,Electronics,Monitor,6,46113,15,235176.3,214507.17,20669.13,First Class,Delivered,Cash on Delivery,Corporate
ORD11783,19-10-2024,CUST1272,Palak Patel,Telangana,Warangal,South,Furniture,Table,5,50386,15,214140.5,149933.39,64207.11,Same Day,In Transit,Cash on Delivery,Corporate
ORD11784,20-07-2025,CUST1750,Aman Bansal,Karnataka,Mysuru,South,Furniture,Sofa,3,46737,5,133200.45,108023.39,25177.06,Same Day,Cancelled,Net Banking,Corporate
ORD11785,04-01-2024,CUST1399,Rajat Chopra,Rajasthan,Jaipur,North,Furniture,Sofa,4,54623,5,207567.4,186792.12,20775.28,Second Class,Delivered,UPI,Enterprise
ORD11786,04-04-2024,CUST1383,Nikhil Kapoor,Delhi,New Delhi,North,Electronics,Laptop,2,17357,25,26035.5,23617.7,2417.8,Second Class,Returned,Debit Card,Corporate
ORD11787,15-04-2025,CUST1032,Ritika Malhotra,West Bengal,Siliguri,East,Electronics,Smartphone,7,12124,5,80624.6,53876.21,26748.39,First Class,Returned,Debit Card,Small Business
ORD11788,27-03-2024,CUST1079,Ishita Chopra,Rajasthan,Jaipur,North,Furniture,Sofa,4,17953,10,64630.8,59906.64,4724.16,Same Day,Returned,Debit Card,Small Business
ORD11789,28-06-2025,CUST1735,Karan Mehta,Karnataka,Mysuru,South,Furniture,Sofa,3,50355,0,151065,124042.76,27022.24,Second Class,Returned,Net Banking,Corporate
ORD11790,17-05-2025,CUST1657,Yash Bansal,Tamil Nadu,Coimbatore,South,Electronics,Headphones,2,8262,15,14045.4,9769.82,4275.58,Second Class,Returned,Net Banking,Small Business
ORD11791,28-09-2025,CUST1633,Meera Tiwari,Maharashtra,Nashik,West,Electronics,Smartwatch,4,21381,5,81247.8,67284.14,13963.66,Same Day,Returned,Cash on Delivery,Consumer
ORD11792,28-10-2025,CUST1077,Pooja Tiwari,Delhi,New Delhi,North,Electronics,Tablet,2,17310,10,31158,29399.14,1758.86,Second Class,Returned,,Corporate
ORD11793,19-03-2024,CUST1026,Tanvi Kapoor,Uttar Pradesh,Lucknow,North,Electronics,Smartwatch,3,17244,10,46558.8,39996.46,6562.34,Standard Class,In Transit,Debit Card,Enterprise
ORD10025,18-02-2024,CUST1650,Palak Joshi,West Bengal,Kolkata,East,Furniture,Wardrobe,7,11209,10,70616.7,47451.3,23165.4,First Class,Cancelled,UPI,Enterprise
ORD11795,05-09-2024,CUST1767,Ananya Verma,Delhi,New Delhi,North,Electronics,Laptop,7,53218,20,298020.8,244177.22,53843.58,First Class,Delivered,Credit Card,Consumer
ORD11796,19-05-2026,CUST1791,Palak Dubey,Telangana,Warangal,South,Furniture,Chair,7,22362,0,156534,117190.62,39343.38,Same Day,Delivered,Debit Card,Consumer
ORD11797,17-09-2024,CUST1779,Nikhil Soni,Maharashtra,Pune,West,Electronics,Smartphone,4,5534,15,18815.6,11579.78,7235.82,Second Class,Cancelled,Credit Card,Enterprise
ORD11798,22-03-2024,CUST1270,Kavya Yadav,Rajasthan,Jaipur,North,Furniture,Chair,3,4137,20,9928.8,7316.42,,First Class,In Transit,,Consumer
ORD11799,04-03-2024,CUST1662,Varun Saxena,Uttar Pradesh,Noida,North,Furniture,Wardrobe,8,33312,10,239846.4,157668.87,82177.53,First Class,Delivered,Debit Card,Small Business
ORD11800,23-12-2025,CUST1546,Akash Joshi,Maharashtra,Nashik,West,Electronics,Smartwatch,4,55393,15,188336.2,124180.03,64156.17,Standard Class,Returned,Cash on Delivery,Small Business
ORD11801,15-12-2025,CUST1447,Rajat Jaiswal,Maharashtra,Nagpur,West,Furniture,Wardrobe,5,30147,10,135661.5,112720.37,22941.13,Same Day,In Transit,Cash on Delivery,Corporate
ORD11802,18-05-2026,CUST1213,Arjun Dubey,Maharashtra,Nagpur,West,Furniture,Wardrobe,8,43458,20,278131.2,229307.86,48823.34,Same Day,Cancelled,UPI,Enterprise
ORD11803,02-07-2025,CUST1105,Neha Chopra,Karnataka,Bengaluru,South,Electronics,Headphones,4,39865,10,143514,122764.34,20749.66,Standard Class,Returned,Credit Card,Consumer
ORD11804,24-02-2026,CUST1564,Aditi Joshi,West Bengal,Siliguri,East,Office Supplies,Marker,1,57515,5,54639.25,42933.26,11705.99,Same Day,Cancelled,Net Banking,Consumer
ORD11805,12-05-2025,CUST1334,Simran Dubey,Uttar Pradesh,Noida,North,Electronics,Tablet,8,59654,15,405647.2,245814.86,159832.34,Second Class,Delivered,UPI,Consumer
ORD10025,19-10-2024,CUST1106,Sneha Mishra,Tamil Nadu,Chennai,South,Electronics,Monitor,3,25083,10,67724.1,60508.85,7215.25,Standard Class,In Transit,Debit Card,Small Business
ORD11807,10-12-2024,CUST1161,Harsh Soni,Gujarat,Ahmedabad,West,Furniture,Wardrobe,4,21279,15,72348.6,52866.96,19481.64,Second Class,Cancelled,Net Banking,Small Business
ORD11808,16-08-2024,CUST1497,Harsh Patel,Maharashtra,Nashik,West,Furniture,Bed,6,50888,10,274795.2,208998.67,65796.53,First Class,In Transit,Debit Card,Consumer
ORD11809,15-05-2026,CUST1655,Kavya Jain,Maharashtra,Nagpur,West,Office Supplies,Stapler,5,27679,15,117635.75,103235.76,14399.99,Standard Class,Cancelled,Debit Card,Corporate
ORD11810,14-03-2025,CUST1335,Arjun Gupta,Uttar Pradesh,Noida,North,Furniture,Table,5,37071,25,139016.25,120426.28,18589.97,Second Class,Cancelled,Net Banking,Small Business
ORD11811,01-03-2024,CUST1573,Mohit Jaiswal,Gujarat,Ahmedabad,West,Electronics,Smartphone,6,17842,0,107052,80629.41,26422.59,Standard Class,Returned,Cash on Delivery,Consumer
ORD11812,12-12-2025,CUST1556,Rishi Sharma,West Bengal,Siliguri,East,Electronics,Headphones,6,30987,10,167329.8,113362.87,53966.93,Standard Class,In Transit,Cash on Delivery,Enterprise
ORD11813,10-01-2026,CUST1444,Kavya Yadav,Delhi,New Delhi,North,Electronics,Headphones,5,27543,0,137715,97681.6,40033.4,Second Class,Delivered,Debit Card,Consumer
ORD11814,23-06-2025,CUST1613,Tanvi Soni,Telangana,Hyderabad,South,Electronics,Smartphone,4,17466,15,59384.4,37215.04,22169.36,Same Day,In Transit,Net Banking,Corporate
ORD11815,12-02-2024,CUST1293,Rajat Verma,Telangana,Warangal,South,Office Supplies,Stapler,4,43388,5,164874.4,138830.88,26043.52,Standard Class,Cancelled,UPI,Enterprise
ORD11816,25-10-2024,CUST1288,Simran Chopra,Maharashtra,Pune,West,Electronics,Monitor,4,4207,20,13462.4,11918.54,1543.86,First Class,In Transit,Net Banking,Enterprise
ORD11817,20-07-2025,CUST1553,Tanvi Agarwal,Maharashtra,Pune,West,Furniture,Wardrobe,4,5912,5,22465.6,17184.59,5281.01,Second Class,Delivered,UPI,Corporate
ORD11818,23-05-2026,CUST1426,Aditi Saxena,Uttar Pradesh,Noida,North,Furniture,Bed,8,30194,15,205319.2,155882.81,49436.39,Same Day,Cancelled,Debit Card,Small Business
ORD11819,04-12-2024,CUST1712,Rohan Yadav,Delhi,New Delhi,North,Furniture,Chair,4,16596,20,53107.2,33924.31,19182.89,Second Class,Returned,UPI,Consumer
ORD11820,20-02-2024,CUST1550,Simran Agarwal,Uttar Pradesh,Lucknow,North,Electronics,Smartphone,6,24544,5,139900.8,95449.25,44451.55,Second Class,In Transit,Credit Card,Corporate
ORD11821,10-12-2024,CUST1764,Manav Gupta,Gujarat,Ahmedabad,West,Electronics,Monitor,2,20603,25,30904.5,24167.55,6736.95,Same Day,Delivered,Credit Card,Enterprise
ORD11822,18-04-2024,CUST1327,Aditi Joshi,Karnataka,Mysuru,South,Electronics,Smartwatch,1,25464,15,21644.4,15118.71,6525.69,Standard Class,Returned,Debit Card,Enterprise
ORD11823,18-09-2024,CUST1676,Nidhi Gupta,Tamil Nadu,Chennai,South,Office Supplies,Marker,5,37063,5,176049.25,150903.47,25145.78,Same Day,Cancelled,Credit Card,Consumer
ORD11824,19-12-2024,CUST1171,Rishi Malhotra,Maharashtra,Nagpur,West,Electronics,Headphones,6,54270,15,276777,255016.61,21760.39,Standard Class,In Transit,Credit Card,Small Business
ORD11825,27-09-2024,CUST1543,Ritika Singh,Tamil Nadu,Chennai,South,Furniture,Chair,3,24726,20,59342.4,39359.31,19983.09,Standard Class,Returned,Cash on Delivery,Small Business
ORD11826,09-10-2024,CUST1321,Aditya Malhotra,West Bengal,Siliguri,East,Furniture,Sofa,2,49295,25,73942.5,62491.53,11450.97,First Class,Returned,Net Banking,Small Business
ORD11827,14-01-2025,CUST1173,Muskan Soni,Rajasthan,Jaipur,North,Electronics,Headphones,1,2177,10,1959.3,1225.33,733.97,Second Class,Cancelled,Net Banking,Small Business
ORD11828,20-12-2024,CUST1782,Ritika Jaiswal,Delhi,New Delhi,North,Office Supplies,Notebook,8,50144,15,340979.2,276087.69,64891.51,Standard Class,Returned,Net Banking,Enterprise
ORD11829,30-05-2025,CUST1714,Aditya Jain,Uttar Pradesh,Lucknow,North,Electronics,Smartphone,6,59424,0,356544,306633.65,49910.35,Standard Class,Returned,UPI,Enterprise
ORD11830,13-02-2024,CUST1689,Diya Malhotra,Tamil Nadu,Chennai,South,Office Supplies,Marker,4,17884,25,53652,48164.23,5487.77,Standard Class,Cancelled,UPI,Corporate
ORD11831,29-01-2025,CUST1274,Pooja Patel,Gujarat,Ahmedabad,West,Furniture,Wardrobe,3,52752,25,118692,102195.54,16496.46,Same Day,Returned,Credit Card,Enterprise
ORD11832,16-05-2025,CUST1703,Aditi Mehta,Delhi,New Delhi,North,Furniture,Table,3,50025,20,120060,103738.46,16321.54,First Class,Delivered,Debit Card,Consumer
ORD11833,22-04-2024,CUST1709,Aarav Yadav,Delhi,New Delhi,North,Furniture,Wardrobe,2,22975,10,41355,35563.25,5791.75,First Class,Cancelled,Net Banking,Consumer
ORD11834,03-02-2026,CUST1244,Shreya Saxena,Uttar Pradesh,Noida,North,Furniture,Wardrobe,5,3027,20,12108,8279.81,3828.19,First Class,Cancelled,UPI,Small Business
ORD11835,24-08-2025,CUST1342,Siddharth Chopra,Telangana,Warangal,South,Electronics,Monitor,7,7839,0,54873,37131.42,17741.58,Second Class,In Transit,Credit Card,Small Business
ORD11836,11-05-2024,CUST1083,Nidhi Malhotra,Uttar Pradesh,Lucknow,North,Furniture,Sofa,7,39979,15,237875.05,148334.5,89540.55,Same Day,Cancelled,Debit Card,Enterprise
ORD11837,11-03-2025,CUST1229,Neha Dubey,Telangana,Warangal,South,Furniture,Wardrobe,7,48665,5,323622.25,203832.22,119790.03,First Class,In Transit,Net Banking,Consumer
ORD11838,19-01-2026,CUST1080,Naina Mehta,Karnataka,Bengaluru,South,Electronics,Smartphone,3,50133,10,135359.1,119765.23,15593.87,First Class,In Transit,Credit Card,Consumer
ORD11839,20-04-2024,CUST1771,Akash Mishra,West Bengal,Kolkata,East,Furniture,Bed,1,7448,15,6330.8,4663.64,1667.16,Standard Class,Cancelled,Credit Card,Enterprise
ORD11840,18-03-2026,CUST1153,Ishita Dubey,West Bengal,Kolkata,East,Office Supplies,Pen Set,6,15025,15,76627.5,46095.34,30532.16,Second Class,Delivered,Net Banking,Corporate
ORD11841,27-09-2025,CUST1748,Ankit Kapoor,Delhi,New Delhi,North,Electronics,Monitor,6,32334,15,164903.4,120511.36,44392.04,Second Class,Returned,UPI,Consumer
ORD11842,27-07-2024,CUST1018,Diya Jain,Rajasthan,Jaipur,North,Office Supplies,Notebook,4,56242,25,168726,110645.71,58080.29,Second Class,Returned,Cash on Delivery,Corporate
ORD11843,12-01-2026,CUST1234,Vivaan Agarwal,Madhya Pradesh,Bhopal,Central,Office Supplies,Marker,4,49230,10,177228,114234.73,62993.27,Same Day,Delivered,UPI,Corporate
ORD11844,19-11-2025,CUST1720,Shreya Chopra,Maharashtra,Pune,West,Office Supplies,Stapler,1,45205,15,38424.25,34579.2,3845.05,First Class,Cancelled,Credit Card,Consumer
ORD11845,29-05-2025,CUST1780,Nikhil Jaiswal,Telangana,Hyderabad,South,Office Supplies,Notebook,2,6352,25,9528,8818.56,709.44,Same Day,Cancelled,Cash on Delivery,Consumer
ORD11846,07-01-2026,CUST1631,Palak Mishra,Rajasthan,Jaipur,North,Furniture,Bed,7,25971,5,172707.15,127336.81,45370.34,Same Day,In Transit,Cash on Delivery,Consumer
ORD11847,01-12-2025,CUST1503,Yash Bansal,Gujarat,Ahmedabad,West,Electronics,Tablet,5,22238,0,111190,74205.22,36984.78,Standard Class,In Transit,Cash on Delivery,Small Business
ORD11848,21-07-2024,CUST1682,Naina Agarwal,West Bengal,Kolkata,East,Office Supplies,Marker,6,14533,10,78478.2,64472.17,14006.03,Standard Class,In Transit,Credit Card,Small Business
ORD11849,19-08-2025,CUST1646,Aditi Saxena,Madhya Pradesh,Indore,Central,Office Supplies,Marker,6,27368,15,139576.8,124315.97,15260.83,Standard Class,In Transit,UPI,Small Business
ORD11850,11-02-2025,CUST1337,Nidhi Soni,Delhi,New Delhi,North,,Bed,2,8444,25,12666,11403.75,1262.25,First Class,Returned,Cash on Delivery,Consumer
ORD11851,05-01-2024,CUST1730,Dev Jain,Tamil Nadu,Chennai,South,Furniture,Wardrobe,4,33471,20,107107.2,97982.88,9124.32,First Class,Delivered,Debit Card,Enterprise
ORD11852,27-05-2026,CUST1360,Yash Joshi,Tamil Nadu,Coimbatore,South,Electronics,Laptop,4,26411,25,79233,49894.16,29338.84,Same Day,Returned,Credit Card,Corporate
ORD11853,31-07-2025,CUST1682,Rohan Kapoor,West Bengal,Siliguri,East,Electronics,Headphones,6,43227,10,233425.8,197933.9,35491.9,Second Class,Returned,Cash on Delivery,Small Business
ORD11854,03-05-2026,CUST1419,Kavya Jaiswal,Gujarat,Surat,West,Electronics,Monitor,5,48719,10,219235.5,166686.16,52549.34,Standard Class,In Transit,Cash on Delivery,Enterprise
ORD11855,15-12-2025,CUST1376,Riya Yadav,Delhi,New Delhi,North,Electronics,Monitor,1,46536,20,37228.8,33423.47,3805.33,First Class,Cancelled,Net Banking,Corporate
ORD11856,16-08-2025,CUST1798,Nidhi Tiwari,Maharashtra,Pune,West,Furniture,Sofa,4,25341,0,101364,93588.25,7775.75,Standard Class,In Transit,Net Banking,Consumer
ORD11857,19-05-2025,CUST1547,Sneha Tiwari,Delhi,New Delhi,North,Furniture,Sofa,4,27054,0,108216,91649.82,16566.18,Same Day,In Transit,UPI,Corporate
ORD11858,14-08-2025,CUST1632,Sneha Sharma,Maharashtra,Pune,West,Office Supplies,Printer Paper,2,4570,5,8683,5244.47,3438.53,Same Day,Cancelled,Net Banking,Corporate
ORD11859,19-01-2025,CUST1370,Nikhil Malhotra,Tamil Nadu,Chennai,South,Electronics,Smartwatch,4,19548,10,70372.8,54619.88,15752.92,Same Day,Delivered,Net Banking,Consumer
ORD11860,16-05-2026,CUST1198,Akash Jain,Telangana,Hyderabad,South,Electronics,Monitor,6,32337,10,174619.8,156048.58,18571.22,Same Day,Cancelled,Net Banking,Consumer
ORD10025,03-09-2025,CUST1005,Varun Chopra,Karnataka,Mysuru,South,Office Supplies,Printer Paper,4,5173,15,17588.2,12099.63,5488.57,First Class,Returned,Net Banking,Enterprise
ORD11862,07-05-2024,CUST1059,Khushi Agarwal,Madhya Pradesh,Indore,Central,Furniture,Chair,6,34113,20,163742.4,122817.32,40925.08,First Class,In Transit,UPI,Corporate
ORD11863,07-03-2026,CUST1520,Tanvi Agarwal,West Bengal,Kolkata,East,Electronics,Smartwatch,3,20924,10,56494.8,53362.36,3132.44,Standard Class,Returned,Cash on Delivery,Consumer
ORD11864,23-04-2025,CUST1787,Karan Soni,Karnataka,Bengaluru,South,Furniture,Bed,2,54724,10,98503.2,80077.07,18426.13,Standard Class,Delivered,UPI,Consumer
ORD11865,23-11-2024,CUST1263,Akash Dubey,Uttar Pradesh,Lucknow,North,Office Supplies,Notebook,8,13938,20,89203.2,69334.42,19868.78,Same Day,In Transit,Debit Card,Enterprise
ORD11866,03-08-2024,CUST1109,Mohit Patel,Karnataka,Mysuru,South,Furniture,Table,1,36537,20,29229.6,20364.35,8865.25,First Class,Cancelled,Net Banking,Consumer
ORD11867,08-07-2025,CUST1652,Rishi Tiwari,Telangana,Hyderabad,South,Electronics,Laptop,6,19454,5,110887.8,102724.25,8163.55,Second Class,Returned,UPI,Consumer
ORD11868,27-10-2024,CUST1170,Rahul Sharma,Maharashtra,Mumbai,West,Electronics,Tablet,5,56549,25,212058.75,128304.06,83754.69,First Class,Delivered,Credit Card,Small Business
ORD11869,03-04-2025,CUST1695,Siddharth Dubey,Telangana,Hyderabad,South,Furniture,Table,3,16381,20,39314.4,31049.9,8264.5,Same Day,Cancelled,Net Banking,Consumer
ORD11870,10-03-2026,CUST1317,Priya Verma,West Bengal,Siliguri,East,Office Supplies,Stapler,6,58938,0,353628,322857.17,30770.83,Second Class,Cancelled,Cash on Delivery,Corporate
ORD11871,20-07-2024,CUST1417,Vivaan Malhotra,Telangana,Warangal,South,Electronics,Monitor,4,1599,20,5116.8,3249.02,1867.78,Second Class,In Transit,Cash on Delivery,Enterprise
ORD11872,28-04-2025,CUST1125,Simran Saxena,Madhya Pradesh,Indore,Central,Electronics,Smartwatch,4,33610,5,127718,115854.29,11863.71,First Class,Delivered,Cash on Delivery,Small Business
ORD11873,27-02-2024,CUST1349,Meera Chopra,Maharashtra,Pune,West,Office Supplies,Notebook,2,53461,15,90883.7,70732.44,20151.26,Same Day,Cancelled,Net Banking,Enterprise
ORD11874,01-03-2024,CUST1159,Aman Sharma,Maharashtra,Pune,West,Office Supplies,Stapler,3,50219,0,150657,136510.34,14146.66,Same Day,Returned,,Small Business
ORD11875,15-05-2025,CUST1542,Pooja Gupta,Maharashtra,Pune,West,Electronics,Laptop,4,27570,0,110280,80760.8,29519.2,Standard Class,In Transit,Debit Card,Enterprise
ORD11876,15-10-2024,CUST1590,Aditya Saxena,Gujarat,Ahmedabad,West,Electronics,Tablet,8,4403,5,33462.8,30892.86,2569.94,Same Day,Returned,Debit Card,Consumer
ORD11877,06-01-2026,CUST1307,Naina Joshi,Madhya Pradesh,Bhopal,Central,Electronics,Smartwatch,6,50368,5,287097.6,207975.06,79122.54,Second Class,Returned,Credit Card,Enterprise
ORD11878,18-11-2024,CUST1753,Pooja Soni,Gujarat,Ahmedabad,West,Furniture,Wardrobe,6,7030,0,42180,37397.93,4782.07,Same Day,In Transit,Credit Card,Small Business
ORD11879,02-03-2024,CUST1676,Ishita Agarwal,Maharashtra,Nashik,West,Electronics,Monitor,7,32603,0,228221,188773.75,39447.25,Standard Class,In Transit,Cash on Delivery,Corporate
ORD11880,14-03-2025,CUST1052,Diya Malhotra,West Bengal,Kolkata,East,Electronics,Tablet,1,11831,15,10056.35,7160.26,2896.09,First Class,Returned,Net Banking,Corporate
ORD11881,03-01-2025,CUST1141,Tanvi Bansal,Madhya Pradesh,Indore,Central,Furniture,Wardrobe,3,16204,10,43750.8,35800.57,7950.23,First Class,Cancelled,UPI,Small Business
ORD11882,08-01-2024,CUST1655,Harsh Dubey,Maharashtra,Nagpur,West,Furniture,Wardrobe,3,26573,5,75733.05,59631.83,16101.22,Second Class,Returned,,Enterprise
ORD11883,09-10-2025,CUST1386,Harsh Mishra,Maharashtra,Mumbai,West,Furniture,Bed,3,47075,25,105918.75,82504.05,23414.7,Same Day,Returned,Net Banking,Enterprise
ORD11884,18-12-2024,CUST1667,Tanvi Bansal,Madhya Pradesh,Indore,Central,Office Supplies,Printer Paper,8,1811,5,13763.6,11555.72,2207.88,Same Day,Cancelled,Credit Card,Enterprise
ORD11885,14-10-2024,CUST1092,Vivaan Verma,Telangana,Hyderabad,South,Office Supplies,Stapler,3,11921,25,26822.25,21462.33,5359.92,Second Class,In Transit,Credit Card,Consumer
ORD11886,28-05-2025,CUST1369,Ishita Bansal,Uttar Pradesh,Noida,North,Electronics,Smartphone,5,57055,25,213956.25,135472.31,78483.94,First Class,Returned,Debit Card,Consumer
ORD11887,22-02-2024,CUST1237,Arjun Mehta,Uttar Pradesh,Lucknow,North,Electronics,Headphones,4,5805,10,20898,18140.26,2757.74,Same Day,In Transit,UPI,Corporate
ORD11888,10-06-2026,CUST1627,Vivaan Kapoor,Uttar Pradesh,Lucknow,North,Furniture,Bed,8,12703,10,91461.6,76252.29,15209.31,First Class,Cancelled,Cash on Delivery,Enterprise
ORD11889,31-05-2024,CUST1798,Priya Gupta,Delhi,New Delhi,North,Electronics,Headphones,7,43076,5,286455.4,181135.05,105320.35,First Class,Delivered,Cash on Delivery,Enterprise
ORD11890,24-03-2025,CUST1395,Muskan Tiwari,Maharashtra,Nashik,West,Office Supplies,Pen Set,7,19347,25,101571.75,68420.2,33151.55,Second Class,In Transit,UPI,Corporate
ORD11891,11-11-2025,CUST1218,Rajat Dubey,Uttar Pradesh,Noida,North,Electronics,Headphones,5,26090,15,110882.5,102734.63,8147.87,Second Class,Delivered,Net Banking,Corporate
ORD11892,04-06-2024,CUST1526,Rohan Mehta,Karnataka,Mysuru,South,Electronics,Laptop,8,10534,25,63204,46641.14,16562.86,Standard Class,In Transit,Credit Card,Enterprise
ORD11893,02-04-2024,CUST1443,Aarav Saxena,Karnataka,Bengaluru,South,Furniture,Sofa,8,18634,20,119257.6,74924.5,44333.1,First Class,In Transit,UPI,Corporate
ORD11894,17-03-2025,CUST1183,Ankit Malhotra,West Bengal,Kolkata,East,Furniture,Chair,7,27204,5,180906.6,157209.86,23696.74,Second Class,Returned,Debit Card,Small Business
ORD11895,24-05-2026,CUST1387,Nidhi Soni,Karnataka,Mysuru,South,Furniture,Wardrobe,6,29934,20,143683.2,132163.52,11519.68,Second Class,Returned,UPI,Consumer
ORD11896,28-02-2025,CUST1765,Sneha Mehta,Gujarat,Surat,West,Furniture,Chair,1,25277,25,18957.75,17893.28,1064.47,Standard Class,In Transit,Net Banking,Consumer
ORD11897,07-06-2025,CUST1649,Naina Kapoor,Karnataka,Bengaluru,South,Furniture,Bed,5,40339,25,151271.25,108525.8,42745.45,Standard Class,Cancelled,Credit Card,Small Business
ORD11898,26-04-2025,CUST1226,Nikhil Saxena,Karnataka,Bengaluru,South,Electronics,Monitor,8,35962,20,230156.8,161285.04,68871.76,Standard Class,Cancelled,Debit Card,Consumer
ORD11899,17-05-2026,CUST1014,Siddharth Soni,Uttar Pradesh,Noida,North,Electronics,Smartphone,4,22911,10,82479.6,70923.18,11556.42,Standard Class,Delivered,UPI,Enterprise
ORD11900,01-02-2024,CUST1435,Aditya Soni,Madhya Pradesh,Bhopal,Central,Electronics,Smartphone,1,22879,25,17159.25,15881.68,1277.57,Same Day,Delivered,Debit Card,Small Business
ORD11901,11-08-2025,CUST1778,Neha Chopra,Karnataka,Bengaluru,South,Furniture,Chair,8,50266,0,402128,277127.94,125000.06,First Class,Returned,UPI,Corporate
ORD11902,03-07-2024,CUST1519,Simran Patel,Telangana,Hyderabad,South,Electronics,Headphones,3,10463,0,31389,27849.62,3539.38,Standard Class,Returned,Credit Card,Consumer
ORD11903,14-04-2026,CUST1161,Ananya Patel,,Coimbatore,South,Electronics,Smartwatch,7,36083,0,252581,162174.52,90406.48,Same Day,In Transit,Debit Card,Consumer
ORD11904,05-03-2024,CUST1237,Shreya Dubey,Uttar Pradesh,Lucknow,North,Furniture,Table,3,18455,25,41523.75,38256.39,3267.36,First Class,In Transit,UPI,Corporate
ORD11905,13-04-2026,CUST1155,Aarav Saxena,Rajasthan,Jaipur,North,Electronics,Monitor,3,32073,10,86597.1,70154.38,16442.72,Second Class,Returned,Debit Card,Consumer
ORD11906,29-08-2025,CUST1272,Nikhil Agarwal,Madhya Pradesh,Indore,Central,Furniture,Bed,6,17035,5,97099.5,78518.88,18580.62,First Class,Delivered,Credit Card,Corporate
ORD11907,29-04-2026,CUST1131,Varun Chopra,West Bengal,Siliguri,East,Furniture,Chair,5,36678,15,155881.5,129284.41,26597.09,Standard Class,Returned,UPI,Small Business
ORD11908,29-01-2024,CUST1322,Arjun Singh,West Bengal,Siliguri,East,Office Supplies,Stapler,8,43505,0,348040,249580.52,98459.48,Second Class,In Transit,Net Banking,Enterprise
ORD11909,08-12-2025,CUST1237,Simran Tiwari,Maharashtra,Mumbai,West,Furniture,Bed,5,19135,10,86107.5,65844.86,20262.64,Standard Class,Delivered,Net Banking,Consumer
ORD11910,07-02-2025,CUST1540,Ankit Agarwal,Tamil Nadu,Coimbatore,South,Office Supplies,Notebook,1,13334,25,10000.5,6897.05,3103.45,First Class,Cancelled,Debit Card,Enterprise
ORD11911,29-03-2025,CUST1138,Varun Sharma,Madhya Pradesh,Bhopal,Central,Electronics,Tablet,7,26732,15,159055.4,148075.82,10979.58,Same Day,Cancelled,UPI,Small Business
ORD11912,16-07-2024,CUST1446,Palak Kapoor,Uttar Pradesh,Noida,North,Electronics,Smartphone,1,36790,0,36790,29068.92,7721.08,Second Class,In Transit,Debit Card,Corporate
ORD11913,19-01-2024,CUST1140,Rohan Mishra,Rajasthan,Udaipur,North,Electronics,Smartphone,4,50906,10,183261.6,117459.39,65802.21,First Class,Cancelled,Net Banking,Small Business
ORD11914,13-03-2025,CUST1201,Kavya Gupta,Maharashtra,Nashik,West,Electronics,Tablet,1,14423,25,10817.25,9294.16,1523.09,Same Day,Delivered,Net Banking,Small Business
ORD11915,29-04-2026,CUST1527,Priya Joshi,Maharashtra,Mumbai,West,Electronics,Smartphone,8,25462,10,183326.4,120052.43,63273.97,Second Class,Delivered,Credit Card,Small Business
ORD11916,20-12-2024,CUST1192,Akash Mehta,Karnataka,Mysuru,South,Electronics,Monitor,7,2937,20,16447.2,13630,2817.2,Same Day,In Transit,,Consumer
ORD11917,02-12-2024,CUST1278,Nidhi Agarwal,Maharashtra,Nagpur,West,Furniture,Wardrobe,8,54972,25,329832,233060.32,96771.68,Same Day,In Transit,Net Banking,Enterprise
ORD11918,08-01-2025,CUST1398,Riya Kapoor,Maharashtra,Mumbai,West,Furniture,Bed,8,35196,0,281568,228380.97,53187.03,Same Day,Cancelled,Credit Card,Enterprise
ORD11919,15-02-2025,CUST1554,Shreya Singh,Maharashtra,Mumbai,West,Furniture,Sofa,1,22686,15,19283.1,12957.43,6325.67,Standard Class,Delivered,Cash on Delivery,Consumer
ORD11920,07-08-2024,CUST1032,Vivaan Joshi,Karnataka,Bengaluru,South,,Bed,6,28335,20,136008,112029.04,23978.96,Second Class,Delivered,Cash on Delivery,Enterprise
ORD11921,04-07-2024,CUST1237,Muskan Jaiswal,Gujarat,Ahmedabad,West,Furniture,Bed,2,25575,10,46035,35778.64,10256.36,Second Class,Returned,UPI,Consumer
ORD11922,29-01-2025,CUST1335,Simran Soni,Maharashtra,Nagpur,West,Electronics,Headphones,7,29642,0,207494,192826.51,14667.49,Second Class,Delivered,Cash on Delivery,Corporate
ORD11923,14-08-2025,CUST1689,Harsh Sharma,,Lucknow,North,Electronics,Smartwatch,6,59955,25,269797.5,177422,92375.5,Standard Class,Cancelled,UPI,Small Business
ORD11924,31-12-2025,CUST1232,Manav Yadav,Maharashtra,Nagpur,West,Furniture,Wardrobe,6,57587,10,310969.8,207620.66,103349.14,First Class,In Transit,Net Banking,Enterprise
ORD11925,21-03-2025,CUST1769,Diya Joshi,Karnataka,Mysuru,South,Electronics,Smartwatch,8,1628,15,11070.4,9825.57,1244.83,First Class,Returned,Cash on Delivery,Consumer
ORD11926,16-02-2024,CUST1152,Vivaan Malhotra,Karnataka,Mysuru,South,Electronics,Laptop,5,2573,15,10935.25,7975.7,2959.55,Standard Class,Delivered,Net Banking,Small Business
ORD11927,28-01-2026,CUST1165,Ishita Sharma,West Bengal,Kolkata,East,Electronics,Headphones,8,10614,20,67929.6,50532.38,17397.22,First Class,Returned,Credit Card,Enterprise
ORD11928,03-06-2026,CUST1383,Rohan Jain,Uttar Pradesh,Noida,North,Electronics,Headphones,8,37930,25,227580,184276.7,43303.3,Same Day,In Transit,Net Banking,Enterprise
ORD11929,20-12-2025,CUST1683,Nidhi Agarwal,Gujarat,Surat,West,Office Supplies,Marker,6,33540,15,171054,152701.68,18352.32,Second Class,Cancelled,UPI,Consumer
ORD11930,26-02-2024,CUST1440,Diya Patel,Rajasthan,Udaipur,North,Electronics,Headphones,3,23439,25,52737.75,44820.84,7916.91,Same Day,Cancelled,UPI,Small Business
ORD11931,18-12-2025,CUST1020,Aditi Sharma,Karnataka,Mysuru,South,Electronics,Monitor,2,31360,10,56448,52210.75,4237.25,Standard Class,In Transit,Debit Card,Enterprise
ORD11932,10-02-2025,CUST1506,Dev Mehta,West Bengal,Kolkata,East,Electronics,Laptop,4,59207,0,236828,175999.45,60828.55,First Class,In Transit,Net Banking,Consumer
ORD11933,29-01-2026,CUST1333,Vivaan Kapoor,Tamil Nadu,Chennai,South,Office Supplies,Stapler,8,6923,15,47076.4,35330.42,11745.98,Same Day,Returned,Credit Card,Enterprise
ORD11934,11-02-2025,CUST1138,Tanvi Patel,Maharashtra,Mumbai,West,Furniture,Table,2,32121,25,48181.5,35775.77,12405.73,Same Day,Delivered,Credit Card,Small Business
ORD11935,07-03-2025,CUST1279,Dev Agarwal,Karnataka,Bengaluru,South,Electronics,Smartphone,2,21077,20,33723.2,23880.86,9842.34,Second Class,Returned,Net Banking,Consumer
ORD11936,22-03-2025,CUST1635,Rishi Patel,Rajasthan,Udaipur,North,Office Supplies,Stapler,3,43019,0,129057,108242.52,20814.48,Same Day,Delivered,Debit Card,Small Business
ORD11937,10-06-2026,CUST1482,Rishi Jain,Maharashtra,Pune,West,Electronics,Laptop,4,17066,0,68264,57720.63,10543.37,Standard Class,In Transit,Credit Card,Consumer
ORD11938,28-11-2024,CUST1239,Ananya Tiwari,Rajasthan,Udaipur,North,Electronics,Smartwatch,7,21366,10,134605.8,111668.23,22937.57,Second Class,Returned,Credit Card,Consumer
ORD11939,27-05-2025,CUST1763,Aditya Soni,Madhya Pradesh,Bhopal,Central,Office Supplies,Pen Set,4,22150,5,84170,71161.22,13008.78,Standard Class,Cancelled,Cash on Delivery,Consumer
ORD11940,28-04-2024,CUST1228,Aditya Dubey,Delhi,New Delhi,North,Electronics,Headphones,1,22018,15,18715.3,12698.76,6016.54,Same Day,Cancelled,Debit Card,Small Business
ORD11941,22-01-2026,CUST1356,Ankit Verma,Delhi,New Delhi,North,Electronics,Laptop,6,8008,0,48048,36236.05,11811.95,First Class,Cancelled,UPI,Small Business
ORD11942,27-03-2026,CUST1273,Ankit Kapoor,West Bengal,Kolkata,East,Furniture,Sofa,1,37039,15,31483.15,24747.67,6735.48,Standard Class,In Transit,Credit Card,Small Business
ORD11943,09-09-2024,CUST1321,Karan Gupta,Uttar Pradesh,Noida,North,Furniture,Sofa,7,39305,5,261378.25,236805.98,24572.27,Standard Class,Delivered,Net Banking,Corporate
ORD11944,02-04-2025,CUST1711,Priya Soni,Delhi,New Delhi,North,Electronics,Laptop,8,52650,20,336960,305081.73,31878.27,Standard Class,In Transit,Net Banking,Small Business
ORD11945,08-06-2026,CUST1257,Pooja Verma,Gujarat,Ahmedabad,West,Electronics,Smartphone,8,52800,5,401280,278284.21,122995.79,Standard Class,Delivered,Cash on Delivery,Enterprise
ORD11946,30-11-2025,CUST1385,Rohan Bansal,Delhi,New Delhi,North,Electronics,Tablet,7,50223,0,351561,259750.45,91810.55,First Class,In Transit,Net Banking,Small Business
ORD11947,23-11-2025,CUST1522,Rahul Soni,Karnataka,Bengaluru,South,Electronics,Monitor,5,59375,15,252343.75,154861.88,97481.87,Standard Class,Delivered,Debit Card,Consumer
ORD11948,05-11-2025,CUST1257,Priya Tiwari,Maharashtra,Nashik,West,Electronics,Headphones,5,3054,20,12216,9899.62,2316.38,Same Day,Returned,Cash on Delivery,Consumer
ORD10025,22-05-2026,CUST1018,Rahul Singh,Rajasthan,Udaipur,North,Furniture,Bed,4,743,25,2229,1348.48,880.52,Standard Class,Returned,Cash on Delivery,Consumer
ORD11950,04-02-2024,CUST1566,Kavya Saxena,Telangana,Warangal,South,Electronics,Smartphone,5,46887,0,234435,168551.89,65883.11,Standard Class,Delivered,Debit Card,Enterprise
ORD11951,11-10-2025,CUST1188,Arjun Tiwari,West Bengal,Kolkata,East,Electronics,Monitor,7,53307,20,298519.2,240786.97,57732.23,Second Class,Delivered,UPI,Enterprise
ORD11952,03-04-2025,CUST1432,Rajat Bansal,Madhya Pradesh,Bhopal,Central,Electronics,Smartphone,2,10735,10,19323,17719.21,1603.79,First Class,In Transit,Cash on Delivery,Consumer
ORD11953,17-04-2026,CUST1273,Tanvi Joshi,Maharashtra,Nagpur,West,Furniture,Table,7,51142,5,340094.3,210195.65,129898.65,First Class,Returned,Cash on Delivery,Consumer
ORD11954,11-01-2026,CUST1265,Manav Agarwal,Uttar Pradesh,Noida,North,Electronics,Headphones,3,231,5,658.35,446.65,211.7,Same Day,Returned,Net Banking,Small Business
ORD11955,04-08-2024,CUST1023,Khushi Joshi,Tamil Nadu,Chennai,South,Furniture,Bed,6,32376,20,155404.8,127603.11,27801.69,First Class,Delivered,Debit Card,Corporate
ORD11956,29-01-2025,CUST1147,Tanvi Kapoor,Uttar Pradesh,Noida,North,Electronics,Laptop,7,17938,10,113009.4,69366.6,43642.8,First Class,In Transit,Credit Card,Corporate
ORD11957,19-07-2025,CUST1500,Khushi Malhotra,Uttar Pradesh,Lucknow,North,Furniture,Table,5,58746,25,220297.5,207662.34,12635.16,First Class,Delivered,Credit Card,Enterprise
ORD11958,24-11-2024,CUST1557,Harsh Mehta,Maharashtra,Pune,West,Furniture,Wardrobe,6,53595,10,289413,223282.88,66130.12,Standard Class,Delivered,Debit Card,Corporate
ORD11959,12-10-2024,CUST1144,Rohan Joshi,Telangana,Warangal,South,Office Supplies,Notebook,4,24382,10,87775.2,72126.75,15648.45,Same Day,Returned,Cash on Delivery,Consumer
ORD11960,14-01-2025,CUST1680,Aditya Chopra,Gujarat,Ahmedabad,West,Electronics,Smartwatch,6,25162,20,120777.6,80758.01,40019.59,Same Day,In Transit,Net Banking,Enterprise
ORD11961,24-08-2024,CUST1260,Rajat Mishra,Madhya Pradesh,Indore,Central,Electronics,Headphones,4,5633,5,21405.4,16364.51,5040.89,Second Class,Returned,Debit Card,Enterprise
ORD11962,25-11-2025,CUST1027,Nikhil Malhotra,Rajasthan,Jaipur,North,Electronics,Smartphone,1,5962,15,5067.7,3922.38,1145.32,Second Class,Returned,Debit Card,Consumer
ORD11963,08-01-2025,CUST1682,Rajat Jaiswal,Maharashtra,Nashik,West,Furniture,Wardrobe,5,17728,15,75344,51092.53,24251.47,First Class,Delivered,Debit Card,Corporate
ORD11964,25-06-2025,CUST1441,Meera Jain,Gujarat,Ahmedabad,West,Furniture,Table,4,48431,25,145293,93466.07,51826.93,Same Day,Cancelled,Cash on Delivery,Consumer
ORD11965,08-02-2026,CUST1052,Simran Joshi,Uttar Pradesh,Noida,North,Furniture,Sofa,8,31792,25,190752,156829.12,33922.88,Standard Class,Delivered,UPI,Small Business
ORD11966,19-01-2024,CUST1086,Aarav Bansal,Maharashtra,Pune,West,Furniture,Table,8,55655,20,356192,235334.61,120857.39,Same Day,Cancelled,Net Banking,Small Business
ORD11967,19-08-2024,CUST1630,Riya Gupta,Gujarat,Ahmedabad,West,Office Supplies,Pen Set,3,8932,10,24116.4,16257.11,7859.29,Second Class,Returned,Credit Card,Small Business
ORD11968,21-11-2025,CUST1347,Tanvi Agarwal,Uttar Pradesh,Noida,North,Furniture,Table,8,30096,10,216691.2,157477.99,59213.21,Second Class,Delivered,Cash on Delivery,Small Business
ORD11969,22-01-2025,CUST1194,Aman Sharma,Karnataka,Bengaluru,South,Office Supplies,Pen Set,5,28509,0,142545,96865.88,45679.12,Second Class,Cancelled,Cash on Delivery,Enterprise
ORD11970,02-10-2025,CUST1708,Riya Mishra,Telangana,Warangal,South,Electronics,Laptop,5,30485,10,137182.5,125532.34,11650.16,Second Class,Returned,Cash on Delivery,Small Business
ORD11971,14-12-2024,CUST1247,Harsh Gupta,Tamil Nadu,Coimbatore,South,Electronics,Smartwatch,4,44926,20,143763.2,95197.17,48566.03,Standard Class,In Transit,Debit Card,Small Business
ORD11972,22-10-2025,CUST1463,Ritika Bansal,Delhi,New Delhi,North,Furniture,Bed,5,27168,25,101880,96328.09,5551.91,Standard Class,Cancelled,Credit Card,Enterprise
ORD11973,14-10-2025,CUST1335,Nikhil Bansal,Madhya Pradesh,Indore,Central,Office Supplies,Stapler,6,40727,25,183271.5,128601.93,54669.57,Second Class,Delivered,UPI,Small Business
ORD11974,14-10-2024,CUST1471,Rajat Jaiswal,Madhya Pradesh,Indore,Central,Electronics,Monitor,6,41511,0,249066,157057.19,92008.81,Same Day,Cancelled,Cash on Delivery,Enterprise
ORD11975,30-07-2025,CUST1637,Naina Tiwari,Maharashtra,Pune,West,Furniture,Wardrobe,7,58090,10,365967,256989.68,108977.32,Same Day,Delivered,Net Banking,Corporate
ORD11976,18-09-2024,CUST1182,Ishita Singh,Rajasthan,Jaipur,North,,Headphones,2,1723,0,3446,2185.09,1260.91,Same Day,Cancelled,Cash on Delivery,Consumer
ORD10025,06-06-2026,CUST1596,Tanvi Malhotra,Delhi,New Delhi,North,Electronics,Smartwatch,6,38615,10,208521,132971.35,75549.65,Standard Class,Cancelled,Net Banking,Consumer
ORD11978,27-12-2024,CUST1527,Aditya Singh,Gujarat,Ahmedabad,West,Furniture,Chair,1,46938,10,42244.2,34678.55,7565.65,Same Day,In Transit,Debit Card,Corporate
ORD11979,11-05-2024,CUST1634,Naina Joshi,Gujarat,Surat,West,Office Supplies,Pen Set,7,27957,10,176129.1,149061.52,27067.58,Second Class,Delivered,Debit Card,Consumer
ORD11980,19-09-2024,CUST1210,Simran Verma,Tamil Nadu,Coimbatore,South,Electronics,Tablet,2,11999,25,17998.5,12166.99,5831.51,Second Class,Returned,Credit Card,Enterprise
ORD11981,16-03-2026,CUST1133,Shreya Saxena,Tamil Nadu,Coimbatore,South,Furniture,Bed,8,14137,10,101786.4,93248.58,8537.82,First Class,Cancelled,Debit Card,Consumer
ORD11982,26-04-2025,CUST1488,Arjun Jain,Karnataka,Bengaluru,South,Electronics,Monitor,8,39473,0,315784,217848.73,97935.27,Second Class,Delivered,Net Banking,Consumer
ORD11983,10-09-2025,CUST1781,Priya Bansal,West Bengal,Kolkata,East,Furniture,Sofa,7,25958,25,136279.5,128480.44,7799.06,First Class,Cancelled,Credit Card,Consumer
ORD11984,09-04-2026,CUST1250,Rishi Agarwal,Tamil Nadu,Chennai,South,Electronics,Smartphone,6,25762,15,131386.2,101845.09,29541.11,Standard Class,In Transit,Credit Card,Small Business
ORD11985,29-11-2024,CUST1544,Ananya Verma,Madhya Pradesh,Bhopal,Central,Office Supplies,Stapler,6,47066,5,268276.2,243930.68,24345.52,Same Day,Cancelled,Credit Card,Small Business
ORD11986,06-12-2025,CUST1229,Aditya Verma,Madhya Pradesh,Bhopal,Central,Office Supplies,Notebook,1,43531,15,37001.35,24478.25,12523.1,First Class,Cancelled,Net Banking,Small Business
ORD11987,16-09-2025,CUST1714,Nidhi Singh,West Bengal,Siliguri,East,Furniture,Chair,3,44755,15,114125.25,71996.9,42128.35,Second Class,Cancelled,Credit Card,Consumer
ORD11988,16-08-2024,CUST1594,Karan Dubey,Rajasthan,Udaipur,North,Electronics,Smartwatch,6,26051,25,117229.5,82569.38,34660.12,Standard Class,Returned,UPI,Small Business
ORD11989,28-05-2024,CUST1728,Arjun Singh,Delhi,New Delhi,North,Electronics,Laptop,1,42925,15,36486.25,24456.66,12029.59,Standard Class,Returned,UPI,Enterprise
ORD11990,28-07-2024,CUST1758,Diya Mishra,Karnataka,Mysuru,South,Furniture,Chair,5,55202,20,220808,140838.62,79969.38,First Class,In Transit,Net Banking,Corporate
ORD11991,06-02-2026,CUST1557,Akash Dubey,Gujarat,Surat,West,Office Supplies,Marker,3,50362,20,120868.8,85927.56,34941.24,Same Day,Cancelled,Net Banking,Consumer
ORD11992,11-12-2025,CUST1601,Ishita Jaiswal,Delhi,New Delhi,North,Furniture,Wardrobe,1,31277,0,31277,29556.51,1720.49,Same Day,Delivered,Debit Card,Small Business
ORD11993,10-09-2024,CUST1222,Rajat Bansal,Madhya Pradesh,Indore,Central,Office Supplies,Marker,1,3452,25,2589,1668.75,920.25,Standard Class,In Transit,Credit Card,Enterprise
ORD11994,20-03-2025,CUST1776,Akash Saxena,Tamil Nadu,Chennai,South,Furniture,Sofa,7,1491,5,9915.15,6172.36,3742.79,First Class,Delivered,Debit Card,Enterprise
ORD11995,18-01-2025,CUST1064,Sneha Kapoor,Tamil Nadu,Chennai,South,Furniture,Chair,5,11523,25,43211.25,35385.32,7825.93,First Class,Cancelled,UPI,Enterprise
ORD11996,05-01-2025,CUST1132,Aditi Malhotra,Tamil Nadu,Coimbatore,South,Electronics,Headphones,3,10367,5,29545.95,24891.05,4654.9,First Class,Cancelled,UPI,Enterprise
ORD11997,31-12-2024,CUST1147,Naina Malhotra,Karnataka,Bengaluru,South,Furniture,Wardrobe,3,40069,5,114196.65,100388.26,13808.39,Same Day,Cancelled,UPI,Small Business
ORD11998,24-02-2025,CUST1538,Khushi Saxena,Madhya Pradesh,Indore,Central,Electronics,Headphones,7,19881,15,118291.95,110026.57,8265.38,First Class,Cancelled,Debit Card,Enterprise
ORD11999,15-02-2026,CUST1010,Rajat Mishra,Karnataka,Mysuru,South,Electronics,Smartwatch,3,58977,20,141544.8,97083.65,44461.15,First Class,Delivered,Cash on Delivery,Consumer
ORD12000,04-02-2026,CUST1693,Aditya Yadav,Uttar Pradesh,Noida,North,Electronics,Monitor,5,53862,10,242379,209066.12,33312.88,Standard Class,Delivered,Debit Card,Consumer
ORD12001,25-08-2025,CUST1217,Siddharth Jaiswal,Maharashtra,Nashik,West,Furniture,Bed,5,16822,15,71493.5,53787.04,17706.46,Same Day,Cancelled,Credit Card,Enterprise
ORD12002,30-03-2025,CUST1453,Harsh Soni,Rajasthan,Udaipur,North,Electronics,Tablet,4,14569,5,55362.2,39037.11,16325.09,Same Day,In Transit,Credit Card,Enterprise
ORD12003,22-09-2025,CUST1076,Naina Patel,Telangana,Hyderabad,South,Electronics,Monitor,7,58692,5,390301.8,302756.92,87544.88,Standard Class,In Transit,Credit Card,Enterprise
ORD12004,23-10-2024,CUST1008,Nidhi Verma,Karnataka,Mysuru,South,Electronics,Tablet,1,21376,5,20307.2,13003.84,7303.36,Standard Class,Returned,Net Banking,Corporate
ORD12005,29-12-2024,CUST1601,Palak Bansal,Madhya Pradesh,Indore,Central,Furniture,Wardrobe,7,10937,20,61247.2,38378.25,22868.95,Same Day,In Transit,Net Banking,Enterprise
ORD12006,07-01-2026,CUST1237,Manav Sharma,Maharashtra,Nagpur,West,Furniture,Wardrobe,2,28975,10,52155,40140.64,12014.36,Same Day,Returned,Credit Card,Enterprise
ORD10025,08-04-2025,CUST1119,Meera Bansal,Gujarat,Surat,West,Furniture,Sofa,6,59389,25,267250.5,241923.74,25326.76,Standard Class,Returned,Debit Card,Small Business
ORD12008,13-12-2024,CUST1490,Rohan Yadav,West Bengal,Siliguri,East,Electronics,Smartwatch,4,55529,20,177692.8,126525.54,51167.26,Same Day,Cancelled,Net Banking,Small Business
ORD12009,27-01-2025,CUST1074,Vivaan Mehta,Karnataka,Bengaluru,South,Electronics,Smartphone,5,33965,15,144351.25,109061.91,35289.34,Standard Class,Cancelled,Debit Card,Small Business
ORD12010,27-11-2024,CUST1603,Pooja Malhotra,Tamil Nadu,Chennai,South,Electronics,Smartphone,1,42093,0,42093,38782.41,3310.59,First Class,Returned,Debit Card,Consumer
ORD12011,09-03-2024,CUST1585,Pooja Singh,Tamil Nadu,Coimbatore,South,Electronics,Tablet,5,2324,10,10458,8944.47,1513.53,First Class,Returned,Credit Card,Small Business
ORD12012,26-02-2024,CUST1793,Aman Mehta,Delhi,New Delhi,North,Electronics,Smartphone,4,40181,5,152687.8,104810.56,47877.24,Same Day,Returned,Credit Card,Corporate
ORD12013,21-01-2024,CUST1584,Rohan Mishra,Delhi,New Delhi,North,Office Supplies,Pen Set,8,20763,20,132883.2,110916.43,21966.77,Second Class,In Transit,UPI,Enterprise
ORD12014,29-05-2024,CUST1796,Riya Saxena,Uttar Pradesh,Noida,North,Furniture,Sofa,8,33246,25,199476,179697.44,19778.56,Same Day,In Transit,Net Banking,Enterprise
ORD12015,25-02-2025,CUST1027,Sneha Singh,Karnataka,Mysuru,South,Furniture,Wardrobe,4,57061,15,194007.4,173819.04,20188.36,Same Day,Cancelled,Cash on Delivery,Small Business
ORD12016,30-03-2025,CUST1721,Siddharth Joshi,Uttar Pradesh,Lucknow,North,Furniture,Chair,5,18382,10,82719,68790.43,13928.57,Same Day,In Transit,Cash on Delivery,Consumer
ORD12017,31-05-2024,CUST1414,Ishita Gupta,Madhya Pradesh,Indore,Central,Office Supplies,Stapler,4,46774,5,177741.2,149552.8,28188.4,Second Class,Cancelled,Cash on Delivery,Corporate
ORD12018,11-03-2025,CUST1511,Meera Kapoor,Delhi,New Delhi,North,Electronics,Tablet,5,44155,0,220775,189478.52,31296.48,Standard Class,Cancelled,Net Banking,Small Business
ORD12019,27-08-2025,CUST1566,Siddharth Soni,Karnataka,Mysuru,South,Electronics,Monitor,6,36481,0,218886,186236.36,32649.64,Standard Class,Returned,UPI,Enterprise
ORD12020,12-12-2024,CUST1633,Naina Gupta,Karnataka,Mysuru,South,Furniture,Wardrobe,1,24092,5,22887.4,19673.53,3213.87,Same Day,In Transit,Net Banking,Corporate
ORD12021,22-05-2026,CUST1046,Nikhil Tiwari,Uttar Pradesh,Noida,North,Electronics,Smartwatch,1,23085,0,23085,20294.63,2790.37,Same Day,Cancelled,Credit Card,Consumer
ORD12022,27-04-2026,CUST1187,Muskan Patel,Rajasthan,Jaipur,North,Electronics,Headphones,4,36427,15,123851.8,108182.77,15669.03,First Class,In Transit,Net Banking,Corporate
ORD12023,10-06-2026,CUST1436,Aarav Patel,Maharashtra,Pune,West,Electronics,Smartphone,8,6978,15,47450.4,32478.23,14972.17,Second Class,Delivered,Cash on Delivery,Small Business
ORD12024,20-02-2026,CUST1528,Siddharth Patel,Telangana,Hyderabad,South,Electronics,Tablet,4,56584,15,192385.6,167842.45,24543.15,Same Day,Cancelled,Credit Card,Corporate
ORD12025,24-12-2024,CUST1577,Ishita Gupta,Telangana,Warangal,South,Electronics,Smartwatch,1,26354,15,22400.9,17209.76,5191.14,Same Day,In Transit,Debit Card,Small Business
ORD12026,13-01-2024,CUST1300,Sneha Patel,Maharashtra,Mumbai,West,Electronics,Monitor,8,31748,25,190488,123015.91,67472.09,Second Class,Returned,Cash on Delivery,Consumer
ORD12027,30-05-2025,CUST1298,Arjun Yadav,Maharashtra,Nagpur,West,Office Supplies,Stapler,8,10112,5,76851.2,55326.28,21524.92,First Class,Cancelled,Credit Card,Consumer
ORD12028,01-03-2024,CUST1478,Rishi Agarwal,Telangana,Hyderabad,South,Electronics,Laptop,1,52168,10,46951.2,29578.15,17373.05,First Class,In Transit,UPI,Enterprise
ORD12029,06-10-2025,CUST1391,Palak Yadav,Delhi,New Delhi,North,Electronics,Monitor,2,5835,10,10503,8636.87,1866.13,Standard Class,In Transit,Debit Card,Consumer
ORD12030,15-11-2024,CUST1343,Naina Verma,Madhya Pradesh,Bhopal,Central,Furniture,Sofa,1,2958,0,2958,2677.25,280.75,First Class,Delivered,Cash on Delivery,Corporate
ORD12031,19-03-2026,CUST1315,Pooja Bansal,Maharashtra,Nashik,West,Electronics,Headphones,1,42851,15,36423.35,25808.1,10615.25,Second Class,Returned,Net Banking,Small Business
ORD12032,26-10-2024,CUST1498,Siddharth Joshi,Madhya Pradesh,Indore,Central,Office Supplies,Printer Paper,7,14038,20,78612.8,53153.03,25459.77,Second Class,Returned,Debit Card,Small Business
ORD12033,20-02-2026,CUST1791,Naina Soni,Rajasthan,Jaipur,North,Furniture,Wardrobe,4,15647,10,56329.2,35071.55,21257.65,Second Class,Returned,Debit Card,Enterprise
ORD12034,04-08-2024,CUST1605,Simran Mehta,Delhi,New Delhi,North,Furniture,Chair,1,48017,0,48017,33177.22,14839.78,Standard Class,Returned,Cash on Delivery,Enterprise
ORD12035,22-04-2024,CUST1756,Meera Chopra,Tamil Nadu,Chennai,South,Office Supplies,Notebook,5,871,25,3266.25,2617.49,648.76,Standard Class,Cancelled,Credit Card,Consumer
ORD12036,30-06-2025,CUST1574,Yash Yadav,,Chennai,South,Office Supplies,Stapler,2,58365,15,99220.5,93204.92,6015.58,Second Class,Delivered,Credit Card,Small Business
ORD12037,15-09-2024,CUST1333,Nidhi Jaiswal,Delhi,New Delhi,North,Furniture,Wardrobe,2,24109,0,48218,30637.8,17580.2,Same Day,Cancelled,Credit Card,Small Business
ORD12038,16-02-2025,CUST1607,Akash Kapoor,Tamil Nadu,Chennai,South,Electronics,Tablet,4,27836,0,111344,71764.63,39579.37,Same Day,Cancelled,Credit Card,Corporate
ORD12039,22-07-2025,CUST1061,Priya Yadav,Rajasthan,Udaipur,North,Office Supplies,Stapler,5,32200,10,144900,105393.16,39506.84,Same Day,Delivered,Net Banking,Corporate
ORD12040,25-06-2024,CUST1391,Meera Mehta,Gujarat,Ahmedabad,West,Furniture,Bed,2,28007,0,56014,51131.38,4882.62,First Class,Returned,Net Banking,Consumer
ORD12041,16-03-2025,CUST1267,Ritika Malhotra,Uttar Pradesh,Noida,North,Electronics,Tablet,5,50404,0,252020,183846.74,68173.26,First Class,In Transit,Cash on Delivery,Enterprise
ORD12042,10-08-2025,CUST1117,Varun Sharma,Madhya Pradesh,Bhopal,Central,Furniture,Sofa,5,5856,25,21960,18349.96,3610.04,Same Day,Delivered,Debit Card,Enterprise
ORD12043,29-11-2024,CUST1753,Priya Jaiswal,Rajasthan,Jaipur,North,Electronics,Smartphone,4,29313,5,111389.4,90000.44,21388.96,First Class,In Transit,Net Banking,Enterprise
ORD12044,20-02-2026,CUST1276,Yash Kapoor,Maharashtra,Nashik,West,Electronics,Monitor,2,20581,15,34987.7,24195.23,10792.47,Second Class,Cancelled,UPI,Corporate
ORD12045,26-05-2024,CUST1440,Shreya Chopra,Delhi,New Delhi,North,Electronics,Tablet,6,25456,0,152736,121416.77,31319.23,Second Class,Delivered,Credit Card,Small Business
ORD12046,05-10-2025,CUST1370,Rahul Dubey,Uttar Pradesh,Noida,North,Electronics,Laptop,6,18102,5,103181.4,93354.05,9827.35,Second Class,Cancelled,Debit Card,Consumer
ORD12047,27-04-2025,CUST1073,Tanvi Mishra,Delhi,New Delhi,North,Furniture,Sofa,3,45886,0,137658,103726.77,33931.23,Same Day,In Transit,Credit Card,Small Business
ORD12048,11-09-2024,CUST1155,Aditya Patel,Maharashtra,Pune,West,Furniture,Table,8,34901,0,279208,239185.24,40022.76,Same Day,In Transit,Net Banking,Corporate
ORD12049,21-09-2025,CUST1343,Karan Mishra,Karnataka,Mysuru,South,Electronics,Smartwatch,7,28968,10,182498.4,137247.2,45251.2,Standard Class,Returned,Net Banking,Enterprise
ORD12050,17-09-2025,CUST1198,Karan Saxena,Gujarat,Surat,West,Furniture,Wardrobe,3,37894,10,102313.8,71002.73,31311.07,Second Class,Cancelled,Net Banking,Small Business
ORD12051,14-04-2026,CUST1618,Rohan Malhotra,Gujarat,Surat,West,Electronics,Monitor,7,26995,20,151172,104493.41,46678.59,First Class,In Transit,Net Banking,Enterprise
ORD12052,31-12-2025,CUST1728,Varun Tiwari,Uttar Pradesh,Lucknow,North,Furniture,Chair,4,5157,15,17533.8,11277.82,6255.98,Second Class,Delivered,Net Banking,Enterprise
ORD12053,12-07-2024,CUST1204,Rajat Verma,Gujarat,Surat,West,Electronics,Laptop,4,36544,25,109632,86269.87,23362.13,First Class,Delivered,Cash on Delivery,Consumer
ORD12054,29-02-2024,CUST1122,Ankit Mehta,Maharashtra,Nashik,West,Electronics,Laptop,3,16553,15,42210.15,27323.06,14887.09,Second Class,Returned,Credit Card,Consumer
ORD12055,08-09-2024,CUST1266,Simran Chopra,Maharashtra,Nagpur,West,Furniture,Table,8,35863,0,286904,208240.03,78663.97,First Class,Delivered,UPI,Enterprise
ORD12056,23-10-2024,CUST1406,Aman Chopra,Rajasthan,Jaipur,North,Furniture,Table,4,47105,15,160157,115893.72,44263.28,Second Class,Cancelled,Credit Card,Corporate
ORD12057,11-03-2026,CUST1563,Nikhil Mishra,Karnataka,Mysuru,South,Furniture,Wardrobe,3,9676,10,26125.2,16633.08,9492.12,Second Class,Cancelled,UPI,Corporate
ORD12058,06-05-2025,CUST1628,Simran Bansal,Delhi,New Delhi,North,Electronics,Laptop,5,2373,0,11865,8460.66,3404.34,Same Day,Delivered,Net Banking,Corporate
ORD12059,08-03-2025,CUST1543,Rohan Mishra,Madhya Pradesh,Indore,Central,Electronics,Headphones,8,42311,10,304639.2,202395.41,102243.79,Same Day,Returned,UPI,Corporate
ORD12060,19-08-2024,CUST1482,Meera Gupta,Delhi,New Delhi,North,Furniture,Wardrobe,3,7652,10,20660.4,12699.75,7960.65,Standard Class,Cancelled,UPI,Small Business
ORD12061,20-03-2026,CUST1756,Khushi Saxena,Madhya Pradesh,Indore,Central,Electronics,Laptop,3,1914,0,5742,4131.09,1610.91,Same Day,In Transit,Net Banking,Consumer
ORD12062,30-10-2025,CUST1459,Pooja Bansal,Tamil Nadu,Chennai,South,Office Supplies,Pen Set,8,18905,20,120992,107545.39,13446.61,Second Class,Delivered,Credit Card,Corporate
ORD12063,11-08-2025,CUST1464,Harsh Jain,Tamil Nadu,Chennai,South,Office Supplies,Printer Paper,3,39263,5,111899.55,73912.14,37987.41,Second Class,Returned,Debit Card,Consumer
ORD12064,18-10-2025,CUST1087,Karan Mishra,Maharashtra,Pune,West,Furniture,Sofa,8,50718,10,365169.6,256376.22,108793.38,Same Day,Returned,Debit Card,Small Business
ORD12065,09-08-2024,CUST1409,Muskan Jaiswal,Tamil Nadu,Chennai,South,Electronics,Monitor,3,48463,10,130850.1,113019.47,17830.63,Second Class,Cancelled,Debit Card,Small Business
ORD12066,04-01-2025,CUST1039,Ankit Sharma,West Bengal,Siliguri,East,Furniture,Sofa,6,35861,5,204407.7,161253.53,43154.17,Same Day,Cancelled,UPI,Consumer
ORD12067,23-02-2026,CUST1371,Riya Mishra,Madhya Pradesh,Indore,Central,,Smartphone,2,41497,0,82994,72848.81,10145.19,Standard Class,Returned,Credit Card,Corporate
ORD12068,26-03-2024,CUST1319,Karan Jaiswal,Karnataka,Mysuru,South,Furniture,Wardrobe,7,17543,0,122801,78646.2,44154.8,Standard Class,Delivered,Cash on Delivery,Corporate
ORD12069,27-01-2025,CUST1055,Ananya Joshi,West Bengal,Kolkata,East,Electronics,Laptop,7,11103,5,73834.95,65219.03,8615.92,Second Class,Delivered,Net Banking,Small Business
ORD12070,23-02-2024,CUST1562,Karan Verma,Maharashtra,Nashik,West,Electronics,Smartphone,4,7865,15,26741,16928.97,9812.03,Second Class,Delivered,UPI,Consumer
ORD12071,13-09-2024,CUST1047,Pooja Verma,Tamil Nadu,Coimbatore,South,Electronics,Headphones,5,20937,15,88982.25,82080.27,,Standard Class,Returned,UPI,Consumer
ORD10025,26-08-2024,CUST1652,Varun Bansal,Gujarat,Ahmedabad,West,Electronics,Tablet,7,50751,15,301968.45,265512.91,36455.54,Second Class,Cancelled,Credit Card,Small Business
ORD12073,02-09-2024,CUST1667,Aditya Jain,Gujarat,Ahmedabad,West,Furniture,Bed,4,23891,5,90785.8,62851.6,27934.2,Second Class,In Transit,Cash on Delivery,Enterprise
ORD12074,28-10-2024,CUST1595,Tanvi Patel,Tamil Nadu,Chennai,South,Electronics,Smartwatch,6,48859,15,249180.9,151401.25,97779.65,Second Class,Returned,Net Banking,Enterprise
ORD12075,11-12-2024,CUST1196,Tanvi Mishra,Tamil Nadu,Chennai,South,Furniture,Wardrobe,1,24265,15,20625.25,12992,7633.25,Second Class,Cancelled,Cash on Delivery,Enterprise
ORD12076,19-06-2025,CUST1639,Nikhil Sharma,Madhya Pradesh,Bhopal,Central,Electronics,Laptop,6,34732,15,177133.2,164797.17,12336.03,Standard Class,Cancelled,Cash on Delivery,Corporate
ORD12077,26-09-2024,CUST1118,Naina Jaiswal,Maharashtra,Mumbai,West,Electronics,Laptop,2,4570,10,8226,5403.4,2822.6,First Class,Returned,Debit Card,Small Business
ORD12078,26-04-2025,CUST1731,Ritika Agarwal,West Bengal,Siliguri,East,Electronics,Monitor,4,29276,0,117104,108096.5,9007.5,Standard Class,Delivered,Net Banking,Enterprise
ORD12079,13-04-2026,CUST1005,Shreya Mehta,Gujarat,Surat,West,Office Supplies,Pen Set,1,35769,10,32192.1,24673.8,7518.3,First Class,Delivered,UPI,Consumer
ORD12080,27-10-2025,CUST1037,Tanvi Sharma,Uttar Pradesh,Noida,North,Office Supplies,Notebook,8,2095,15,14246,9067.48,5178.52,Standard Class,In Transit,Net Banking,Corporate
ORD12081,07-09-2024,CUST1325,Vivaan Chopra,Telangana,Hyderabad,South,Furniture,Wardrobe,2,30023,5,57043.7,34817.46,22226.24,Same Day,Returned,Net Banking,Small Business
ORD12082,10-01-2026,CUST1058,Aditya Kapoor,Maharashtra,Mumbai,West,Furniture,Sofa,5,56284,5,267349,233502.95,33846.05,Same Day,In Transit,Debit Card,Consumer
ORD12083,12-05-2026,CUST1071,Rajat Mishra,Maharashtra,Nagpur,West,Electronics,Monitor,3,20054,25,45121.5,38243.96,6877.54,First Class,Cancelled,Debit Card,Small Business
ORD12084,04-03-2024,CUST1659,Harsh Verma,Gujarat,Surat,West,Electronics,Headphones,3,8518,5,24276.3,22657.46,1618.84,First Class,In Transit,,Consumer
ORD12085,20-09-2025,CUST1152,Neha Malhotra,Delhi,New Delhi,North,Electronics,Smartphone,6,6609,25,29740.5,25148.35,4592.15,First Class,Cancelled,Net Banking,Small Business
ORD12086,19-03-2025,CUST1770,Neha Tiwari,Maharashtra,Nashik,West,Electronics,Tablet,6,12542,5,71489.4,45359.48,26129.92,First Class,Delivered,Net Banking,Consumer
ORD12087,17-08-2024,CUST1657,Aman Mishra,Rajasthan,Udaipur,North,Electronics,Monitor,4,31382,25,94146,59921.95,34224.05,First Class,Cancelled,Credit Card,Consumer
ORD12088,13-08-2025,CUST1700,Palak Jain,Madhya Pradesh,Indore,Central,Office Supplies,Stapler,1,42075,15,35763.75,28161.63,7602.12,First Class,Cancelled,Net Banking,Consumer
ORD12089,29-05-2026,CUST1284,Nidhi Singh,Maharashtra,Pune,West,Office Supplies,Pen Set,2,45780,25,68670,48958.19,19711.81,First Class,Cancelled,Debit Card,Enterprise
ORD12090,04-05-2025,CUST1035,Aditya Joshi,Karnataka,Mysuru,South,Furniture,Sofa,8,16492,15,112145.6,97081.05,15064.55,Same Day,Returned,Credit Card,Small Business
ORD12091,25-03-2026,CUST1577,Vivaan Patel,Rajasthan,Jaipur,North,Furniture,Bed,6,3396,10,18338.4,17315.51,1022.89,Same Day,Delivered,UPI,Consumer
ORD12092,02-01-2025,CUST1173,Aditi Patel,Telangana,Warangal,South,Furniture,Bed,5,42422,0,212110,182035.57,30074.43,Standard Class,Returned,Debit Card,Consumer
ORD12093,05-06-2024,CUST1399,Nikhil Kapoor,Gujarat,Surat,West,Office Supplies,Printer Paper,2,34975,10,62955,47620.38,15334.62,Standard Class,Cancelled,Credit Card,Corporate
ORD12094,06-02-2024,CUST1706,Nidhi Kapoor,Karnataka,Mysuru,South,Office Supplies,Notebook,2,39313,10,70763.4,63803.29,6960.11,Same Day,In Transit,Net Banking,Consumer
ORD12095,14-11-2025,CUST1120,Siddharth Soni,Telangana,Hyderabad,South,Electronics,Smartphone,2,50147,0,100294,65445.1,34848.9,First Class,In Transit,Cash on Delivery,Corporate
ORD12096,20-05-2024,CUST1354,Akash Jaiswal,Rajasthan,Jaipur,North,Electronics,Laptop,3,21782,15,55544.1,42775.4,12768.7,Second Class,Returned,Net Banking,Consumer
ORD12097,23-05-2025,CUST1668,Rohan Jaiswal,Delhi,New Delhi,North,Furniture,Sofa,2,12617,10,22710.6,19915.04,2795.56,Same Day,In Transit,Credit Card,Corporate
ORD12098,12-11-2024,CUST1739,Tanvi Mishra,Karnataka,Mysuru,South,Electronics,Smartwatch,5,11989,0,59945,50154.9,9790.1,Standard Class,Returned,Credit Card,Consumer
ORD12099,08-03-2024,CUST1632,Rohan Jaiswal,Tamil Nadu,Chennai,South,Office Supplies,Pen Set,2,24423,25,36634.5,28496.69,8137.81,First Class,In Transit,Debit Card,Consumer
ORD12100,03-01-2024,CUST1784,Mohit Patel,West Bengal,Siliguri,East,Office Supplies,Printer Paper,6,15025,25,67612.5,59658.38,7954.12,First Class,Returned,Cash on Delivery,Enterprise
ORD12101,22-12-2024,CUST1464,Rahul Jain,Tamil Nadu,Chennai,South,Electronics,Monitor,3,32218,5,91821.3,69886.69,21934.61,Second Class,Delivered,Net Banking,Consumer
ORD12102,16-03-2024,CUST1245,Aarav Joshi,Maharashtra,Pune,West,Electronics,Tablet,2,6883,25,10324.5,9404.08,920.42,Second Class,Delivered,UPI,Consumer
ORD12103,13-08-2025,CUST1285,Ritika Bansal,Tamil Nadu,Chennai,South,Electronics,Monitor,1,11873,10,10685.7,7926.14,2759.56,First Class,Delivered,Credit Card,Corporate
ORD12104,20-06-2025,CUST1770,Aman Jain,Maharashtra,Pune,West,Electronics,Smartphone,1,36750,15,31237.5,27328.85,3908.65,Same Day,Delivered,Cash on Delivery,Small Business
ORD12105,29-07-2024,CUST1491,Aarav Sharma,Karnataka,Bengaluru,South,Electronics,Laptop,6,37021,15,188807.1,176643.46,,Second Class,Delivered,Credit Card,Consumer
ORD12106,09-04-2026,CUST1610,Riya Bansal,Delhi,New Delhi,North,Electronics,Monitor,1,34007,0,34007,27751.24,6255.76,Same Day,Delivered,Debit Card,Consumer
ORD12107,26-07-2025,CUST1791,Priya Tiwari,Gujarat,Ahmedabad,West,Office Supplies,Stapler,5,17891,25,67091.25,54310.29,12780.96,Standard Class,In Transit,Net Banking,Small Business
ORD12108,01-04-2025,CUST1062,Simran Patel,West Bengal,Siliguri,East,Office Supplies,Printer Paper,2,6472,5,12296.8,10790.93,1505.87,First Class,Returned,Net Banking,Corporate
ORD12109,16-01-2024,CUST1015,Siddharth Mehta,Karnataka,Mysuru,South,Electronics,Laptop,8,56319,15,382969.2,348048.6,34920.6,Second Class,Returned,Debit Card,Corporate
ORD12110,22-07-2025,CUST1183,Aditi Patel,Uttar Pradesh,Noida,North,Furniture,Chair,2,51256,20,82009.6,49993.2,32016.4,Second Class,Returned,UPI,Corporate
ORD12111,28-12-2024,CUST1224,Aarav Mehta,Madhya Pradesh,Bhopal,Central,Furniture,Wardrobe,3,22522,20,54052.8,41632.26,12420.54,Standard Class,Returned,Net Banking,Small Business
ORD12112,02-03-2025,CUST1697,Naina Tiwari,Maharashtra,Pune,West,Electronics,Laptop,8,50781,0,406248,297968.27,108279.73,Standard Class,Cancelled,Credit Card,Corporate
ORD12113,13-08-2024,CUST1026,Ishita Saxena,Maharashtra,Mumbai,West,Furniture,Chair,2,38884,10,69991.2,50249.19,19742.01,Second Class,Cancelled,Credit Card,Consumer
ORD12114,22-04-2025,CUST1008,Ananya Singh,Uttar Pradesh,Noida,North,Furniture,Table,8,32502,20,208012.8,130426.3,77586.5,Second Class,Cancelled,Cash on Delivery,Corporate
ORD12115,20-10-2024,CUST1379,Palak Kapoor,Maharashtra,Mumbai,West,Office Supplies,Stapler,3,57813,0,173439,158463.35,14975.65,Second Class,Delivered,Net Banking,Corporate
ORD12116,17-03-2025,CUST1572,Neha Tiwari,Rajasthan,Udaipur,North,Electronics,Tablet,8,45601,10,328327.2,211588.03,116739.17,Same Day,In Transit,Credit Card,Small Business
ORD12117,12-09-2025,CUST1024,Diya Agarwal,Uttar Pradesh,Noida,North,Electronics,Smartwatch,6,54888,5,312861.6,250738.76,62122.84,Second Class,Cancelled,Net Banking,Consumer
ORD12118,11-09-2025,CUST1023,Ishita Joshi,Maharashtra,Nashik,West,Office Supplies,Notebook,6,31440,20,150912,133473.58,17438.42,First Class,Returned,UPI,Consumer
ORD12119,21-12-2025,CUST1457,Sneha Joshi,Telangana,Warangal,South,Furniture,Sofa,5,21291,15,90486.75,64636.92,25849.83,Standard Class,Cancelled,Debit Card,Small Business
ORD12120,13-01-2025,CUST1707,Ankit Verma,West Bengal,Kolkata,East,Office Supplies,Pen Set,-1,41870,10,37683,34535.13,3147.87,First Class,Cancelled,Net Banking,Small Business
ORD12121,07-09-2025,CUST1753,Ankit Mehta,Maharashtra,Pune,West,Electronics,Monitor,7,42535,15,253083.25,222615.15,30468.1,Second Class,Delivered,UPI,Consumer
ORD12122,06-10-2025,CUST1551,Nikhil Soni,Karnataka,Mysuru,South,Office Supplies,Notebook,5,57421,0,287105,207344.39,79760.61,Same Day,Cancelled,UPI,Consumer
ORD12123,20-02-2024,CUST1013,Akash Patel,Uttar Pradesh,Noida,North,Office Supplies,Pen Set,5,34222,10,153999,92698.94,61300.06,First Class,Delivered,UPI,Small Business
ORD12124,29-10-2024,CUST1749,Sneha Saxena,Madhya Pradesh,Bhopal,Central,Office Supplies,Pen Set,8,25434,20,162777.6,142784.8,19992.8,Same Day,Returned,Credit Card,Small Business
ORD12125,17-05-2024,CUST1323,Rohan Gupta,Delhi,New Delhi,North,Office Supplies,Stapler,3,56539,10,152655.3,112768.06,39887.24,Same Day,Delivered,UPI,Corporate
ORD12126,19-04-2024,CUST1393,Vivaan Dubey,Telangana,Warangal,South,Furniture,Chair,2,33436,0,66872,44117.02,22754.98,Second Class,Returned,UPI,Consumer
ORD12127,25-03-2025,CUST1072,Rajat Bansal,Delhi,New Delhi,North,Furniture,Sofa,4,7333,10,26398.8,24525.25,1873.55,Same Day,Returned,UPI,Enterprise
ORD10025,03-05-2026,CUST1103,Yash Sharma,Madhya Pradesh,Bhopal,Central,Office Supplies,Marker,7,57746,5,384010.9,340423.93,43586.97,Standard Class,In Transit,Credit Card,Corporate
ORD12129,12-04-2024,CUST1423,Neha Gupta,Maharashtra,Nashik,West,Electronics,Laptop,3,23938,10,64632.6,60573.23,4059.37,First Class,Returned,Debit Card,Enterprise
ORD10025,11-11-2025,CUST1555,Khushi Jain,Gujarat,Surat,West,Electronics,Monitor,3,16668,25,37503,26548.7,10954.3,Second Class,Delivered,UPI,Corporate
ORD12131,01-09-2025,CUST1727,Naina Jaiswal,Uttar Pradesh,Lucknow,North,Electronics,Monitor,5,50493,15,214595.25,198873.61,15721.64,Same Day,Returned,Cash on Delivery,Consumer
ORD12132,12-11-2024,CUST1393,Sneha Dubey,Madhya Pradesh,Bhopal,Central,Office Supplies,Pen Set,5,1511,0,7555,6051.94,1503.06,First Class,Cancelled,Credit Card,Corporate
ORD12133,03-05-2025,CUST1769,Akash Agarwal,Gujarat,Surat,West,Furniture,Wardrobe,8,36909,0,295272,243719.56,51552.44,Same Day,Cancelled,Net Banking,Enterprise
ORD12134,31-05-2024,CUST1359,Pooja Kapoor,Rajasthan,Udaipur,North,Office Supplies,Marker,1,21278,5,20214.1,14068.31,6145.79,Standard Class,Cancelled,UPI,Enterprise
ORD12135,13-02-2025,CUST1771,Rahul Tiwari,Maharashtra,Nashik,West,Electronics,Smartwatch,8,28546,15,194112.8,163631.27,30481.53,Standard Class,Delivered,Cash on Delivery,Corporate
ORD12136,17-09-2025,CUST1215,Yash Patel,Uttar Pradesh,Lucknow,North,Electronics,Tablet,3,22646,20,54350.4,45123.73,9226.67,Same Day,Cancelled,Cash on Delivery,Enterprise
ORD12137,29-04-2024,CUST1026,Neha Singh,Uttar Pradesh,Lucknow,North,Furniture,Sofa,7,49484,15,294429.8,209485.51,84944.29,First Class,Cancelled,Credit Card,Enterprise
ORD12138,29-12-2024,CUST1461,Harsh Jaiswal,Tamil Nadu,Coimbatore,South,Office Supplies,Marker,8,31743,0,253944,176514.47,77429.53,Standard Class,In Transit,Debit Card,Consumer
ORD12139,30-04-2026,CUST1635,Dev Gupta,Madhya Pradesh,Bhopal,Central,Electronics,Tablet,5,40681,10,183064.5,112131.29,70933.21,First Class,Cancelled,Debit Card,Corporate
ORD12140,27-12-2025,CUST1685,Pooja Sharma,Delhi,New Delhi,North,Furniture,Sofa,5,23592,10,106164,90918.53,15245.47,Same Day,Cancelled,Net Banking,Corporate
ORD12141,01-08-2025,CUST1349,Mohit Bansal,Karnataka,Mysuru,South,Furniture,Table,1,46637,10,41973.3,25571.59,16401.71,Standard Class,Cancelled,Credit Card,Enterprise
ORD12142,19-11-2025,CUST1519,Diya Saxena,Uttar Pradesh,Noida,North,Electronics,Monitor,3,31316,15,79855.8,63894.59,15961.21,Same Day,Delivered,Cash on Delivery,Small Business
ORD12143,09-03-2025,CUST1624,Aditi Soni,Uttar Pradesh,Lucknow,North,Furniture,Bed,7,1697,5,11285.05,8389.44,2895.61,Standard Class,In Transit,Net Banking,Enterprise
ORD12144,27-02-2024,CUST1493,Naina Bansal,Madhya Pradesh,Bhopal,Central,Electronics,Smartphone,5,13080,25,49050,35616.46,13433.54,Same Day,Delivered,Net Banking,Small Business
ORD12145,06-03-2025,CUST1294,Aman Soni,Karnataka,Mysuru,South,Office Supplies,Marker,5,9346,10,42057,32461.29,9595.71,Standard Class,Delivered,Net Banking,Corporate
ORD12146,29-06-2024,CUST1352,Palak Singh,West Bengal,Siliguri,East,Furniture,Chair,8,52813,5,401378.8,289027.88,112350.92,Standard Class,Cancelled,Cash on Delivery,Consumer
ORD12147,17-02-2024,CUST1021,Nikhil Patel,Delhi,New Delhi,North,Furniture,Bed,3,13841,0,41523,31864.21,9658.79,Standard Class,In Transit,Credit Card,Small Business
ORD12148,18-03-2025,CUST1587,Manav Singh,Rajasthan,Jaipur,North,Electronics,Smartwatch,5,15384,5,73074,65103.14,7970.86,Second Class,Returned,Cash on Delivery,Small Business
ORD12149,30-04-2024,CUST1660,Riya Malhotra,Maharashtra,Mumbai,West,Electronics,Smartwatch,6,59682,20,286473.6,233364.39,53109.21,Second Class,Returned,Net Banking,Small Business
ORD12150,06-04-2024,CUST1269,Rahul Gupta,Maharashtra,Mumbai,West,Office Supplies,Stapler,3,36460,15,92973,88112.72,4860.28,First Class,Returned,UPI,Consumer
ORD12151,18-03-2025,CUST1696,Pooja Soni,Gujarat,Ahmedabad,West,Office Supplies,Printer Paper,1,24280,20,19424,18126.82,1297.18,First Class,In Transit,Credit Card,Small Business
ORD12152,03-11-2024,CUST1394,Akash Bansal,Rajasthan,Jaipur,North,Furniture,Sofa,5,58305,5,276948.75,217533.66,59415.09,Same Day,Cancelled,Credit Card,Small Business
ORD12153,04-04-2025,CUST1486,Nidhi Gupta,Gujarat,Surat,West,Electronics,Smartphone,1,53696,25,40272,26690.62,13581.38,Standard Class,Cancelled,Cash on Delivery,Corporate
ORD12154,30-03-2025,CUST1632,Akash Mishra,Rajasthan,Udaipur,North,Electronics,Laptop,6,23301,5,132815.7,87031.36,45784.34,Second Class,Returned,Debit Card,Corporate
ORD10025,03-09-2024,CUST1751,Neha Gupta,Madhya Pradesh,Indore,Central,Electronics,Headphones,8,50157,25,300942,231904.6,69037.4,First Class,Delivered,Credit Card,Enterprise
ORD12156,19-01-2024,CUST1453,Yash Verma,Tamil Nadu,Coimbatore,South,Furniture,Bed,7,40607,0,284249,175723.65,108525.35,Second Class,Cancelled,Cash on Delivery,Enterprise
ORD12157,21-02-2024,CUST1144,Rohan Tiwari,Karnataka,Mysuru,South,Electronics,Tablet,8,14644,0,117152,97587.87,19564.13,First Class,Delivered,Debit Card,Consumer
ORD12158,13-10-2024,CUST1255,Rishi Verma,Madhya Pradesh,Indore,Central,Furniture,Chair,2,9024,20,14438.4,12582.45,1855.95,Second Class,Cancelled,UPI,Corporate
ORD12159,01-01-2025,CUST1325,Akash Verma,Delhi,New Delhi,North,Furniture,Chair,5,40853,15,173625.25,117666.9,55958.35,Standard Class,In Transit,Debit Card,Corporate
ORD12160,29-03-2025,CUST1230,Akash Malhotra,Uttar Pradesh,Lucknow,North,Electronics,Laptop,6,33699,10,181974.6,132710.89,49263.71,Second Class,Cancelled,UPI,Consumer
ORD12161,06-04-2025,CUST1368,Aditya Saxena,Madhya Pradesh,Indore,Central,,Marker,5,37373,5,177521.75,112246.37,65275.38,Standard Class,Cancelled,Credit Card,Consumer
ORD12162,01-09-2025,CUST1492,Harsh Tiwari,Karnataka,Bengaluru,South,Furniture,Bed,4,29897,5,113608.6,77551.15,,Standard Class,Delivered,UPI,Consumer
ORD12163,10-06-2024,CUST1163,Aditi Singh,Gujarat,Surat,West,,Bed,3,5229,20,12549.6,10238,2311.6,First Class,Delivered,UPI,Enterprise
ORD12164,27-10-2025,CUST1320,Kavya Chopra,Maharashtra,Nashik,West,Electronics,Monitor,7,26601,0,186207,122873.31,63333.69,First Class,In Transit,Debit Card,Consumer
ORD12165,13-12-2024,CUST1053,Meera Mehta,Rajasthan,Udaipur,North,Electronics,Headphones,1,51722,0,51722,48354.85,3367.15,First Class,In Transit,UPI,Consumer
ORD12166,06-09-2025,CUST1799,Palak Soni,Telangana,Warangal,South,Furniture,Bed,1,54629,5,51897.55,39892.18,12005.37,First Class,Cancelled,Net Banking,Enterprise
ORD12167,24-12-2024,CUST1008,Palak Verma,Delhi,New Delhi,North,Electronics,Headphones,6,24843,5,141605.1,100665.44,40939.66,Second Class,In Transit,Debit Card,Enterprise
ORD12168,17-02-2026,CUST1503,Rohan Dubey,Uttar Pradesh,Lucknow,North,Electronics,Tablet,7,49802,0,348614,304384,44230,First Class,Delivered,Cash on Delivery,Corporate
ORD12169,09-04-2024,CUST1391,Varun Singh,Tamil Nadu,Coimbatore,South,Electronics,Laptop,5,37015,20,148060,131709.45,16350.55,First Class,Delivered,UPI,Enterprise
ORD12170,25-01-2026,CUST1561,Ananya Saxena,Gujarat,Surat,West,Electronics,Smartwatch,1,36681,5,34846.95,25804.96,9041.99,First Class,Delivered,Debit Card,Small Business
ORD12171,05-02-2026,CUST1414,Naina Tiwari,Madhya Pradesh,Indore,Central,Office Supplies,Pen Set,3,41103,10,110978.1,96330.51,14647.59,Standard Class,Delivered,Debit Card,Consumer
ORD12172,15-09-2024,CUST1632,Rohan Gupta,Maharashtra,Mumbai,West,Electronics,Monitor,7,50722,5,337301.3,250866.99,86434.31,Standard Class,Returned,Credit Card,Small Business
ORD12173,25-03-2025,CUST1669,Rajat Kapoor,Maharashtra,Mumbai,West,Electronics,Laptop,8,25244,25,151464,119450.67,32013.33,Standard Class,Cancelled,Cash on Delivery,Consumer
ORD12174,02-09-2025,CUST1766,Shreya Jaiswal,Uttar Pradesh,Lucknow,North,Electronics,Headphones,8,10303,25,61818,57253.36,4564.64,Same Day,Cancelled,Net Banking,Consumer
ORD12175,21-05-2025,CUST1442,Aman Yadav,Madhya Pradesh,Bhopal,Central,Electronics,Smartwatch,2,21331,0,42662,26034.64,16627.36,Standard Class,Cancelled,Debit Card,Consumer
ORD12176,17-10-2024,CUST1376,Priya Soni,Madhya Pradesh,Indore,Central,Electronics,Smartwatch,8,36480,10,262656,174050.78,88605.22,Same Day,Cancelled,UPI,Enterprise
ORD12177,10-09-2025,CUST1743,Rishi Soni,Uttar Pradesh,Noida,North,Furniture,Bed,7,32188,5,214050.2,179977.82,34072.38,Second Class,In Transit,Debit Card,Consumer
ORD12178,29-06-2024,CUST1763,Muskan Malhotra,Karnataka,Bengaluru,South,Office Supplies,Stapler,3,7457,10,20133.9,13196.85,6937.05,Same Day,In Transit,Credit Card,Enterprise
ORD12179,14-04-2024,CUST1174,Ananya Joshi,West Bengal,Siliguri,East,Office Supplies,Pen Set,1,58874,20,47099.2,39434.02,7665.18,Standard Class,Returned,Cash on Delivery,Small Business
ORD12180,18-06-2024,CUST1350,Ritika Jain,Rajasthan,Udaipur,North,Furniture,Bed,1,6137,5,5830.15,4867.65,962.5,Same Day,In Transit,UPI,Corporate
ORD12181,04-11-2025,CUST1039,Simran Sharma,Delhi,New Delhi,North,Office Supplies,Stapler,1,9946,10,8951.4,6908.79,2042.61,Same Day,In Transit,UPI,Enterprise
ORD12182,29-09-2025,CUST1108,Pooja Mishra,Madhya Pradesh,Bhopal,Central,Electronics,Tablet,6,40770,10,220158,200288.61,19869.39,Standard Class,Cancelled,Net Banking,Enterprise
ORD12183,10-02-2025,CUST1764,Meera Sharma,Madhya Pradesh,Bhopal,Central,Furniture,Table,7,57606,10,362917.8,286556.5,76361.3,Same Day,Delivered,Credit Card,Small Business
ORD12184,01-07-2024,CUST1334,Varun Yadav,Karnataka,Mysuru,South,Furniture,Table,3,53243,0,159729,130433.15,29295.85,First Class,Delivered,Cash on Delivery,Consumer
ORD12185,27-10-2025,CUST1572,Priya Bansal,Delhi,New Delhi,North,Electronics,Smartwatch,8,53898,5,409624.8,363675.1,45949.7,Standard Class,In Transit,,Consumer
ORD12186,21-10-2024,CUST1246,Mohit Jain,Madhya Pradesh,Indore,Central,Furniture,Bed,7,21342,20,119515.2,83960.1,35555.1,Second Class,Delivered,UPI,Small Business
ORD12187,14-12-2025,CUST1643,Kavya Sharma,Tamil Nadu,Chennai,South,Furniture,Sofa,7,285,25,1496.25,1177.23,319.02,Standard Class,Cancelled,Debit Card,Corporate
ORD12188,21-04-2026,CUST1248,Neha Dubey,Tamil Nadu,Chennai,South,Electronics,Smartwatch,1,41845,10,37660.5,32450.24,5210.26,First Class,Cancelled,UPI,Corporate
ORD12189,11-07-2024,CUST1004,Muskan Singh,Tamil Nadu,Chennai,South,Electronics,Smartwatch,7,17428,10,109796.4,70242.66,39553.74,Standard Class,Returned,UPI,Consumer
ORD12190,04-06-2025,CUST1793,Karan Sharma,Uttar Pradesh,Noida,North,Office Supplies,Pen Set,5,31801,5,151054.75,138368.59,12686.16,First Class,In Transit,Net Banking,Small Business
ORD12191,18-12-2024,CUST1322,Pooja Singh,Maharashtra,Pune,West,Furniture,Wardrobe,6,51583,0,309498,233839.44,75658.56,Second Class,Delivered,Debit Card,Corporate
ORD12192,15-09-2024,CUST1479,Aman Agarwal,West Bengal,Siliguri,East,Electronics,Tablet,1,7872,5,7478.4,5349.42,2128.98,Standard Class,Cancelled,Cash on Delivery,Enterprise
ORD12193,03-05-2024,CUST1543,Rohan Verma,Gujarat,Surat,West,Electronics,Tablet,2,13848,20,22156.8,19080.57,3076.23,First Class,Delivered,Cash on Delivery,Consumer
ORD12194,04-01-2024,CUST1504,Ananya Jain,Delhi,New Delhi,North,Office Supplies,Notebook,3,1646,25,3703.5,3435.78,267.72,Standard Class,Returned,Debit Card,Consumer
ORD12195,14-03-2026,CUST1792,Mohit Soni,Delhi,New Delhi,North,Electronics,Smartphone,8,26884,25,161304,132065.8,29238.2,First Class,Cancelled,Credit Card,Enterprise
ORD12196,19-01-2025,CUST1052,Rajat Jain,Rajasthan,Jaipur,North,Electronics,Smartphone,6,11876,5,67693.2,54896.18,12797.02,Same Day,In Transit,Net Banking,Consumer
ORD12197,31-10-2024,CUST1630,Simran Chopra,Tamil Nadu,Chennai,South,Electronics,Laptop,4,31472,5,119593.6,97278.68,22314.92,Second Class,Returned,Cash on Delivery,Consumer
ORD12198,13-03-2025,CUST1358,Siddharth Singh,Telangana,Warangal,South,Electronics,Tablet,4,28424,10,102326.4,68829.53,33496.87,Second Class,Delivered,Debit Card,Small Business
ORD12199,20-08-2025,CUST1327,Meera Singh,Madhya Pradesh,Bhopal,Central,Electronics,Smartwatch,2,24327,0,48654,42034.7,6619.3,First Class,Cancelled,Credit Card,Consumer
ORD12200,09-01-2024,CUST1287,Karan Verma,Telangana,Warangal,South,Office Supplies,Printer Paper,4,44357,0,177428,114450.77,62977.23,Second Class,In Transit,Credit Card,Corporate
ORD12201,05-11-2025,CUST1157,Meera Soni,Maharashtra,Nashik,West,Electronics,Smartphone,6,1975,20,9480,8097.8,1382.2,Standard Class,Returned,UPI,Consumer
ORD12202,23-04-2025,CUST1041,Palak Tiwari,Rajasthan,Jaipur,North,Furniture,Wardrobe,7,25073,15,149184.35,116406.17,32778.18,Second Class,Cancelled,UPI,Corporate
ORD12203,30-01-2024,CUST1365,Manav Mehta,Tamil Nadu,Coimbatore,South,Furniture,Wardrobe,7,28159,5,187257.35,139443.84,47813.51,Same Day,In Transit,Cash on Delivery,Consumer
ORD12204,17-08-2025,CUST1555,Aditya Mishra,Uttar Pradesh,Lucknow,North,Electronics,Laptop,8,2136,0,17088,13893.35,3194.65,First Class,Cancelled,Net Banking,Consumer
ORD12205,03-06-2025,CUST1676,Yash Sharma,Gujarat,Surat,West,Electronics,Headphones,7,9283,0,64981,39060.94,25920.06,Same Day,In Transit,Net Banking,Enterprise
ORD12206,15-01-2024,CUST1387,Riya Mehta,Telangana,Hyderabad,South,Furniture,Chair,7,35880,20,200928,147787.07,53140.93,Same Day,Delivered,Credit Card,Enterprise
ORD12207,21-01-2025,CUST1330,Pooja Chopra,Gujarat,Surat,West,Furniture,Table,6,11462,20,55017.6,45950.4,9067.2,Standard Class,Cancelled,Cash on Delivery,Consumer
ORD12208,12-04-2025,CUST1619,Rishi Saxena,Gujarat,Ahmedabad,West,Electronics,Tablet,2,43835,20,70136,57046.9,13089.1,Standard Class,In Transit,UPI,Consumer
ORD12209,20-12-2024,CUST1742,Ananya Jain,Telangana,Hyderabad,South,Electronics,Monitor,1,40688,20,32550.4,29944.45,2605.95,First Class,Cancelled,Cash on Delivery,Consumer
ORD12210,26-03-2026,CUST1325,Nikhil Jain,West Bengal,Siliguri,East,Office Supplies,Stapler,4,12808,10,46108.8,34386.42,11722.38,Same Day,Cancelled,Credit Card,Enterprise
ORD12211,14-01-2026,CUST1424,Naina Joshi,Maharashtra,Mumbai,West,Electronics,Monitor,1,27879,25,20909.25,15637.49,5271.76,Standard Class,Returned,Cash on Delivery,Enterprise
ORD12212,20-12-2025,CUST1216,Karan Yadav,Gujarat,Surat,West,Electronics,Laptop,8,47700,20,305280,184088.41,121191.59,Second Class,Returned,Credit Card,Enterprise
ORD12213,23-03-2024,CUST1341,Nidhi Verma,Maharashtra,Nashik,West,Furniture,Wardrobe,8,1715,10,12348,11700.15,647.85,Same Day,Delivered,Credit Card,Enterprise
ORD12214,01-02-2025,CUST1140,Neha Tiwari,Karnataka,Bengaluru,South,Electronics,Smartphone,2,55298,15,94006.6,78404.26,15602.34,Same Day,Returned,Debit Card,Corporate
ORD12215,09-02-2024,CUST1360,Aarav Gupta,,Bengaluru,South,Furniture,Wardrobe,3,29663,5,84539.55,72099.06,12440.49,Same Day,Cancelled,Net Banking,Corporate
ORD12216,14-01-2024,CUST1782,Rohan Jain,,Nagpur,West,Office Supplies,Marker,5,47057,15,199992.25,137709.33,62282.92,First Class,Cancelled,Net Banking,Small Business
ORD12217,13-03-2025,CUST1351,Priya Yadav,Delhi,New Delhi,North,Electronics,Headphones,8,33688,25,202128,143675.41,58452.59,Second Class,Returned,Debit Card,Small Business
ORD12218,09-08-2025,CUST1621,Varun Singh,Maharashtra,Nagpur,West,Furniture,Bed,7,29980,5,199367,162194.29,37172.71,Same Day,In Transit,Credit Card,Enterprise
ORD12219,23-09-2024,CUST1106,Khushi Jain,Tamil Nadu,Coimbatore,South,Electronics,Monitor,1,6681,10,6012.9,5689.22,323.68,Second Class,Cancelled,Credit Card,Enterprise
ORD12220,13-11-2025,CUST1768,Akash Mishra,Gujarat,Ahmedabad,West,Office Supplies,Stapler,3,52857,5,150642.45,134374.67,16267.78,Same Day,In Transit,Credit Card,Small Business
ORD12221,17-03-2025,CUST1088,Rishi Kapoor,Gujarat,Surat,West,Electronics,Headphones,7,12436,20,69641.6,51834.1,17807.5,Second Class,Returned,Net Banking,Small Business
ORD12222,23-12-2025,CUST1312,Vivaan Verma,Tamil Nadu,Chennai,South,Furniture,Sofa,4,32352,25,97056,89691.33,7364.67,Second Class,Cancelled,Credit Card,Enterprise
ORD12223,21-04-2026,CUST1438,Khushi Dubey,Karnataka,Mysuru,South,Electronics,Smartwatch,1,3626,25,2719.5,1705.13,1014.37,First Class,Cancelled,UPI,Enterprise
ORD12224,05-02-2025,CUST1364,Ankit Verma,Maharashtra,Mumbai,West,Furniture,Chair,1,3277,20,2621.6,1670.57,951.03,First Class,Returned,Debit Card,Small Business
ORD12225,24-05-2026,CUST1409,Harsh Gupta,Uttar Pradesh,Lucknow,North,Electronics,Laptop,8,58204,20,372505.6,336838.48,35667.12,Same Day,Returned,Credit Card,Consumer
ORD12226,07-08-2025,CUST1518,Sneha Malhotra,Uttar Pradesh,Noida,North,Electronics,Monitor,3,22474,25,50566.5,42282.39,8284.11,Second Class,Delivered,Net Banking,Corporate
ORD12227,03-04-2025,CUST1060,Simran Singh,Maharashtra,Nashik,West,Office Supplies,Pen Set,7,37526,0,262682,161824.5,100857.5,Same Day,Delivered,UPI,Enterprise
ORD12228,29-06-2024,CUST1151,Aman Dubey,Maharashtra,Nagpur,West,Electronics,Smartphone,6,2397,0,14382,10678.65,3703.35,Same Day,Returned,Credit Card,Small Business
ORD12229,30-12-2024,CUST1062,Nidhi Verma,Rajasthan,Udaipur,North,Furniture,Bed,6,9384,15,47858.4,39999.88,7858.52,Second Class,Returned,Net Banking,Enterprise
ORD12230,09-08-2025,CUST1360,Shreya Mehta,Gujarat,Surat,West,Electronics,Smartwatch,1,10486,20,8388.8,6131.4,2257.4,Same Day,Returned,Debit Card,Enterprise
ORD12231,16-06-2024,CUST1542,Ritika Tiwari,Uttar Pradesh,Lucknow,North,Electronics,Monitor,2,44312,10,79761.6,72468.3,7293.3,Second Class,In Transit,UPI,Consumer
ORD12232,21-05-2025,CUST1468,Rishi Yadav,Delhi,New Delhi,North,Furniture,Chair,4,41302,5,156947.6,127297.59,29650.01,First Class,Returned,Debit Card,Corporate
ORD12233,25-05-2025,CUST1709,Khushi Singh,Karnataka,Bengaluru,South,Furniture,Sofa,6,44705,15,227995.5,178715.42,49280.08,First Class,Delivered,Debit Card,Enterprise
ORD12234,07-05-2025,CUST1153,Priya Gupta,West Bengal,Kolkata,East,Electronics,Monitor,7,47344,10,298267.2,274324.95,23942.25,Second Class,Returned,UPI,Consumer
ORD12235,26-06-2024,CUST1628,Akash Chopra,Delhi,New Delhi,North,Electronics,Headphones,8,36837,10,265226.4,186201.8,79024.6,Second Class,In Transit,UPI,Enterprise
ORD12236,10-09-2025,CUST1481,Riya Mehta,Gujarat,Ahmedabad,West,Electronics,Headphones,3,27965,10,75505.5,58673.22,16832.28,Standard Class,In Transit,Debit Card,Consumer
ORD12237,22-08-2024,CUST1270,Siddharth Singh,Maharashtra,Nagpur,West,Furniture,Wardrobe,2,23901,20,38241.6,32894.77,5346.83,First Class,Cancelled,Debit Card,Consumer
ORD12238,09-12-2025,CUST1027,Rishi Mehta,Gujarat,Ahmedabad,West,Electronics,Tablet,5,3861,25,14478.75,13091.81,1386.94,Standard Class,Cancelled,Credit Card,Consumer
ORD12239,06-07-2025,CUST1767,Aarav Joshi,Uttar Pradesh,Lucknow,North,Furniture,Wardrobe,5,15840,10,71280,66043.41,5236.59,First Class,Returned,Cash on Delivery,Consumer
ORD12240,13-04-2024,CUST1073,Rajat Tiwari,Madhya Pradesh,Indore,Central,Office Supplies,Notebook,3,34478,5,98262.3,61479.13,36783.17,Same Day,Returned,Credit Card,Consumer
ORD12241,24-02-2026,CUST1475,Rohan Verma,West Bengal,Kolkata,East,,Tablet,8,36482,20,233484.8,187784.46,45700.34,Same Day,Delivered,Net Banking,Consumer
ORD12242,15-02-2025,CUST1133,Khushi Malhotra,Delhi,New Delhi,North,Electronics,Headphones,6,42491,25,191209.5,116061.51,75147.99,Second Class,In Transit,Net Banking,Enterprise
ORD12243,04-01-2024,CUST1787,Meera Soni,Maharashtra,Nagpur,West,Furniture,Table,3,28210,10,76167,57776.58,18390.42,Standard Class,Returned,Net Banking,Consumer
ORD12244,18-12-2025,CUST1667,Palak Soni,Tamil Nadu,Chennai,South,Electronics,Headphones,8,32616,25,195696,139939.09,55756.91,Same Day,In Transit,Net Banking,Consumer
ORD12245,12-07-2025,CUST1689,Pooja Singh,Rajasthan,Udaipur,North,Electronics,Tablet,2,56978,25,85467,75405.36,10061.64,First Class,Cancelled,Cash on Delivery,Corporate
ORD12246,26-12-2024,CUST1107,Akash Soni,Telangana,Warangal,South,Office Supplies,Stapler,1,6793,15,5774.05,5087.78,686.27,First Class,In Transit,Net Banking,Small Business
ORD12247,28-07-2024,CUST1072,Ankit Saxena,Tamil Nadu,Coimbatore,South,Office Supplies,Pen Set,6,48341,5,275543.7,183945.68,91598.02,Same Day,In Transit,UPI,Corporate
ORD12248,29-05-2026,CUST1475,Yash Verma,Gujarat,Surat,West,Electronics,Smartwatch,2,40587,15,68997.9,59497.17,9500.73,First Class,Delivered,Credit Card,Consumer
ORD12249,17-09-2025,CUST1789,Kavya Joshi,Rajasthan,Jaipur,North,Furniture,Table,8,34825,15,236810,167588.6,69221.4,First Class,Cancelled,UPI,Consumer
ORD12250,16-07-2024,CUST1097,Arjun Soni,Delhi,New Delhi,North,Office Supplies,Printer Paper,1,57516,25,43137,37742.77,5394.23,Standard Class,Returned,Credit Card,Enterprise
ORD12251,12-08-2025,CUST1700,Tanvi Patel,Rajasthan,Udaipur,North,Office Supplies,Printer Paper,-1,48053,20,115327.2,88073.36,27253.84,Same Day,Returned,Net Banking,Corporate
ORD12252,23-09-2024,CUST1777,Meera Malhotra,Maharashtra,Nashik,West,Electronics,Laptop,2,49146,10,88462.8,58140.54,30322.26,Same Day,In Transit,UPI,Enterprise
ORD12253,08-04-2026,CUST1117,Rajat Malhotra,Karnataka,Bengaluru,South,Furniture,Sofa,5,16655,25,62456.25,50779.91,11676.34,Same Day,Returned,Debit Card,Enterprise
ORD12254,03-01-2026,CUST1144,Tanvi Malhotra,Maharashtra,Nagpur,West,Furniture,Wardrobe,5,615,20,2460,2292.1,167.9,Same Day,Cancelled,UPI,Small Business
ORD12255,24-11-2024,CUST1690,Ankit Chopra,Tamil Nadu,Chennai,South,Furniture,Bed,6,563,25,2533.5,1914.43,619.07,Second Class,Returned,UPI,Consumer
ORD12256,03-05-2025,CUST1363,Diya Bansal,Rajasthan,Jaipur,North,Electronics,Headphones,7,29883,5,198721.95,188592.32,10129.63,Standard Class,Returned,Debit Card,Small Business
ORD12257,04-04-2024,CUST1737,Varun Gupta,Delhi,New Delhi,North,Furniture,Bed,8,45177,15,307203.6,269930.66,37272.94,Standard Class,Returned,Credit Card,Small Business
ORD12258,22-01-2025,CUST1711,Palak Mishra,West Bengal,Kolkata,East,Electronics,Smartphone,7,43063,10,271296.9,195268.02,76028.88,Same Day,Returned,,Enterprise
ORD12259,01-03-2024,CUST1345,Akash Jaiswal,Delhi,New Delhi,North,Office Supplies,Printer Paper,8,31637,10,227786.4,143336,84450.4,Same Day,Returned,Cash on Delivery,Consumer
ORD12260,09-07-2024,CUST1120,Manav Bansal,Rajasthan,Jaipur,North,Electronics,Laptop,5,58605,15,249071.25,215761.68,33309.57,Same Day,Delivered,Net Banking,Consumer
ORD12261,05-03-2026,CUST1303,Priya Jaiswal,Rajasthan,Udaipur,North,Electronics,Smartwatch,4,55011,0,220044,156823.64,63220.36,Standard Class,Cancelled,Cash on Delivery,Consumer
ORD12262,26-12-2024,CUST1057,Rajat Singh,Gujarat,Surat,West,Electronics,Smartphone,1,37916,25,28437,20822.74,7614.26,Standard Class,Delivered,Net Banking,Enterprise
ORD12263,01-05-2024,CUST1122,Siddharth Soni,Maharashtra,Mumbai,West,Electronics,Smartwatch,1,21935,20,17548,10888.73,6659.27,Same Day,Cancelled,Cash on Delivery,Enterprise
ORD12264,28-09-2025,CUST1396,Simran Yadav,Gujarat,Ahmedabad,West,Furniture,Sofa,7,29243,0,204701,163494.71,41206.29,Standard Class,Cancelled,Debit Card,Enterprise
ORD12265,16-05-2025,CUST1554,Palak Kapoor,Rajasthan,Jaipur,North,Electronics,Headphones,4,1405,20,4496,3751.17,744.83,First Class,Cancelled,Net Banking,Corporate
ORD12266,04-12-2025,CUST1441,Harsh Joshi,,Bengaluru,South,Furniture,Wardrobe,7,35001,25,183755.25,135445.62,48309.63,Same Day,Returned,Cash on Delivery,Corporate
ORD12267,13-04-2026,CUST1340,Varun Chopra,Uttar Pradesh,Lucknow,North,Electronics,Laptop,8,4446,10,32011.2,22089.98,9921.22,First Class,Delivered,UPI,Corporate
ORD12268,22-02-2026,CUST1749,Vivaan Saxena,Uttar Pradesh,Lucknow,North,Electronics,Smartphone,2,4501,10,8101.8,5943.89,2157.91,Standard Class,Returned,UPI,Corporate
ORD12269,25-03-2026,CUST1121,Varun Soni,Uttar Pradesh,Lucknow,North,Office Supplies,Marker,5,40119,25,150446.25,133964.84,16481.41,Second Class,Cancelled,UPI,Enterprise
ORD12270,06-08-2025,CUST1418,Nidhi Singh,Rajasthan,Jaipur,North,Furniture,Table,4,43497,0,173988,127149.57,46838.43,Second Class,Cancelled,Cash on Delivery,Consumer
ORD12271,17-03-2024,CUST1726,Tanvi Dubey,Rajasthan,Jaipur,North,Office Supplies,Stapler,2,24092,0,48184,37556.06,10627.94,Same Day,Delivered,UPI,Small Business
ORD12272,27-02-2026,CUST1355,Ananya Malhotra,Uttar Pradesh,Lucknow,North,Electronics,Monitor,5,18643,20,74572,51574.13,22997.87,Standard Class,Returned,UPI,Corporate
ORD12273,15-03-2024,CUST1637,Muskan Singh,Gujarat,Ahmedabad,West,Furniture,Wardrobe,2,56913,25,85369.5,69925.37,15444.13,Second Class,Cancelled,Cash on Delivery,Consumer
ORD12274,02-05-2026,CUST1298,Manav Jaiswal,Maharashtra,Nashik,West,Office Supplies,Notebook,7,54389,20,304578.4,190487.96,114090.44,Standard Class,Cancelled,Net Banking,Enterprise
ORD12275,05-06-2026,CUST1480,Muskan Tiwari,Maharashtra,Nashik,West,Furniture,Table,5,10894,0,54470,40483.73,13986.27,Standard Class,Returned,Cash on Delivery,Small Business
ORD12276,29-12-2025,CUST1700,Akash Jain,Telangana,Warangal,South,Office Supplies,Notebook,5,41033,25,153873.75,118154.56,35719.19,First Class,Cancelled,Credit Card,Small Business
ORD12277,16-06-2025,CUST1423,Akash Sharma,West Bengal,Kolkata,East,Electronics,Smartphone,2,24153,0,48306,41603.3,6702.7,Same Day,Returned,Cash on Delivery,Enterprise
ORD12278,22-10-2025,CUST1102,Tanvi Saxena,Maharashtra,Pune,West,Furniture,Wardrobe,5,41728,15,177344,132435.31,44908.69,First Class,Returned,Cash on Delivery,Corporate
ORD12279,31-05-2026,CUST1413,Akash Tiwari,Karnataka,Mysuru,South,Electronics,Headphones,1,5623,0,5623,3642.02,1980.98,Second Class,Returned,Cash on Delivery,Corporate
ORD12280,09-11-2024,CUST1695,Rishi Singh,West Bengal,Siliguri,East,Office Supplies,Marker,8,3795,20,24288,17355.74,6932.26,Same Day,In Transit,Credit Card,Small Business
ORD12281,19-06-2025,CUST1648,Rohan Malhotra,Madhya Pradesh,Bhopal,Central,Electronics,Tablet,5,35472,5,168492,106485.46,,Standard Class,Delivered,Debit Card,Small Business
ORD12282,06-01-2025,CUST1377,Diya Malhotra,Tamil Nadu,Coimbatore,South,Furniture,Sofa,2,14009,20,22414.4,17729.42,4684.98,Second Class,In Transit,Net Banking,Small Business
ORD12283,15-04-2026,CUST1327,Kavya Mishra,Maharashtra,Pune,West,Furniture,Table,2,30533,10,54959.4,50234.53,4724.87,Second Class,In Transit,Debit Card,Corporate
ORD12284,12-08-2025,CUST1442,Pooja Dubey,Karnataka,Bengaluru,South,Electronics,Smartphone,6,52476,25,236142,181568.09,54573.91,Same Day,In Transit,Cash on Delivery,Consumer
ORD12285,29-11-2024,CUST1789,Pooja Dubey,Tamil Nadu,Chennai,South,Electronics,Laptop,7,46695,10,294178.5,264713.58,29464.92,Standard Class,Returned,Cash on Delivery,Corporate
ORD12286,22-01-2026,CUST1355,Vivaan Saxena,Gujarat,Surat,West,Electronics,Monitor,3,34238,15,87306.9,58103.94,29202.96,Same Day,In Transit,Cash on Delivery,Corporate
ORD10025,02-06-2025,CUST1474,Tanvi Kapoor,Uttar Pradesh,Noida,North,Electronics,Smartwatch,3,41490,25,93352.5,67813.17,25539.33,Second Class,Cancelled,UPI,Consumer
ORD12288,11-11-2025,CUST1084,Nikhil Tiwari,Delhi,New Delhi,North,Office Supplies,Printer Paper,7,9611,5,63913.15,59310,4603.15,Same Day,Returned,UPI,Consumer
ORD12289,24-02-2026,CUST1097,Khushi Joshi,Maharashtra,Pune,West,Office Supplies,Marker,1,51019,5,48468.05,43254.86,5213.19,Same Day,Cancelled,Debit Card,Enterprise
ORD12290,24-08-2025,CUST1550,Shreya Yadav,Uttar Pradesh,Noida,North,Electronics,Smartwatch,2,15690,15,26673,25223.59,1449.41,Standard Class,Delivered,Debit Card,Corporate
ORD12291,27-04-2026,CUST1338,Vivaan Singh,Tamil Nadu,Chennai,South,Furniture,Table,4,43385,20,138832,102266.59,36565.41,First Class,In Transit,Net Banking,Enterprise
ORD12292,05-06-2024,CUST1012,Ishita Yadav,Karnataka,Mysuru,South,Electronics,Smartphone,6,25329,5,144375.3,134090.83,10284.47,Second Class,Returned,Net Banking,Small Business
ORD12293,17-03-2024,CUST1572,Siddharth Singh,Gujarat,Ahmedabad,West,Furniture,Bed,2,13942,20,22307.2,13828.42,8478.78,Same Day,Delivered,Net Banking,Corporate
ORD12294,07-01-2026,CUST1155,Naina Yadav,Gujarat,Surat,West,Electronics,Laptop,7,43324,20,242614.4,162524.56,80089.84,Second Class,Delivered,Net Banking,Corporate
ORD12295,22-05-2025,CUST1108,Ritika Dubey,West Bengal,Siliguri,East,Electronics,Monitor,3,31968,20,76723.2,56057.04,20666.16,Standard Class,In Transit,Net Banking,Corporate
ORD12296,04-12-2025,CUST1595,Harsh Singh,Gujarat,Surat,West,Electronics,Tablet,7,11747,10,74006.1,60632.62,13373.48,First Class,Delivered,Credit Card,Corporate
ORD12297,03-04-2024,CUST1003,Siddharth Soni,Karnataka,Bengaluru,South,Furniture,Wardrobe,7,50172,0,351204,275291.15,75912.85,Standard Class,Returned,Cash on Delivery,Corporate
ORD12298,03-06-2025,CUST1665,Dev Dubey,Uttar Pradesh,Lucknow,North,Furniture,Chair,4,51315,15,174471,135907.42,38563.58,First Class,Returned,Debit Card,Corporate
ORD12299,01-01-2026,CUST1727,Simran Gupta,Rajasthan,Udaipur,North,Electronics,Laptop,4,11589,15,39402.6,35486.34,3916.26,Same Day,Cancelled,Credit Card,Corporate
ORD12300,31-10-2024,CUST1715,Ishita Kapoor,Rajasthan,Jaipur,North,Furniture,Chair,1,52696,10,47426.4,32322.38,15104.02,Standard Class,Cancelled,Cash on Delivery,Enterprise
ORD12301,16-02-2026,CUST1033,Dev Soni,Karnataka,Mysuru,South,Furniture,Sofa,3,7883,20,18919.2,12156.25,6762.95,Same Day,Returned,Net Banking,Corporate
ORD12302,12-11-2024,CUST1396,Siddharth Jain,Gujarat,Ahmedabad,West,Electronics,Smartphone,7,23583,20,132064.8,111213.56,20851.24,Second Class,Delivered,Credit Card,Corporate
ORD12303,21-12-2025,CUST1250,Siddharth Joshi,Maharashtra,Mumbai,West,Furniture,Chair,8,51747,0,413976,293073.07,120902.93,Same Day,Returned,Cash on Delivery,Consumer
ORD12304,24-09-2024,CUST1119,Ananya Saxena,Uttar Pradesh,Noida,North,Furniture,Table,1,27365,5,25996.75,15819.21,10177.54,First Class,In Transit,Net Banking,Corporate
ORD12305,09-04-2024,CUST1043,Yash Saxena,Uttar Pradesh,Lucknow,North,Furniture,Wardrobe,2,834,20,1334.4,961.36,373.04,Standard Class,Cancelled,Cash on Delivery,Corporate
ORD12306,19-01-2024,CUST1076,Mohit Bansal,Madhya Pradesh,Indore,Central,Electronics,Monitor,3,10430,5,29725.5,23486.91,6238.59,Same Day,Delivered,Credit Card,Consumer
ORD12307,31-01-2025,CUST1084,Rishi Yadav,Uttar Pradesh,Lucknow,North,Office Supplies,Pen Set,1,5098,10,4588.2,3376.27,1211.93,Second Class,Cancelled,UPI,Enterprise
ORD12308,08-08-2025,CUST1564,Siddharth Jain,Tamil Nadu,Coimbatore,South,Electronics,Monitor,5,24085,0,120425,101595.09,18829.91,Same Day,In Transit,Debit Card,Corporate
ORD12309,29-11-2024,CUST1069,Palak Singh,Karnataka,Bengaluru,South,Electronics,Laptop,7,46747,5,310867.55,232350.03,78517.52,First Class,Returned,Net Banking,Consumer
ORD12310,12-04-2024,CUST1211,Arjun Kapoor,Tamil Nadu,Chennai,South,Office Supplies,Pen Set,2,53293,25,79939.5,74476.71,5462.79,Second Class,Delivered,Cash on Delivery,Enterprise
ORD12311,05-04-2024,CUST1653,Ishita Tiwari,Tamil Nadu,Chennai,South,Office Supplies,Stapler,3,19429,0,58287,44718.7,13568.3,First Class,Cancelled,Net Banking,Small Business
ORD12312,05-01-2025,CUST1492,Ankit Dubey,Karnataka,Bengaluru,South,Electronics,Smartwatch,4,43515,20,139248,130138.16,9109.84,Second Class,In Transit,Cash on Delivery,Consumer
ORD12313,21-01-2025,CUST1499,Neha Mehta,Gujarat,Ahmedabad,West,Furniture,Chair,5,6882,15,29248.5,18998.79,10249.71,Standard Class,Delivered,Debit Card,Enterprise
ORD12314,18-09-2024,CUST1786,Harsh Tiwari,Telangana,Hyderabad,South,Electronics,Tablet,1,54618,0,54618,37074.82,17543.18,First Class,Returned,Cash on Delivery,Small Business
ORD12315,04-09-2025,CUST1021,Siddharth Joshi,Delhi,New Delhi,North,Furniture,Chair,2,33099,0,66198,57391.81,8806.19,Second Class,In Transit,UPI,Consumer
ORD12316,31-08-2025,CUST1114,Palak Bansal,Delhi,New Delhi,North,,Headphones,1,26805,25,20103.75,12173.59,7930.16,First Class,Delivered,Net Banking,Small Business
ORD12317,14-10-2024,CUST1410,Aditya Joshi,Maharashtra,Pune,West,Electronics,Smartwatch,8,41749,10,300592.8,264775.58,35817.22,Same Day,In Transit,Credit Card,Small Business
ORD12318,04-01-2024,CUST1263,Diya Saxena,West Bengal,Siliguri,East,Electronics,Headphones,8,51618,5,392296.8,236772.81,,Same Day,Delivered,UPI,Corporate
ORD12319,25-10-2024,CUST1146,Sneha Kapoor,Delhi,New Delhi,North,Electronics,Smartwatch,7,49488,10,311774.4,196709.56,115064.84,Same Day,Delivered,Cash on Delivery,Enterprise
ORD12320,27-07-2025,CUST1052,Muskan Yadav,Uttar Pradesh,Noida,North,Electronics,Tablet,6,38241,10,206501.4,149568.06,56933.34,Second Class,Delivered,Net Banking,Small Business
ORD12321,30-08-2025,CUST1260,Shreya Mishra,Karnataka,Bengaluru,South,Office Supplies,Marker,5,9062,15,38513.5,32381.17,6132.33,Same Day,Delivered,UPI,Consumer
ORD12322,31-10-2024,CUST1452,Sneha Tiwari,Telangana,Hyderabad,South,Electronics,Laptop,2,17509,25,26263.5,19716.33,6547.17,Second Class,In Transit,Net Banking,Consumer
ORD12323,09-12-2024,CUST1330,Harsh Dubey,Tamil Nadu,Chennai,South,Furniture,Bed,1,11171,5,10612.45,7715.8,2896.65,Standard Class,In Transit,Debit Card,Consumer
ORD12324,11-03-2024,CUST1503,Aditi Tiwari,Tamil Nadu,Chennai,South,Office Supplies,Stapler,1,59672,20,47737.6,34430.74,13306.86,First Class,Delivered,UPI,Enterprise
ORD12325,01-04-2025,CUST1192,Arjun Soni,Karnataka,Mysuru,South,Furniture,Sofa,5,36537,5,173550.75,137764.3,35786.45,Second Class,In Transit,Cash on Delivery,Enterprise
ORD12326,07-11-2025,CUST1362,Aditya Soni,Gujarat,Ahmedabad,West,Electronics,Headphones,3,52717,20,126520.8,94656.5,31864.3,Standard Class,In Transit,UPI,Enterprise
ORD12327,30-12-2024,CUST1391,Aditya Mishra,Karnataka,Mysuru,South,Furniture,Bed,7,17220,15,102459,81378.2,21080.8,First Class,Delivered,Cash on Delivery,Small Business
ORD12328,07-06-2024,CUST1364,Harsh Jaiswal,Uttar Pradesh,Lucknow,North,,Chair,5,16440,20,65760,52813.32,12946.68,Standard Class,In Transit,Cash on Delivery,Enterprise
ORD12329,28-05-2026,CUST1156,Harsh Kapoor,Maharashtra,Pune,West,Furniture,Sofa,2,16641,5,31617.9,24821.61,6796.29,First Class,In Transit,UPI,Corporate
ORD12330,30-07-2025,CUST1541,Palak Singh,Karnataka,Mysuru,South,Electronics,Headphones,2,35374,0,70748,63771.18,6976.82,First Class,In Transit,Cash on Delivery,Corporate
ORD12331,16-01-2024,CUST1751,Harsh Jain,Rajasthan,Jaipur,North,Office Supplies,Pen Set,4,1190,15,4046,3120.05,925.95,Second Class,Delivered,Credit Card,Small Business
ORD12332,10-06-2026,CUST1066,Simran Bansal,Maharashtra,Nashik,West,Furniture,Bed,7,39028,5,259536.2,218949.53,40586.67,Standard Class,Delivered,Debit Card,Consumer
ORD12333,16-02-2026,CUST1313,Simran Saxena,Uttar Pradesh,Lucknow,North,Furniture,Chair,6,31987,10,172729.8,162373.73,10356.07,First Class,Delivered,Net Banking,Consumer
ORD12334,08-09-2024,CUST1119,Vivaan Verma,Uttar Pradesh,Lucknow,North,Furniture,Bed,8,13782,20,88204.8,72789.31,15415.49,First Class,Returned,Net Banking,Enterprise
ORD12335,22-02-2025,CUST1232,Priya Jaiswal,Delhi,New Delhi,North,Furniture,Bed,3,37109,15,94627.95,62740.2,31887.75,Same Day,In Transit,Credit Card,Small Business
ORD10025,30-11-2024,CUST1418,Karan Jaiswal,West Bengal,Siliguri,East,Furniture,Table,2,37619,25,56428.5,53375.86,3052.64,First Class,Delivered,Debit Card,Consumer
ORD12337,02-06-2024,CUST1591,Ankit Joshi,Madhya Pradesh,Bhopal,Central,Electronics,Smartwatch,7,34171,25,179397.75,161381.49,18016.26,Same Day,Cancelled,Cash on Delivery,Consumer
ORD12338,08-01-2024,CUST1163,Ananya Bansal,Gujarat,Surat,West,Electronics,Tablet,2,38408,0,76816,58747.11,18068.89,First Class,In Transit,Credit Card,Enterprise
ORD12339,09-03-2024,CUST1223,Shreya Gupta,Madhya Pradesh,Bhopal,Central,Electronics,Monitor,4,30510,5,115938,91236.19,24701.81,First Class,In Transit,Debit Card,Consumer
ORD10025,28-01-2026,CUST1293,Manav Malhotra,Karnataka,Mysuru,South,Furniture,Bed,3,27335,0,82005,51079.51,30925.49,Same Day,In Transit,UPI,Enterprise
ORD12341,27-11-2024,CUST1357,Ananya Patel,Karnataka,Mysuru,South,Furniture,Table,6,20649,0,123894,86502.75,37391.25,First Class,Cancelled,Credit Card,Consumer
ORD12342,14-10-2025,CUST1743,Yash Saxena,Gujarat,Surat,West,Furniture,Sofa,3,26710,15,68110.5,46382.43,21728.07,Standard Class,Returned,Credit Card,Corporate
ORD12343,16-04-2024,CUST1414,Yash Chopra,Maharashtra,Nagpur,West,Furniture,Sofa,8,33433,25,200598,190245.33,10352.67,Same Day,Delivered,Cash on Delivery,Consumer
ORD12344,18-10-2024,CUST1411,Rajat Agarwal,Uttar Pradesh,Noida,North,Office Supplies,Stapler,1,49421,25,37065.75,23924.12,13141.63,Second Class,In Transit,Net Banking,Consumer
ORD12345,21-03-2024,CUST1268,Aman Soni,Tamil Nadu,Coimbatore,South,Furniture,Chair,8,14456,15,98300.8,87691.64,10609.16,Second Class,Delivered,Cash on Delivery,Consumer
ORD12346,08-11-2024,CUST1347,Vivaan Gupta,Karnataka,Bengaluru,South,Furniture,Wardrobe,4,34285,25,102855,97554.92,5300.08,Second Class,Delivered,Cash on Delivery,Corporate
ORD12347,08-07-2024,CUST1742,Simran Soni,Karnataka,Bengaluru,South,Furniture,Bed,5,32318,15,137351.5,94672.97,42678.53,Second Class,Cancelled,Cash on Delivery,Consumer
ORD12348,14-05-2025,CUST1712,Neha Patel,Karnataka,Bengaluru,South,,Marker,3,58399,25,131397.75,86259.7,45138.05,Standard Class,Delivered,Debit Card,Small Business
ORD12349,11-02-2025,CUST1498,Aarav Agarwal,Uttar Pradesh,Lucknow,North,Electronics,Headphones,4,2439,5,9268.2,5847.59,3420.61,Same Day,Delivered,Credit Card,Corporate
ORD12350,19-05-2025,CUST1317,Aditya Chopra,Tamil Nadu,Chennai,South,Office Supplies,Marker,8,26654,0,213232,139472.74,73759.26,Standard Class,Cancelled,Credit Card,Enterprise
ORD12351,24-08-2025,CUST1090,Ananya Patel,Uttar Pradesh,Noida,North,Furniture,Chair,1,22384,25,16788,10250.73,6537.27,Same Day,Delivered,Credit Card,Corporate
ORD12352,13-02-2026,CUST1059,Varun Tiwari,Tamil Nadu,Chennai,South,Furniture,Wardrobe,6,59556,25,268002,214016.64,53985.36,Second Class,In Transit,Net Banking,Consumer
ORD12353,16-01-2026,CUST1152,Akash Bansal,Karnataka,Mysuru,South,Electronics,Tablet,4,54433,15,185072.2,149264.64,35807.56,Second Class,Delivered,Net Banking,Corporate
ORD12354,19-11-2025,CUST1799,Aditya Jaiswal,Gujarat,Surat,West,Electronics,Monitor,2,22525,15,38292.5,33694.32,4598.18,Second Class,In Transit,UPI,Enterprise
ORD12355,27-03-2024,CUST1283,Nikhil Sharma,Tamil Nadu,Chennai,South,Electronics,Headphones,5,25478,15,108281.5,66386.57,41894.93,Standard Class,In Transit,Cash on Delivery,Consumer
ORD12356,11-05-2024,CUST1291,Rohan Patel,Karnataka,Mysuru,South,Electronics,Smartphone,1,37020,5,35169,30422.89,4746.11,Same Day,Returned,Cash on Delivery,Small Business
ORD12357,14-08-2024,CUST1133,Palak Agarwal,Delhi,New Delhi,North,Office Supplies,Stapler,7,46247,0,323729,248583.91,75145.09,Same Day,Cancelled,UPI,Enterprise
ORD12358,05-08-2025,CUST1596,Muskan Yadav,West Bengal,Kolkata,East,Furniture,Sofa,2,46461,5,88275.9,65560.19,22715.71,Same Day,Returned,Net Banking,Small Business
ORD12359,26-12-2025,CUST1249,Rohan Joshi,Maharashtra,Nashik,West,Furniture,Sofa,4,58377,15,198481.8,147200.68,51281.12,Second Class,Cancelled,Debit Card,Enterprise
ORD12360,21-06-2025,CUST1370,Kavya Joshi,,Udaipur,North,Electronics,Tablet,8,29880,15,203184,172719.9,30464.1,Second Class,Returned,Debit Card,Corporate
ORD12361,21-01-2025,CUST1038,Rohan Agarwal,Delhi,New Delhi,North,Electronics,Tablet,3,12658,20,30379.2,27655.43,2723.77,Second Class,Returned,Debit Card,Small Business
ORD12362,05-05-2025,CUST1529,Ishita Dubey,Maharashtra,Nagpur,West,Office Supplies,Marker,8,42171,0,337368,220770.92,116597.08,First Class,Delivered,Net Banking,Consumer
ORD12363,03-01-2024,CUST1228,Akash Chopra,Madhya Pradesh,Indore,Central,Electronics,Smartwatch,4,50273,5,191037.4,154011.49,37025.91,Standard Class,Returned,Credit Card,Enterprise
ORD12364,22-11-2024,CUST1123,Priya Agarwal,Karnataka,Bengaluru,South,Electronics,Headphones,1,33787,25,25340.25,18532.92,6807.33,Same Day,Delivered,Cash on Delivery,Enterprise
ORD12365,28-08-2024,CUST1130,Diya Joshi,Uttar Pradesh,Lucknow,North,Office Supplies,Stapler,4,41136,5,156316.8,130906.88,25409.92,First Class,Delivered,Credit Card,Enterprise
ORD12366,08-01-2025,CUST1373,Nidhi Verma,Rajasthan,Udaipur,North,Electronics,Laptop,2,58353,15,99200.1,72487.31,26712.79,Same Day,Returned,Cash on Delivery,Enterprise
ORD12367,14-03-2026,CUST1349,Aditya Malhotra,Karnataka,Bengaluru,South,Furniture,Chair,8,44085,25,264510,228554.29,35955.71,Standard Class,Returned,Debit Card,Enterprise
ORD12368,23-01-2025,CUST1119,Dev Bansal,Karnataka,Mysuru,South,Electronics,Headphones,7,634,0,4438,3822.13,615.87,Standard Class,Returned,Credit Card,Consumer
ORD12369,20-01-2025,CUST1615,Dev Patel,Tamil Nadu,Coimbatore,South,Electronics,Monitor,3,19420,10,52434,44189.63,8244.37,Standard Class,Delivered,Debit Card,Corporate
ORD12370,05-01-2025,CUST1269,Rajat Dubey,Karnataka,Mysuru,South,Office Supplies,Marker,6,30226,10,163220.4,146316.48,16903.92,Standard Class,Cancelled,Cash on Delivery,Corporate
ORD12371,12-04-2026,CUST1644,Aarav Malhotra,Karnataka,Bengaluru,South,Electronics,Tablet,4,15631,20,50019.2,39579.83,10439.37,Same Day,Cancelled,Net Banking,Consumer
ORD12372,21-01-2024,CUST1197,Priya Jain,Telangana,Hyderabad,South,Furniture,Sofa,-1,19103,0,19103,13394.91,5708.09,Second Class,Returned,Cash on Delivery,Enterprise
ORD12373,06-06-2026,CUST1460,Aman Jaiswal,Karnataka,Bengaluru,South,Electronics,Monitor,7,8125,20,45500,41311.38,4188.62,Standard Class,In Transit,Credit Card,Corporate
ORD12374,20-05-2026,CUST1730,Rahul Singh,Uttar Pradesh,Noida,North,Electronics,Laptop,3,5755,5,16401.75,11417.87,4983.88,First Class,Cancelled,Cash on Delivery,Consumer
ORD12375,12-09-2024,CUST1058,Ananya Saxena,Uttar Pradesh,Noida,North,Electronics,Smartwatch,7,51425,20,287980,221684.05,66295.95,Second Class,Cancelled,Debit Card,Enterprise
ORD12376,29-08-2024,CUST1408,Rajat Joshi,Uttar Pradesh,Lucknow,North,Electronics,Laptop,6,7353,0,44118,30868.76,13249.24,Same Day,Cancelled,Net Banking,Enterprise
ORD12377,11-08-2024,CUST1479,Aditi Kapoor,Gujarat,Ahmedabad,West,Furniture,Table,5,57234,20,228936,168052.91,60883.09,Same Day,Cancelled,Debit Card,Small Business
ORD12378,16-06-2024,CUST1551,Rishi Yadav,Rajasthan,Jaipur,North,Office Supplies,Notebook,5,22120,10,99540,83066.69,16473.31,First Class,Returned,Credit Card,Corporate
ORD12379,13-05-2025,CUST1276,Ritika Singh,Delhi,New Delhi,North,Electronics,Tablet,2,15636,25,23454,17262.81,6191.19,Same Day,Cancelled,Cash on Delivery,Consumer
ORD12380,02-09-2024,CUST1331,Yash Singh,Telangana,Warangal,South,Furniture,Table,2,19665,0,39330,31020.78,8309.22,Standard Class,Returned,Cash on Delivery,Consumer
ORD12381,05-01-2025,CUST1307,Palak Verma,Madhya Pradesh,Bhopal,Central,Electronics,Tablet,3,30218,0,90654,68757.07,21896.93,First Class,In Transit,Net Banking,Enterprise
ORD12382,26-02-2024,CUST1467,Pooja Mishra,Maharashtra,Nagpur,West,Electronics,Monitor,3,36219,15,92358.45,64377.81,27980.64,Standard Class,In Transit,Cash on Delivery,Consumer
ORD12383,01-02-2024,CUST1233,Varun Jaiswal,Uttar Pradesh,Noida,North,Furniture,Table,8,35991,5,273531.6,258091.74,15439.86,Same Day,Delivered,UPI,Small Business
ORD12384,31-10-2025,CUST1688,Naina Kapoor,Telangana,Warangal,South,Furniture,Bed,6,2126,0,12756,8508.08,4247.92,Second Class,In Transit,Debit Card,Enterprise
ORD12385,14-04-2026,CUST1250,Akash Sharma,West Bengal,Siliguri,East,Office Supplies,Marker,5,50872,25,190770,168539.29,22230.71,Same Day,Cancelled,UPI,Enterprise
ORD12386,25-03-2026,CUST1231,Ishita Mehta,,Mysuru,South,Furniture,Wardrobe,7,4787,15,28482.65,26081.93,2400.72,Same Day,In Transit,Cash on Delivery,Consumer
ORD12387,12-06-2025,CUST1431,Muskan Soni,Karnataka,Bengaluru,South,Electronics,Smartwatch,3,20060,25,45135,40023.11,5111.89,Standard Class,Returned,Net Banking,Enterprise
ORD12388,31-10-2024,CUST1275,Diya Malhotra,Delhi,New Delhi,North,Furniture,Bed,1,51169,10,46052.1,31257.83,14794.27,First Class,Returned,Debit Card,Consumer
ORD12389,03-06-2026,CUST1543,Arjun Sharma,Maharashtra,Nashik,West,Electronics,Laptop,1,55764,0,55764,47132.9,8631.1,Second Class,Returned,Cash on Delivery,Corporate
ORD12390,29-05-2026,CUST1394,Aman Jain,Telangana,Hyderabad,South,Furniture,Wardrobe,3,54124,0,162372,117617.84,44754.16,Standard Class,Returned,Debit Card,Enterprise
ORD12391,11-07-2024,CUST1091,Akash Soni,Telangana,Warangal,South,Furniture,Chair,2,39594,5,75228.6,68216.85,7011.75,Second Class,Returned,UPI,Small Business
ORD12392,31-03-2026,CUST1148,Khushi Soni,Uttar Pradesh,Lucknow,North,Office Supplies,Marker,6,33887,25,152491.5,105739.41,46752.09,Same Day,Cancelled,UPI,Corporate
ORD12393,11-05-2026,CUST1630,Manav Bansal,Tamil Nadu,Chennai,South,Office Supplies,Printer Paper,4,54527,10,196297.2,147725.68,48571.52,Second Class,Delivered,UPI,Small Business
ORD12394,28-06-2024,CUST1589,Rajat Agarwal,Karnataka,Mysuru,South,Electronics,Smartwatch,2,27342,25,41013,34203.62,6809.38,First Class,Delivered,Net Banking,Small Business
ORD12395,13-05-2025,CUST1251,Yash Malhotra,Maharashtra,Pune,West,Electronics,Tablet,2,41901,25,62851.5,58342.13,4509.37,Second Class,Cancelled,Debit Card,Corporate
ORD12396,17-04-2026,CUST1674,Manav Yadav,Karnataka,Mysuru,South,Electronics,Tablet,-1,28346,25,106297.5,66142.73,40154.77,Second Class,Returned,Net Banking,Enterprise
ORD12397,10-02-2026,CUST1525,Aarav Sharma,Gujarat,Surat,West,Electronics,Monitor,1,5189,20,4151.2,3861.47,289.73,Second Class,Delivered,Debit Card,Corporate
ORD12398,02-01-2026,CUST1440,Arjun Patel,Rajasthan,Jaipur,North,Electronics,Monitor,5,54303,5,257939.25,185715.75,72223.5,Same Day,Delivered,Net Banking,Consumer
ORD12399,17-05-2026,CUST1074,Meera Bansal,Rajasthan,Jaipur,North,Furniture,Wardrobe,5,46835,15,199048.75,174820.77,24227.98,First Class,Delivered,Net Banking,Small Business
ORD12400,20-12-2024,CUST1687,Karan Kapoor,Gujarat,Surat,West,Electronics,Monitor,3,44101,10,119072.7,73602.02,45470.68,First Class,Cancelled,Debit Card,Consumer
ORD12401,09-01-2026,CUST1357,Siddharth Mishra,Maharashtra,Nashik,West,Furniture,Bed,2,6472,20,10355.2,9644.6,710.6,Same Day,In Transit,Net Banking,Corporate
ORD12402,21-02-2026,CUST1610,Rohan Yadav,Karnataka,Bengaluru,South,Electronics,Tablet,5,25010,10,112545,76504.17,36040.83,First Class,In Transit,Cash on Delivery,Consumer
ORD12403,20-04-2024,CUST1588,Dev Kapoor,Madhya Pradesh,Bhopal,Central,Furniture,Chair,3,51293,25,115409.25,99709.71,15699.54,Standard Class,Cancelled,Cash on Delivery,Enterprise
ORD12404,05-10-2024,CUST1649,Diya Dubey,Karnataka,Mysuru,South,Furniture,Wardrobe,1,55848,0,55848,38197.97,17650.03,Second Class,In Transit,Cash on Delivery,Corporate
ORD12405,20-12-2024,CUST1742,Mohit Soni,Uttar Pradesh,Lucknow,North,Electronics,Tablet,6,50595,25,227677.5,165906.72,61770.78,Second Class,Returned,Cash on Delivery,Enterprise
ORD12406,08-09-2025,CUST1594,Rahul Dubey,Delhi,New Delhi,North,Furniture,Bed,4,54876,5,208528.8,168492.2,,First Class,In Transit,UPI,Consumer
ORD12407,27-06-2025,CUST1191,Nidhi Yadav,Telangana,Warangal,South,Electronics,Headphones,6,50129,15,255657.9,202335.54,53322.36,Standard Class,Returned,Net Banking,Corporate
ORD12408,28-07-2025,CUST1616,Nidhi Mishra,Madhya Pradesh,Indore,Central,Furniture,Wardrobe,4,994,25,2982,2680.46,301.54,Same Day,Returned,Cash on Delivery,Small Business
ORD12409,23-11-2024,CUST1695,Dev Saxena,Delhi,New Delhi,North,Office Supplies,Pen Set,6,57157,15,291500.7,190955.63,100545.07,Same Day,Cancelled,UPI,Corporate
ORD12410,02-12-2024,CUST1054,Harsh Mishra,Uttar Pradesh,Noida,North,Electronics,Headphones,8,23575,20,150880,114397.15,36482.85,Standard Class,In Transit,UPI,Enterprise
ORD12411,01-08-2024,CUST1594,Rishi Patel,Delhi,New Delhi,North,Electronics,Smartwatch,1,58308,15,49561.8,46751.91,2809.89,Same Day,Returned,Cash on Delivery,Small Business
ORD12412,18-09-2024,CUST1797,Dev Malhotra,Tamil Nadu,Coimbatore,South,Electronics,Smartphone,1,9967,10,8970.3,7357.37,1612.93,Standard Class,Cancelled,Credit Card,Consumer
ORD12413,14-02-2026,CUST1200,Palak Sharma,Telangana,Hyderabad,South,Office Supplies,Stapler,1,8116,0,8116,5383.39,2732.61,Same Day,Cancelled,Credit Card,Consumer
ORD12414,06-03-2025,CUST1281,Muskan Patel,Madhya Pradesh,Bhopal,Central,Office Supplies,Marker,2,42052,15,71488.4,53279.45,18208.95,Standard Class,Delivered,Net Banking,Corporate
ORD12415,10-09-2024,CUST1108,Nikhil Singh,Delhi,New Delhi,North,Electronics,Tablet,3,46141,25,103817.25,63196.55,40620.7,Second Class,Delivered,UPI,Consumer
ORD12416,05-08-2025,CUST1047,Ritika Soni,Madhya Pradesh,Indore,Central,Furniture,Wardrobe,4,11896,0,47584,34055.18,13528.82,Same Day,Returned,UPI,Enterprise
ORD12417,27-05-2026,CUST1679,Tanvi Chopra,Uttar Pradesh,Noida,North,Electronics,Laptop,7,1786,10,11251.8,7335.37,,Standard Class,Cancelled,Net Banking,Corporate
ORD12418,24-01-2025,CUST1049,Rajat Dubey,Karnataka,Mysuru,South,Electronics,Monitor,5,18600,15,79050,50630.61,28419.39,Standard Class,Cancelled,Net Banking,Corporate
ORD10025,30-04-2024,CUST1040,Rishi Kapoor,Tamil Nadu,Coimbatore,South,Furniture,Wardrobe,3,4944,10,13348.8,8580.44,4768.36,Same Day,In Transit,Cash on Delivery,Consumer
ORD10025,12-04-2025,CUST1062,Rishi Agarwal,Tamil Nadu,Coimbatore,South,Furniture,Wardrobe,1,47806,0,47806,39648.18,8157.82,First Class,Cancelled,Debit Card,Enterprise
ORD12421,22-01-2024,CUST1230,Palak Malhotra,Gujarat,Surat,West,Furniture,Wardrobe,6,29988,10,161935.2,122658.03,39277.17,Second Class,Cancelled,Net Banking,Small Business
ORD12422,18-02-2026,CUST1632,Manav Singh,Gujarat,Surat,West,Furniture,Wardrobe,2,54821,0,109642,97188.74,12453.26,Second Class,Cancelled,Cash on Delivery,Small Business
ORD12423,09-05-2026,CUST1219,Simran Kapoor,Telangana,Warangal,South,Electronics,Smartphone,1,35461,0,35461,24863.63,10597.37,First Class,In Transit,UPI,Small Business
ORD10025,26-02-2026,CUST1479,Nidhi Bansal,Gujarat,Ahmedabad,West,Electronics,Smartwatch,1,340,0,340,222.32,117.68,First Class,Returned,Net Banking,Small Business
ORD12425,23-03-2024,CUST1106,Rahul Joshi,Karnataka,Mysuru,South,Office Supplies,Notebook,7,14016,20,78489.6,50926.06,27563.54,Second Class,In Transit,UPI,Corporate
ORD12426,18-08-2024,CUST1701,Diya Malhotra,Uttar Pradesh,Noida,North,Furniture,Chair,8,52727,5,400725.2,378142.81,22582.39,Standard Class,Delivered,Debit Card,Consumer
ORD12427,05-11-2024,CUST1311,Riya Saxena,,Warangal,South,Office Supplies,Notebook,2,11096,10,19972.8,15493.72,4479.08,Second Class,Delivered,Net Banking,Small Business
ORD12428,20-12-2025,CUST1414,Karan Bansal,Madhya Pradesh,Bhopal,Central,Office Supplies,Printer Paper,2,6748,5,12821.2,9690.62,3130.58,Standard Class,Delivered,Cash on Delivery,Consumer
ORD12429,04-06-2024,CUST1428,Muskan Patel,West Bengal,Siliguri,East,Office Supplies,Marker,4,24281,5,92267.8,58113.64,34154.16,Second Class,Cancelled,,Consumer
ORD12430,05-03-2025,CUST1755,Ankit Patel,Maharashtra,Mumbai,West,Office Supplies,Stapler,7,34670,25,182017.5,136804.43,45213.07,Standard Class,Returned,Net Banking,Corporate
ORD12431,09-07-2024,CUST1351,Ananya Kapoor,Delhi,New Delhi,North,Electronics,Headphones,6,12745,25,57352.5,43778.01,13574.49,First Class,Cancelled,Net Banking,Enterprise
ORD12432,30-01-2025,CUST1034,Pooja Singh,Telangana,Warangal,South,Furniture,Table,6,5995,15,30574.5,25048.8,5525.7,Second Class,In Transit,Net Banking,Consumer
ORD12433,10-04-2026,CUST1078,Siddharth Agarwal,Maharashtra,Mumbai,West,Office Supplies,Pen Set,1,44691,15,37987.35,33375.98,4611.37,Standard Class,Cancelled,Credit Card,Corporate
ORD12434,18-03-2024,CUST1718,Akash Malhotra,Karnataka,Mysuru,South,Furniture,Bed,3,22271,25,50109.75,40431.24,9678.51,First Class,Returned,Credit Card,Corporate
ORD12435,21-02-2026,CUST1521,Karan Jain,Rajasthan,Udaipur,North,Electronics,Smartphone,1,28669,5,27235.55,21560.74,5674.81,First Class,Cancelled,Net Banking,Consumer
ORD12436,08-08-2024,CUST1269,Manav Kapoor,Gujarat,Ahmedabad,West,Electronics,Headphones,1,23226,0,23226,19129.32,4096.68,First Class,In Transit,Net Banking,Corporate
ORD12437,14-02-2026,CUST1254,Nidhi Tiwari,Karnataka,Bengaluru,South,Furniture,Wardrobe,8,29227,20,187052.8,153411.08,33641.72,Same Day,In Transit,Debit Card,Small Business
ORD12438,24-10-2024,CUST1247,Rishi Patel,Maharashtra,Nashik,West,Furniture,Table,2,52677,20,84283.2,65047.29,19235.91,Same Day,Returned,Net Banking,Small Business
ORD12439,25-01-2024,CUST1618,Manav Saxena,Maharashtra,Pune,West,Electronics,Headphones,4,47999,10,172796.4,135277.49,37518.91,Second Class,Returned,UPI,Enterprise
ORD12440,24-03-2025,CUST1488,Manav Mehta,Gujarat,Ahmedabad,West,Furniture,Sofa,5,34685,5,164753.75,120627.67,44126.08,Second Class,Delivered,Credit Card,Small Business
ORD12441,08-01-2024,CUST1262,Ananya Yadav,Telangana,Hyderabad,South,Furniture,Wardrobe,8,25978,15,176650.4,119774.16,56876.24,Same Day,Returned,Debit Card,Enterprise
ORD12442,28-03-2026,CUST1339,Karan Dubey,Delhi,New Delhi,North,Office Supplies,Printer Paper,5,26475,20,105900,78407.3,27492.7,Standard Class,Cancelled,Cash on Delivery,Corporate
ORD12443,06-10-2025,CUST1566,Naina Joshi,Maharashtra,Nagpur,West,Electronics,Laptop,4,24550,25,73650,61127.12,12522.88,First Class,Returned,Net Banking,Consumer
ORD12444,06-12-2024,CUST1726,Sneha Mishra,Madhya Pradesh,Bhopal,Central,Electronics,Laptop,6,52994,15,270269.4,186738.78,83530.62,Standard Class,Cancelled,Net Banking,Enterprise
ORD12445,02-07-2024,CUST1467,Simran Mishra,Karnataka,Mysuru,South,Furniture,Chair,4,35958,25,107874,74153,33721,Standard Class,Cancelled,Cash on Delivery,Corporate
ORD12446,02-04-2026,CUST1775,Ishita Yadav,Karnataka,Mysuru,South,Furniture,Table,5,23944,5,113734,79662.5,34071.5,Standard Class,Cancelled,UPI,Corporate
ORD12447,19-04-2024,CUST1268,Shreya Malhotra,Uttar Pradesh,Lucknow,North,Electronics,Smartwatch,7,46086,10,290341.8,205849.76,84492.04,Standard Class,Delivered,UPI,Consumer
ORD12448,02-06-2025,CUST1667,Tanvi Chopra,Karnataka,Mysuru,South,Office Supplies,Stapler,2,41445,5,78745.5,70076.41,8669.09,First Class,Returned,Debit Card,Consumer
ORD12449,15-12-2025,CUST1107,Aman Jain,Gujarat,Ahmedabad,West,Furniture,Chair,3,58307,15,148682.85,140189.52,8493.33,Same Day,Returned,Credit Card,Consumer
ORD12450,15-09-2024,CUST1014,Rajat Patel,Rajasthan,Jaipur,North,Furniture,Sofa,5,32145,20,128580,118103.15,10476.85,Standard Class,In Transit,UPI,Corporate
ORD12451,29-11-2024,CUST1569,Meera Mishra,Maharashtra,Mumbai,West,Office Supplies,Pen Set,2,39850,20,63760,55301.95,8458.05,First Class,Delivered,Credit Card,Corporate
ORD12452,21-06-2025,CUST1014,Meera Jaiswal,Tamil Nadu,Coimbatore,South,Electronics,Smartwatch,6,36578,15,186547.8,175011.73,11536.07,Second Class,Cancelled,Debit Card,Enterprise
ORD12453,16-11-2025,CUST1123,Rajat Patel,Maharashtra,Nashik,West,,Laptop,1,24124,20,19299.2,15252.4,4046.8,Standard Class,Delivered,Credit Card,Consumer
ORD12454,06-10-2025,CUST1164,Tanvi Kapoor,Maharashtra,Pune,West,Furniture,Table,7,56906,20,318673.6,273312.71,45360.89,Second Class,Delivered,Credit Card,Consumer
ORD12455,23-06-2024,CUST1170,Aarav Mishra,Tamil Nadu,Chennai,South,Office Supplies,Stapler,2,59158,15,100568.6,80443.43,20125.17,Same Day,Cancelled,Net Banking,Corporate
ORD12456,03-01-2024,CUST1797,Ankit Agarwal,Maharashtra,Nagpur,West,Electronics,Monitor,2,38108,20,60972.8,37853.63,23119.17,Second Class,Cancelled,Credit Card,Corporate
ORD12457,22-05-2026,CUST1243,Dev Sharma,Rajasthan,Udaipur,North,Office Supplies,Printer Paper,7,14399,10,90713.7,71507.63,19206.07,Second Class,Cancelled,Credit Card,Enterprise
ORD12458,03-03-2026,CUST1764,Priya Joshi,Gujarat,Surat,West,Furniture,Sofa,2,3674,20,5878.4,3816.72,2061.68,Second Class,Returned,Debit Card,Small Business
ORD12459,12-06-2025,CUST1623,Khushi Mehta,Tamil Nadu,Chennai,South,Office Supplies,Printer Paper,5,26414,25,99052.5,66904.17,32148.33,Same Day,Delivered,Cash on Delivery,Consumer
ORD12460,06-01-2026,CUST1599,Shreya Dubey,Delhi,New Delhi,North,Electronics,Laptop,3,38670,15,98608.5,62143.32,36465.18,Standard Class,Returned,UPI,Enterprise
ORD10025,04-06-2025,CUST1629,Ananya Malhotra,Tamil Nadu,Coimbatore,South,Furniture,Table,1,12461,15,10591.85,8563.82,2028.03,Standard Class,Returned,Debit Card,Small Business
ORD12462,13-10-2024,CUST1345,Karan Bansal,Uttar Pradesh,Lucknow,North,Office Supplies,Stapler,2,31212,25,46818,30741.07,16076.93,First Class,Cancelled,Debit Card,Small Business
ORD12463,13-06-2025,CUST1407,Diya Soni,Maharashtra,Mumbai,West,Furniture,Table,7,12248,20,68588.8,63030.4,5558.4,Standard Class,Cancelled,Credit Card,Consumer
ORD12464,03-08-2024,CUST1780,Aarav Dubey,Rajasthan,Jaipur,North,Electronics,Laptop,2,37545,15,63826.5,44667.61,19158.89,First Class,Cancelled,,Corporate
ORD12465,26-01-2024,CUST1719,Rishi Verma,Gujarat,Ahmedabad,West,Electronics,Monitor,6,57428,25,258426,193195.11,65230.89,First Class,Cancelled,Cash on Delivery,Consumer
ORD12466,05-06-2024,CUST1279,Nikhil Sharma,Maharashtra,Nagpur,West,Furniture,Wardrobe,2,8569,5,16281.1,11935.07,4346.03,Second Class,Returned,Cash on Delivery,Small Business
ORD12467,28-10-2025,CUST1459,Sneha Agarwal,Rajasthan,Jaipur,North,Electronics,Tablet,2,37696,25,56544,34713.79,21830.21,First Class,Returned,Net Banking,Consumer
ORD12468,29-06-2025,CUST1490,Riya Tiwari,Gujarat,Surat,West,Office Supplies,Marker,8,59021,5,448559.6,400641.39,47918.21,First Class,Cancelled,Net Banking,Corporate
ORD12469,03-07-2025,CUST1617,Akash Verma,West Bengal,Kolkata,East,Office Supplies,Stapler,4,22043,15,74946.2,48431.05,26515.15,Standard Class,Delivered,UPI,Enterprise
ORD12470,04-03-2026,CUST1137,Ritika Jaiswal,Karnataka,Mysuru,South,Electronics,Monitor,2,33288,0,66576,59052.26,7523.74,Second Class,In Transit,Credit Card,Consumer
ORD12471,04-03-2026,CUST1668,Ritika Dubey,Karnataka,Mysuru,South,Office Supplies,Marker,4,14277,15,48541.8,45989.94,2551.86,Second Class,Cancelled,Net Banking,Small Business
ORD12472,27-11-2024,CUST1393,Aditi Soni,West Bengal,Siliguri,East,Furniture,Sofa,3,21948,20,52675.2,39230.78,13444.42,First Class,Delivered,Net Banking,Enterprise
ORD12473,17-08-2024,CUST1046,Kavya Jain,Karnataka,Mysuru,South,Furniture,Bed,5,57530,20,230120,176166.34,53953.66,Standard Class,In Transit,Debit Card,Small Business
ORD12474,23-12-2024,CUST1139,Nikhil Bansal,Karnataka,Mysuru,South,Electronics,Smartphone,4,18924,15,64341.6,52605.46,11736.14,First Class,Returned,Debit Card,Enterprise
ORD12475,29-01-2025,CUST1217,Ishita Mehta,Maharashtra,Mumbai,West,Furniture,Sofa,6,2508,10,13543.2,11284.54,2258.66,Second Class,Cancelled,UPI,Enterprise
ORD12476,21-07-2024,CUST1547,Shreya Bansal,Gujarat,Surat,West,Furniture,Chair,2,38901,15,66131.7,54685.38,11446.32,Same Day,Returned,Cash on Delivery,Small Business
ORD12477,25-10-2025,CUST1155,Rishi Joshi,Karnataka,Mysuru,South,Electronics,Headphones,2,43792,5,83204.8,57091.21,26113.59,Standard Class,Cancelled,Net Banking,Consumer
ORD12478,17-04-2026,CUST1198,Yash Verma,Maharashtra,Mumbai,West,Office Supplies,Marker,8,45887,15,312031.6,219382.94,92648.66,Standard Class,Returned,Cash on Delivery,Consumer
ORD12479,10-08-2025,CUST1788,Muskan Jain,Uttar Pradesh,Noida,North,Furniture,Bed,2,17127,5,32541.3,27320.31,5220.99,Same Day,Returned,Cash on Delivery,Corporate
ORD12480,04-02-2025,CUST1647,Ritika Tiwari,West Bengal,Siliguri,East,Furniture,Bed,4,47079,20,150652.8,112427.54,38225.26,Standard Class,Cancelled,Net Banking,Enterprise
ORD12481,28-02-2025,CUST1649,Pooja Mishra,Karnataka,Mysuru,South,Furniture,Chair,5,12589,0,62945,55158.41,7786.59,Second Class,Delivered,Net Banking,Consumer
ORD12482,22-11-2024,CUST1713,Neha Yadav,Gujarat,Ahmedabad,West,Office Supplies,Printer Paper,2,8992,15,15286.4,9277.98,6008.42,First Class,Delivered,Credit Card,Small Business
ORD12483,10-06-2026,CUST1096,Muskan Gupta,Uttar Pradesh,Noida,North,Furniture,Bed,7,37766,10,237925.8,173927.43,63998.37,Second Class,Cancelled,Cash on Delivery,Consumer
ORD12484,04-09-2024,CUST1356,Simran Bansal,Karnataka,Mysuru,South,Furniture,Bed,4,7356,20,23539.2,19848.8,3690.4,First Class,Delivered,Credit Card,Corporate
ORD12485,10-12-2025,CUST1528,Meera Dubey,Rajasthan,Udaipur,North,Electronics,Monitor,3,13426,5,38264.1,33818.47,4445.63,Second Class,Returned,Debit Card,Small Business
ORD12486,28-02-2026,CUST1212,Varun Gupta,Rajasthan,Jaipur,North,Office Supplies,Marker,3,53347,25,120030.75,91563.1,28467.65,Standard Class,Returned,Cash on Delivery,Corporate
ORD12487,19-09-2024,CUST1649,Ananya Mehta,Telangana,Warangal,South,Electronics,Smartwatch,1,10283,5,9768.85,6201.97,3566.88,Second Class,Delivered,UPI,Enterprise
ORD12488,01-03-2025,CUST1002,Akash Mehta,Maharashtra,Nashik,West,Electronics,Tablet,5,13820,5,65645,45816.42,19828.58,Same Day,In Transit,Credit Card,Small Business
ORD12489,06-04-2024,CUST1368,Nidhi Kapoor,Delhi,New Delhi,North,Furniture,Table,8,2672,5,20307.2,14535.3,5771.9,Standard Class,Returned,Credit Card,Small Business
ORD12490,17-01-2026,CUST1762,Nidhi Chopra,Uttar Pradesh,Lucknow,North,Furniture,Table,7,33448,10,210722.4,129645.88,81076.52,First Class,Returned,Credit Card,Enterprise
ORD12491,17-06-2026,CUST1172,Rishi Gupta,Maharashtra,Pune,West,Office Supplies,Printer Paper,6,19028,25,85626,65478.54,20147.46,Standard Class,Returned,Debit Card,Corporate
ORD12492,09-01-2025,CUST1671,Aman Sharma,Maharashtra,Nashik,West,Office Supplies,Notebook,4,40360,0,161440,97105.15,64334.85,Second Class,Cancelled,Debit Card,Corporate
ORD12493,11-11-2025,CUST1230,Varun Sharma,Karnataka,Bengaluru,South,Furniture,Chair,6,27648,20,132710.4,116539.37,16171.03,First Class,Returned,Debit Card,Enterprise
ORD12494,19-09-2025,CUST1577,Vivaan Yadav,Karnataka,Mysuru,South,Furniture,Chair,3,36673,10,99017.1,90010.11,9006.99,Same Day,Returned,Cash on Delivery,Enterprise
ORD12495,25-04-2026,CUST1207,Ritika Bansal,Telangana,Hyderabad,South,Electronics,Tablet,6,32203,25,144913.5,135588.62,9324.88,Standard Class,Cancelled,Cash on Delivery,Corporate
ORD12496,14-01-2025,CUST1026,Yash Yadav,Delhi,New Delhi,North,Electronics,Monitor,5,858,10,3861,2656.96,1204.04,Same Day,Returned,UPI,Small Business
ORD12497,10-02-2025,CUST1604,Kavya Sharma,Delhi,New Delhi,North,Electronics,Tablet,1,42505,15,36129.25,25762.91,10366.34,Second Class,In Transit,Credit Card,Corporate
ORD12498,10-08-2025,CUST1107,Aman Chopra,Karnataka,Bengaluru,South,Electronics,Laptop,1,26368,5,25049.6,21081,3968.6,Same Day,Cancelled,UPI,Corporate
ORD12499,30-05-2024,CUST1050,Dev Verma,Delhi,New Delhi,North,Electronics,Laptop,2,55586,10,100054.8,94423.28,5631.52,Same Day,Delivered,Credit Card,Corporate
ORD12500,13-10-2025,CUST1294,Muskan Mehta,Karnataka,Mysuru,South,Furniture,Chair,5,329,25,1233.75,1073.38,160.37,First Class,In Transit,Credit Card,Small Business
ORD12501,03-03-2026,CUST1719,Meera Dubey,Madhya Pradesh,Indore,Central,Electronics,Smartphone,1,9942,5,9444.9,7952.33,1492.57,Standard Class,Delivered,UPI,Corporate
ORD12502,18-10-2025,CUST1600,Arjun Chopra,Maharashtra,Pune,West,Furniture,Table,5,43604,5,207119,148404.65,58714.35,Standard Class,In Transit,Debit Card,Corporate
ORD12503,24-01-2026,CUST1713,Varun Mishra,Madhya Pradesh,Bhopal,Central,Office Supplies,Notebook,8,27125,5,206150,166143.32,40006.68,First Class,Cancelled,Net Banking,Enterprise
ORD12504,04-01-2024,CUST1565,Meera Saxena,Karnataka,Mysuru,South,Furniture,Sofa,4,24839,0,99356,91088.27,8267.73,Standard Class,Cancelled,UPI,Consumer
ORD12505,08-12-2024,CUST1433,Vivaan Chopra,Delhi,New Delhi,North,Electronics,Smartphone,8,12500,0,100000,85246.23,14753.77,Second Class,Cancelled,UPI,Enterprise
ORD12506,15-11-2025,CUST1558,Siddharth Bansal,Madhya Pradesh,Indore,Central,Electronics,Headphones,3,19302,10,52115.4,46074.09,6041.31,Same Day,Cancelled,Net Banking,Corporate
ORD12507,31-08-2025,CUST1163,Rishi Singh,Telangana,Hyderabad,South,Furniture,Table,3,4396,10,11869.2,8916.88,2952.32,Second Class,In Transit,Cash on Delivery,Corporate
ORD12508,07-09-2025,CUST1028,Khushi Malhotra,Karnataka,Bengaluru,South,Electronics,Tablet,3,47508,5,135397.8,91544.44,43853.36,Second Class,Cancelled,UPI,Small Business
ORD12509,12-12-2024,CUST1164,Diya Kapoor,Uttar Pradesh,Lucknow,North,Office Supplies,Notebook,5,19814,0,99070,65398.04,33671.96,Second Class,Returned,Debit Card,Enterprise
ORD12510,14-06-2026,CUST1714,Manav Patel,Tamil Nadu,Chennai,South,Furniture,Wardrobe,4,37901,25,113703,77243.34,36459.66,First Class,Delivered,Debit Card,Enterprise
ORD12511,29-05-2026,CUST1350,Aman Bansal,Uttar Pradesh,Lucknow,North,Electronics,Smartwatch,5,7601,10,34204.5,31574.2,2630.3,Second Class,In Transit,Cash on Delivery,Enterprise
ORD12512,16-08-2025,CUST1654,Manav Agarwal,Tamil Nadu,Coimbatore,South,Furniture,Chair,1,22504,5,21378.8,18532.33,2846.47,First Class,Returned,Cash on Delivery,Enterprise
ORD12513,05-07-2024,CUST1758,Pooja Joshi,Delhi,New Delhi,North,Electronics,Monitor,3,22833,15,58224.15,37565.56,20658.59,Second Class,Delivered,UPI,Enterprise
ORD12514,01-11-2024,CUST1403,Ananya Bansal,Maharashtra,Nashik,West,Office Supplies,Notebook,7,39718,10,250223.4,194181.96,56041.44,Same Day,Returned,Net Banking,Small Business
ORD12515,12-02-2024,CUST1569,Shreya Verma,Maharashtra,Mumbai,West,Electronics,Smartphone,6,42557,15,217040.7,196270.7,20770,Same Day,In Transit,Credit Card,Enterprise
ORD12516,01-04-2026,CUST1650,Yash Malhotra,Uttar Pradesh,Lucknow,North,Furniture,Sofa,3,44599,25,100347.75,73167.95,,First Class,Delivered,UPI,Consumer
ORD12517,26-05-2024,CUST1432,Neha Saxena,Uttar Pradesh,Noida,North,Electronics,Smartwatch,3,43017,10,116145.9,109462.85,6683.05,Same Day,Cancelled,Net Banking,Consumer
ORD12518,24-07-2024,CUST1434,Karan Singh,Rajasthan,Udaipur,North,Office Supplies,Pen Set,7,20006,15,119035.7,72896.38,46139.32,Second Class,Returned,Debit Card,Corporate
ORD12519,23-05-2024,CUST1417,Mohit Joshi,West Bengal,Kolkata,East,,Tablet,5,55928,25,209730,179607.77,30122.23,Standard Class,Returned,Credit Card,Small Business
ORD12520,24-03-2026,CUST1122,Sneha Mehta,Uttar Pradesh,Lucknow,North,Furniture,Sofa,3,58502,25,131629.5,91255.05,40374.45,Standard Class,Returned,Net Banking,Corporate
ORD12521,09-07-2024,CUST1167,Muskan Malhotra,Gujarat,Ahmedabad,West,Furniture,Sofa,4,47818,0,191272,164800.73,26471.27,Second Class,Cancelled,Debit Card,Enterprise
ORD12522,27-02-2025,CUST1642,Rahul Yadav,Karnataka,Mysuru,South,Electronics,Smartwatch,7,19236,10,121186.8,79639.6,41547.2,Standard Class,Cancelled,UPI,Enterprise
ORD12523,23-10-2024,CUST1536,Siddharth Mishra,Telangana,Hyderabad,South,Furniture,Chair,2,9060,10,16308,15489.99,818.01,Standard Class,Returned,Net Banking,Small Business
ORD12524,21-01-2024,CUST1026,Muskan Agarwal,West Bengal,Kolkata,East,Electronics,Headphones,8,20345,25,122070,98296.16,23773.84,First Class,Delivered,UPI,Consumer
ORD12525,31-07-2024,CUST1016,Siddharth Sharma,Tamil Nadu,Chennai,South,Furniture,Sofa,3,2216,10,5983.2,4780.3,1202.9,Same Day,Returned,UPI,Small Business
ORD12526,30-03-2026,CUST1356,Neha Jaiswal,Maharashtra,Mumbai,West,Electronics,Laptop,5,45095,5,214201.25,134146.52,80054.73,Standard Class,In Transit,UPI,Small Business
ORD12527,31-03-2025,CUST1366,Ankit Saxena,Madhya Pradesh,Bhopal,Central,Furniture,Chair,7,27414,0,191898,166906.79,24991.21,Standard Class,Returned,UPI,Small Business
ORD12528,29-09-2024,CUST1736,Palak Gupta,,Warangal,South,Office Supplies,Pen Set,7,1577,20,8831.2,6384.19,2447.01,Same Day,Cancelled,UPI,Corporate
ORD12529,27-12-2025,CUST1444,Varun Jain,Maharashtra,Pune,West,Furniture,Chair,2,22151,0,44302,28402.84,15899.16,Same Day,Delivered,Debit Card,Corporate
ORD12530,29-11-2024,CUST1010,Priya Yadav,Madhya Pradesh,Indore,Central,Electronics,Laptop,7,7083,25,37185.75,33465.41,3720.34,First Class,Cancelled,Credit Card,Small Business
ORD12531,10-07-2024,CUST1149,Siddharth Jain,Delhi,New Delhi,North,Office Supplies,Notebook,8,13311,15,90514.8,82716.15,7798.65,Same Day,In Transit,Debit Card,Consumer
ORD12532,23-03-2025,CUST1736,Ankit Gupta,Telangana,Warangal,South,Electronics,Monitor,3,19902,0,59706,47291.79,12414.21,Same Day,In Transit,Debit Card,Corporate
ORD12533,11-08-2025,CUST1243,Arjun Jain,Rajasthan,Udaipur,North,Electronics,Monitor,1,38362,25,28771.5,23857.64,4913.86,Standard Class,Returned,UPI,Consumer
ORD12534,24-08-2025,CUST1138,Rahul Sharma,Rajasthan,Jaipur,North,Electronics,Monitor,8,46553,0,372424,353012.95,19411.05,Second Class,Cancelled,Debit Card,Consumer
ORD12535,04-12-2024,CUST1045,Rahul Jain,Delhi,New Delhi,North,Furniture,Sofa,5,41875,5,198906.25,140079.45,58826.8,Same Day,Cancelled,Debit Card,Corporate
ORD12536,18-06-2026,CUST1085,Aman Chopra,Tamil Nadu,Coimbatore,South,Furniture,Bed,7,58804,10,370465.2,293425.73,77039.47,First Class,Delivered,Credit Card,Corporate
ORD12537,27-04-2025,CUST1509,Aarav Sharma,Madhya Pradesh,Bhopal,Central,Electronics,Tablet,4,1460,25,4380,3281.16,1098.84,Second Class,Cancelled,Net Banking,Enterprise
ORD12538,22-03-2026,CUST1228,Harsh Tiwari,Tamil Nadu,Chennai,South,Furniture,Wardrobe,3,16678,0,50034,38834.44,11199.56,First Class,Delivered,Credit Card,Corporate
ORD12539,11-09-2024,CUST1442,Khushi Malhotra,,Indore,Central,Office Supplies,Marker,3,3788,20,9091.2,6028.39,3062.81,Standard Class,Cancelled,Credit Card,Consumer
ORD12540,12-05-2026,CUST1410,Neha Dubey,Maharashtra,Pune,West,Furniture,Sofa,2,44712,5,84952.8,62310.72,22642.08,Same Day,Cancelled,UPI,Consumer
ORD12541,03-07-2024,CUST1674,Pooja Sharma,Uttar Pradesh,Lucknow,North,Furniture,Chair,4,41145,0,164580,141505.8,23074.2,Same Day,Cancelled,Net Banking,Corporate
ORD12542,20-08-2025,CUST1609,Ankit Saxena,Madhya Pradesh,Indore,Central,,Bed,4,58395,5,221901,150113.9,71787.1,First Class,Delivered,Net Banking,Enterprise
ORD12543,28-01-2024,CUST1664,Tanvi Jain,Madhya Pradesh,Bhopal,Central,Electronics,Monitor,6,23414,0,140484,110159.7,30324.3,First Class,Delivered,Cash on Delivery,Consumer
ORD12544,27-08-2025,CUST1779,Arjun Bansal,Telangana,Hyderabad,South,Electronics,Headphones,3,23839,0,71517,60227.64,11289.36,Standard Class,Returned,Debit Card,Enterprise
ORD12545,24-09-2024,CUST1216,Ananya Patel,Uttar Pradesh,Noida,North,Furniture,Wardrobe,5,50979,0,254895,228252.9,26642.1,Standard Class,Cancelled,UPI,Small Business
ORD12546,30-04-2024,CUST1780,Rajat Chopra,Maharashtra,Pune,West,Furniture,Wardrobe,1,29050,15,24692.5,15612.43,9080.07,Standard Class,Returned,Cash on Delivery,Corporate
ORD12547,12-10-2024,CUST1577,Ankit Bansal,Delhi,New Delhi,North,Furniture,Table,3,55091,0,165273,125189.59,40083.41,Standard Class,Delivered,Net Banking,Enterprise
ORD12548,13-12-2024,CUST1657,Dev Yadav,Tamil Nadu,Coimbatore,South,Electronics,Monitor,1,18489,5,17564.55,15614.97,1949.58,Standard Class,Returned,Net Banking,Small Business
ORD12549,23-04-2026,CUST1572,Aditya Malhotra,Gujarat,Ahmedabad,West,Office Supplies,Stapler,6,3636,25,16362,12900.34,3461.66,Standard Class,In Transit,Cash on Delivery,Consumer
ORD12550,28-04-2025,CUST1376,Shreya Mishra,Karnataka,Mysuru,South,Electronics,Smartwatch,8,55926,10,402667.2,365972.66,36694.54,First Class,Delivered,Debit Card,Corporate
ORD12551,23-06-2024,CUST1058,Aman Dubey,Karnataka,Mysuru,South,Electronics,Headphones,3,32736,0,98208,76734.05,21473.95,Standard Class,Delivered,Credit Card,Enterprise
ORD12552,17-05-2026,CUST1245,Aditi Sharma,Telangana,Hyderabad,South,Electronics,Smartphone,3,52773,0,158319,122851.16,35467.84,Standard Class,Cancelled,UPI,Consumer
ORD12553,30-07-2025,CUST1018,Tanvi Soni,Telangana,Warangal,South,Furniture,Wardrobe,6,7656,15,39045.6,28874.42,10171.18,Same Day,Returned,Debit Card,Small Business
ORD12554,12-02-2025,CUST1734,Arjun Jain,Uttar Pradesh,Lucknow,North,Electronics,Headphones,5,49014,25,183802.5,155705.01,28097.49,Same Day,In Transit,Credit Card,Corporate
ORD12555,21-03-2026,CUST1038,Aditya Mishra,West Bengal,Siliguri,East,Electronics,Laptop,1,22513,10,20261.7,17692.17,2569.53,Same Day,Delivered,Credit Card,Small Business
ORD12556,24-08-2025,CUST1324,Harsh Singh,Uttar Pradesh,Noida,North,Electronics,Tablet,3,59368,0,178104,150952.35,27151.65,Same Day,Returned,Cash on Delivery,Corporate
ORD12557,29-06-2025,CUST1043,Ishita Sharma,Uttar Pradesh,Noida,North,Office Supplies,Pen Set,4,57663,20,184521.6,172931.11,11590.49,Second Class,Returned,Cash on Delivery,Enterprise
ORD12558,25-08-2024,CUST1386,Siddharth Mishra,Delhi,New Delhi,North,Electronics,Smartphone,4,44084,25,132252,114912.16,17339.84,Standard Class,Delivered,Cash on Delivery,Small Business
ORD12559,17-04-2024,CUST1541,Rajat Agarwal,Tamil Nadu,Chennai,South,Furniture,Bed,5,29218,15,124176.5,107265.38,16911.12,Second Class,Returned,Credit Card,Consumer
ORD12560,26-07-2024,CUST1302,Kavya Gupta,Maharashtra,Nagpur,West,Office Supplies,Printer Paper,8,35407,10,254930.4,166972.9,87957.5,Standard Class,Returned,UPI,Corporate
ORD12561,13-03-2025,CUST1324,Arjun Bansal,Maharashtra,Nashik,West,,Chair,7,3098,0,21686,13161.37,8524.63,Same Day,In Transit,Debit Card,Corporate
ORD10025,15-10-2025,CUST1042,Neha Singh,Madhya Pradesh,Bhopal,Central,Electronics,Smartphone,4,36689,10,132080.4,90830.38,41250.02,First Class,Returned,Debit Card,Consumer
ORD12563,24-01-2024,CUST1535,Ritika Mishra,Madhya Pradesh,Bhopal,Central,Electronics,Smartphone,5,24907,15,105854.75,85841.39,20013.36,First Class,Returned,Cash on Delivery,Enterprise
ORD12564,27-12-2025,CUST1228,Rohan Bansal,,Kolkata,East,Furniture,Bed,6,14954,5,85237.8,71648,13589.8,First Class,In Transit,UPI,Enterprise
ORD12565,18-03-2024,CUST1367,Manav Yadav,Maharashtra,Mumbai,West,Furniture,Sofa,8,34041,15,231478.8,215352.72,,Second Class,In Transit,Debit Card,Small Business
ORD12566,23-07-2024,CUST1797,Kavya Sharma,,Pune,West,Furniture,Sofa,6,18115,0,108690,84537.26,24152.74,Standard Class,Returned,Net Banking,Small Business
ORD12567,23-07-2024,CUST1609,Ishita Gupta,Maharashtra,Nagpur,West,Electronics,Tablet,4,34695,5,131841,81219.11,50621.89,Standard Class,Delivered,Net Banking,Enterprise
ORD12568,25-03-2026,CUST1652,Aditi Joshi,Tamil Nadu,Coimbatore,South,Electronics,Laptop,6,12659,25,56965.5,40533.2,16432.3,Same Day,Delivered,Credit Card,Enterprise
ORD12569,28-04-2025,CUST1287,Dev Tiwari,Uttar Pradesh,Lucknow,North,Electronics,Smartwatch,2,17837,5,33890.3,31864.82,2025.48,First Class,Delivered,Net Banking,Corporate
ORD12570,26-02-2026,CUST1707,Naina Jaiswal,Maharashtra,Nagpur,West,Electronics,Monitor,2,42225,10,76005,59124.79,16880.21,First Class,In Transit,Net Banking,Small Business
ORD12571,30-04-2025,CUST1207,Rishi Kapoor,Telangana,Hyderabad,South,Electronics,Smartphone,8,44842,10,322862.4,277856.36,45006.04,Same Day,Delivered,Debit Card,Enterprise
ORD12572,02-03-2024,CUST1062,Aditya Mehta,Maharashtra,Nashik,West,Furniture,Chair,7,20291,0,142037,129872.1,12164.9,Second Class,Returned,Net Banking,Corporate
ORD12573,06-04-2026,CUST1570,Vivaan Joshi,Uttar Pradesh,Noida,North,Office Supplies,Marker,3,29436,20,70646.4,48554.72,22091.68,Same Day,Cancelled,Net Banking,Small Business
ORD12574,16-07-2024,CUST1462,Palak Verma,Karnataka,Bengaluru,South,Electronics,Smartwatch,2,18754,10,33757.2,21606.9,12150.3,Standard Class,In Transit,Cash on Delivery,Corporate
ORD12575,14-11-2025,CUST1385,Rajat Singh,Delhi,New Delhi,North,Furniture,Bed,6,12051,20,57844.8,39216.64,18628.16,First Class,Cancelled,Credit Card,Enterprise
ORD12576,06-06-2025,CUST1774,Rohan Saxena,Delhi,New Delhi,North,Electronics,Tablet,1,15559,10,14003.1,11264.81,2738.29,Second Class,Cancelled,Debit Card,Small Business
ORD12577,25-09-2024,CUST1448,Ananya Mehta,Karnataka,Mysuru,South,Furniture,Table,3,45147,0,135441,121844.52,13596.48,First Class,Returned,Debit Card,Enterprise
ORD12578,24-04-2025,CUST1394,Rahul Dubey,Uttar Pradesh,Noida,North,Furniture,Table,1,4660,20,3728,3187.42,540.58,Second Class,Cancelled,UPI,Small Business
ORD12579,14-06-2025,CUST1238,Muskan Jain,Uttar Pradesh,Noida,North,Office Supplies,Printer Paper,8,4314,10,31060.8,26999.87,4060.93,First Class,In Transit,UPI,Corporate
ORD12580,29-06-2024,CUST1287,Aarav Verma,Rajasthan,Udaipur,North,Office Supplies,Printer Paper,6,20564,10,111045.6,100551.5,10494.1,Second Class,Returned,Cash on Delivery,Consumer
ORD12581,23-07-2024,CUST1261,Simran Malhotra,Karnataka,Mysuru,South,Furniture,Bed,1,35541,25,26655.75,20204.6,6451.15,Second Class,Cancelled,Credit Card,Small Business
ORD12582,11-03-2026,CUST1549,Kavya Chopra,Tamil Nadu,Coimbatore,South,Electronics,Tablet,8,36236,15,246404.8,164533.13,81871.67,First Class,Cancelled,UPI,Enterprise
ORD12583,22-05-2025,CUST1202,Aarav Agarwal,Maharashtra,Nashik,West,Electronics,Smartwatch,2,15571,25,23356.5,18326.43,5030.07,First Class,Delivered,Credit Card,Consumer
ORD12584,21-11-2025,CUST1676,Harsh Mehta,Telangana,Hyderabad,South,Electronics,Smartwatch,2,28000,5,53200,37705.51,15494.49,Same Day,Cancelled,Net Banking,Corporate
ORD12585,07-10-2025,CUST1185,Arjun Patel,Uttar Pradesh,Lucknow,North,Furniture,Table,5,30637,20,122548,115290.65,7257.35,First Class,Cancelled,Net Banking,Enterprise
ORD12586,07-08-2025,CUST1367,Siddharth Soni,Tamil Nadu,Coimbatore,South,Electronics,Smartwatch,2,42003,10,75605.4,59092.01,16513.39,Second Class,Returned,Net Banking,Small Business
ORD12587,15-02-2026,CUST1071,Sneha Chopra,Madhya Pradesh,Indore,Central,Office Supplies,Printer Paper,1,1896,20,1516.8,1010.47,506.33,Same Day,In Transit,Debit Card,Small Business
ORD12588,09-07-2024,CUST1185,Dev Soni,Karnataka,Mysuru,South,Furniture,Chair,2,22866,10,41158.8,32155.84,9002.96,Standard Class,Returned,UPI,Enterprise
ORD12589,14-11-2025,CUST1620,Sneha Verma,Maharashtra,Mumbai,West,Furniture,Chair,7,30098,15,179083.1,148389.28,30693.82,Standard Class,In Transit,UPI,Enterprise
ORD12590,14-06-2024,CUST1357,Harsh Kapoor,Uttar Pradesh,Noida,North,Electronics,Headphones,4,12859,15,43720.6,39846.88,3873.72,Standard Class,In Transit,Debit Card,Corporate
ORD12591,03-11-2024,CUST1714,Kavya Verma,Karnataka,Bengaluru,South,Office Supplies,Notebook,1,6768,5,6429.6,4616.8,1812.8,Same Day,Returned,Cash on Delivery,Consumer
ORD12592,04-04-2026,CUST1491,Ankit Jain,Karnataka,Mysuru,South,Office Supplies,Marker,-1,2970,5,22572,14296.03,8275.97,First Class,Cancelled,Cash on Delivery,Corporate
ORD12593,14-01-2025,CUST1397,Meera Sharma,Delhi,New Delhi,North,Electronics,Laptop,5,52734,5,250486.5,179201.28,71285.22,Same Day,Cancelled,Cash on Delivery,Corporate
ORD12594,16-08-2025,CUST1519,Siddharth Tiwari,Tamil Nadu,Coimbatore,South,Electronics,Monitor,5,44047,10,198211.5,168831.54,29379.96,Standard Class,Cancelled,Credit Card,Corporate
ORD12595,27-12-2025,CUST1023,Ishita Bansal,Rajasthan,Udaipur,North,Furniture,Wardrobe,3,41734,0,125202,91641.92,33560.08,Second Class,Returned,Credit Card,Corporate
ORD12596,19-10-2025,CUST1779,Rajat Chopra,Madhya Pradesh,Indore,Central,Furniture,Table,5,29487,10,132691.5,124060.31,8631.19,First Class,Delivered,Net Banking,Enterprise
ORD12597,01-05-2024,CUST1096,Shreya Soni,Telangana,Hyderabad,South,Electronics,Headphones,4,33140,15,112676,72905.49,39770.51,Standard Class,In Transit,Cash on Delivery,Corporate
ORD12598,10-03-2026,CUST1682,Neha Patel,Madhya Pradesh,Indore,Central,Furniture,Wardrobe,1,7071,10,6363.9,5797.96,565.94,First Class,Returned,Debit Card,Enterprise
ORD12599,09-02-2024,CUST1317,Nidhi Agarwal,West Bengal,Kolkata,East,Electronics,Laptop,7,33810,0,236670,220696.49,15973.51,Standard Class,Delivered,Debit Card,Small Business
ORD12600,03-09-2024,CUST1426,Karan Sharma,Uttar Pradesh,Lucknow,North,Electronics,Monitor,4,7966,10,28677.6,19326.64,9350.96,First Class,Cancelled,,Corporate
ORD12601,26-01-2026,CUST1671,Nikhil Yadav,Karnataka,Bengaluru,South,Electronics,Tablet,5,37838,10,170271,139078.62,31192.38,Second Class,Delivered,Net Banking,Consumer
ORD12602,20-10-2025,CUST1426,Neha Chopra,Gujarat,Ahmedabad,West,Furniture,Chair,4,25056,10,90201.6,56197.16,34004.44,Second Class,Delivered,Debit Card,Small Business
ORD12603,16-06-2025,CUST1013,Mohit Mehta,Telangana,Hyderabad,South,Furniture,Chair,1,58517,0,58517,43723.37,14793.63,Standard Class,Returned,Credit Card,Enterprise
ORD12604,19-07-2024,CUST1670,Karan Singh,Maharashtra,Nashik,West,Electronics,Headphones,5,24049,25,90183.75,80770.43,,Same Day,In Transit,Credit Card,Consumer
ORD12605,07-10-2025,CUST1029,Aditi Bansal,Maharashtra,Nashik,West,Electronics,Laptop,6,13074,10,70599.6,47337.84,23261.76,Second Class,In Transit,Debit Card,Enterprise
ORD12606,22-05-2025,CUST1044,Kavya Singh,Madhya Pradesh,Bhopal,Central,Furniture,Wardrobe,1,56833,10,51149.7,48490.83,2658.87,Same Day,Returned,Cash on Delivery,Small Business
ORD12607,13-05-2026,CUST1340,Ishita Mehta,Karnataka,Bengaluru,South,Furniture,Wardrobe,4,10881,25,32643,22816.97,9826.03,Same Day,Returned,UPI,Consumer
ORD12608,21-10-2025,CUST1794,Harsh Mishra,Uttar Pradesh,Lucknow,North,Electronics,Headphones,2,41275,0,82550,56303.73,26246.27,Standard Class,Cancelled,Net Banking,Enterprise
ORD12609,06-12-2024,CUST1692,Ishita Singh,Tamil Nadu,Chennai,South,Furniture,Sofa,3,4951,20,11882.4,10930.08,952.32,Same Day,Delivered,Debit Card,Corporate
ORD12610,28-11-2024,CUST1495,Rishi Mehta,Gujarat,Ahmedabad,West,Furniture,Chair,3,21601,20,51842.4,46137.36,5705.04,Second Class,Delivered,Credit Card,Enterprise
ORD12611,20-03-2026,CUST1568,Tanvi Yadav,Maharashtra,Nashik,West,Furniture,Chair,3,3591,10,9695.7,9099.48,596.22,First Class,Returned,Credit Card,Consumer
ORD12612,23-12-2024,CUST1707,Diya Mishra,Tamil Nadu,Coimbatore,South,Office Supplies,Notebook,4,16999,0,67996,57999.37,9996.63,Standard Class,Returned,UPI,Small Business
ORD12613,03-01-2024,CUST1038,Varun Yadav,Maharashtra,Mumbai,West,Furniture,Table,7,5112,15,30416.4,27603.62,2812.78,First Class,Returned,UPI,Corporate
ORD12614,25-11-2025,CUST1333,Rishi Singh,Madhya Pradesh,Bhopal,Central,Furniture,Chair,1,57523,25,43142.25,34683.47,8458.78,First Class,Returned,Credit Card,Enterprise
ORD12615,03-01-2026,CUST1781,Dev Gupta,Maharashtra,Nagpur,West,,Tablet,5,6827,5,32428.25,26983.77,5444.48,Same Day,Delivered,UPI,Consumer
ORD12616,22-04-2024,CUST1113,Mohit Agarwal,Gujarat,Ahmedabad,West,Electronics,Smartphone,5,7269,15,30893.25,27254.28,3638.97,First Class,In Transit,Credit Card,Small Business
ORD12617,14-05-2024,CUST1126,Shreya Saxena,Madhya Pradesh,Indore,Central,Furniture,Sofa,3,44552,15,113607.6,100506.26,13101.34,Same Day,Returned,Cash on Delivery,Consumer
ORD12618,13-12-2025,CUST1023,Rajat Mishra,Uttar Pradesh,Lucknow,North,Electronics,Laptop,3,46704,5,133106.4,90078.13,43028.27,Same Day,Cancelled,Cash on Delivery,Enterprise
ORD12619,15-07-2025,CUST1744,Nikhil Yadav,Delhi,New Delhi,North,Furniture,Bed,8,59554,5,452610.4,301151.55,151458.85,Second Class,Cancelled,Cash on Delivery,Small Business
ORD12620,13-05-2025,CUST1270,Meera Jain,Maharashtra,Pune,West,Electronics,Smartwatch,3,11682,20,28036.8,17044.11,10992.69,Standard Class,Returned,Credit Card,Consumer
ORD12621,22-03-2025,CUST1556,Tanvi Gupta,Delhi,New Delhi,North,Electronics,Monitor,5,10804,20,43216,35626.28,7589.72,Same Day,In Transit,Debit Card,Enterprise
ORD12622,05-05-2024,CUST1051,Muskan Joshi,Tamil Nadu,Chennai,South,Electronics,Headphones,8,12325,15,83810,58695.51,25114.49,Standard Class,Returned,Net Banking,Consumer
ORD12623,10-03-2025,CUST1262,Priya Tiwari,Delhi,New Delhi,North,Electronics,Tablet,6,47266,10,255236.4,168102.06,87134.34,First Class,In Transit,Credit Card,Consumer
ORD12624,20-10-2025,CUST1686,Mohit Verma,Tamil Nadu,Chennai,South,Furniture,Table,5,51113,20,204452,156986.61,47465.39,Standard Class,In Transit,UPI,Corporate
ORD12625,06-09-2024,CUST1736,Aditi Verma,Gujarat,Surat,West,Office Supplies,Marker,6,50986,0,305916,253549.29,52366.71,Second Class,Delivered,Debit Card,Small Business
ORD12626,03-06-2026,CUST1388,Ishita Malhotra,Uttar Pradesh,Lucknow,North,Office Supplies,Printer Paper,2,19271,10,34687.8,32453.28,2234.52,First Class,In Transit,UPI,Corporate
ORD12627,03-08-2024,CUST1067,Rohan Agarwal,Maharashtra,Pune,West,Electronics,Laptop,4,1226,0,4904,3140.76,1763.24,Same Day,Returned,Debit Card,Corporate
ORD12628,23-09-2025,CUST1141,Priya Gupta,Maharashtra,Pune,West,Furniture,Bed,1,55803,10,50222.7,36036.59,14186.11,Second Class,Cancelled,Net Banking,Consumer
ORD12629,28-10-2025,CUST1484,Aman Jaiswal,West Bengal,Kolkata,East,Electronics,Monitor,5,37120,15,157760,116714.86,41045.14,Same Day,In Transit,Debit Card,Enterprise
ORD12630,24-05-2026,CUST1458,Aditi Malhotra,Gujarat,Surat,West,Furniture,Sofa,2,4370,5,8303,5992.12,2310.88,Same Day,Returned,Cash on Delivery,Enterprise
ORD12631,11-02-2024,CUST1453,Yash Patel,Tamil Nadu,Coimbatore,South,Furniture,Table,4,37210,15,126514,98315.34,28198.66,Standard Class,Returned,Net Banking,Small Business
ORD12632,13-05-2026,CUST1495,Riya Dubey,Maharashtra,Nagpur,West,Furniture,Table,1,6435,0,6435,4185.4,2249.6,First Class,In Transit,Credit Card,Small Business
ORD12633,07-11-2024,CUST1237,Nidhi Joshi,Uttar Pradesh,Lucknow,North,Electronics,Monitor,3,13977,20,33544.8,21133.21,12411.59,Standard Class,Cancelled,UPI,Enterprise
ORD12634,27-04-2024,CUST1114,Arjun Saxena,West Bengal,Siliguri,East,Electronics,Tablet,7,38356,15,228218.2,140099.48,88118.72,First Class,Delivered,UPI,Consumer
ORD12635,24-10-2025,CUST1377,Karan Bansal,Delhi,New Delhi,North,Electronics,Headphones,1,13127,15,11157.95,7153.38,4004.57,Same Day,Delivered,Credit Card,Enterprise
ORD12636,19-10-2024,CUST1728,Diya Gupta,Karnataka,Bengaluru,South,Electronics,Smartphone,5,22411,20,89644,70657.74,18986.26,Second Class,Cancelled,UPI,Small Business
ORD12637,04-10-2025,CUST1067,Varun Saxena,Tamil Nadu,Coimbatore,South,Electronics,Laptop,1,23594,25,17695.5,14913.76,2781.74,Same Day,Returned,Debit Card,Small Business
ORD12638,24-08-2024,CUST1452,Rahul Mehta,Maharashtra,Pune,West,Furniture,Sofa,5,11340,10,51030,36098.31,14931.69,Second Class,Cancelled,Net Banking,Enterprise
ORD12639,18-03-2024,CUST1416,Varun Saxena,West Bengal,Siliguri,East,Electronics,Smartwatch,8,7849,0,62792,49511.37,13280.63,Second Class,Cancelled,Net Banking,Corporate
ORD12640,18-01-2025,CUST1717,Arjun Patel,Karnataka,Mysuru,South,Furniture,Wardrobe,7,28914,20,161918.4,139136.34,22782.06,Same Day,In Transit,Credit Card,Consumer
ORD12641,06-08-2024,CUST1343,Harsh Soni,Gujarat,Ahmedabad,West,Electronics,Smartwatch,6,56230,10,303642,195034.66,108607.34,First Class,Returned,Net Banking,Enterprise
ORD12642,02-05-2026,CUST1316,Priya Yadav,Gujarat,Ahmedabad,West,Furniture,Wardrobe,1,31407,15,26695.95,22015.55,4680.4,First Class,Returned,Credit Card,Consumer
ORD12643,25-12-2024,CUST1601,Aman Singh,West Bengal,Kolkata,East,Furniture,Chair,5,7037,5,33425.75,25562.83,7862.92,Standard Class,In Transit,Cash on Delivery,Small Business
ORD12644,15-06-2024,CUST1334,Ishita Chopra,Delhi,New Delhi,North,Electronics,Tablet,6,22608,25,101736,93626.26,8109.74,Same Day,Cancelled,Debit Card,Small Business
ORD12645,24-03-2025,CUST1315,Nikhil Agarwal,Tamil Nadu,Chennai,South,Office Supplies,Marker,5,10403,25,39011.25,27088.69,11922.56,Second Class,In Transit,UPI,Corporate
ORD12646,13-04-2025,CUST1165,Diya Gupta,Maharashtra,Nagpur,West,Electronics,Smartwatch,5,59478,20,237912,176539.29,61372.71,First Class,In Transit,UPI,Consumer
ORD12647,17-01-2025,CUST1034,Varun Singh,Madhya Pradesh,Bhopal,Central,Electronics,Headphones,7,29783,5,198056.95,149274.01,48782.94,Second Class,In Transit,UPI,Small Business
ORD12648,21-12-2024,CUST1042,Harsh Mehta,Delhi,New Delhi,North,Furniture,Chair,6,48203,0,289218,216296.38,72921.62,Same Day,Delivered,Debit Card,Small Business
ORD12649,30-01-2026,CUST1027,Ananya Mehta,Karnataka,Mysuru,South,Electronics,Smartwatch,-1,38235,10,172057.5,107581.8,64475.7,Second Class,Delivered,Cash on Delivery,Enterprise
ORD12650,06-01-2025,CUST1122,Nikhil Mishra,Tamil Nadu,Chennai,South,Electronics,Smartwatch,3,16253,5,46321.05,29358.6,16962.45,Same Day,Returned,UPI,Enterprise
ORD12651,27-08-2024,CUST1082,Muskan Jain,Tamil Nadu,Chennai,South,Office Supplies,Marker,1,22306,20,17844.8,13395.08,4449.72,Second Class,Returned,Credit Card,Corporate
ORD12652,11-04-2025,CUST1468,Meera Jaiswal,Maharashtra,Mumbai,West,Office Supplies,Printer Paper,2,51975,25,77962.5,48012.24,29950.26,Second Class,In Transit,Cash on Delivery,Enterprise
ORD12653,27-10-2024,CUST1168,Aditi Soni,Karnataka,Mysuru,South,Office Supplies,Stapler,4,48295,15,164203,126489.41,37713.59,Same Day,Delivered,UPI,Enterprise
ORD12654,12-06-2025,CUST1058,Arjun Singh,Rajasthan,Udaipur,North,Furniture,Wardrobe,8,14187,20,90796.8,78724.73,12072.07,Standard Class,Delivered,Credit Card,Consumer
ORD12655,17-06-2024,CUST1151,Aman Gupta,Gujarat,Ahmedabad,West,Furniture,Wardrobe,3,13823,20,33175.2,22488.89,10686.31,Same Day,Cancelled,Debit Card,Consumer
ORD12656,16-09-2025,CUST1408,Shreya Agarwal,Karnataka,Bengaluru,South,Electronics,Smartphone,3,17497,10,47241.9,37443.5,9798.4,First Class,Cancelled,UPI,Small Business
ORD12657,23-04-2025,CUST1599,Nikhil Dubey,Uttar Pradesh,Lucknow,North,Electronics,Smartwatch,6,21491,25,96709.5,68552.3,28157.2,Second Class,Cancelled,UPI,Corporate
ORD12658,15-11-2024,CUST1484,Riya Sharma,Maharashtra,Nagpur,West,Furniture,Chair,7,40351,25,211842.75,183298.28,28544.47,Same Day,Delivered,UPI,Corporate
ORD12659,15-02-2024,CUST1775,Kavya Singh,West Bengal,Siliguri,East,Furniture,Sofa,5,19451,0,97255,78334.06,18920.94,Second Class,Cancelled,Net Banking,Consumer
ORD12660,08-03-2026,CUST1172,Neha Malhotra,Maharashtra,Nashik,West,Furniture,Chair,6,895,5,5101.5,3634.74,1466.76,Same Day,In Transit,Debit Card,Enterprise
ORD10025,31-12-2024,CUST1088,Kavya Chopra,Gujarat,Surat,West,Office Supplies,Marker,1,19474,20,15579.2,13491.76,2087.44,Standard Class,Cancelled,Debit Card,Enterprise
ORD10025,19-03-2024,CUST1503,Akash Chopra,Madhya Pradesh,Indore,Central,,Marker,8,39862,0,318896,276221.09,42674.91,First Class,Delivered,Credit Card,Small Business
ORD12663,22-05-2024,CUST1781,Yash Gupta,Gujarat,Ahmedabad,West,Furniture,Table,2,26769,20,42830.4,30063.06,12767.34,Second Class,In Transit,Debit Card,Corporate
ORD12664,18-01-2025,CUST1695,Riya Tiwari,Telangana,Hyderabad,South,Furniture,Sofa,8,25776,0,206208,159086.54,47121.46,Second Class,In Transit,Debit Card,Small Business
ORD12665,09-11-2025,CUST1289,Mohit Kapoor,Uttar Pradesh,Lucknow,North,Electronics,Laptop,8,38558,20,246771.2,166743.52,80027.68,Second Class,In Transit,Net Banking,Corporate
ORD12666,19-02-2025,CUST1391,Manav Patel,Delhi,New Delhi,North,Electronics,Monitor,3,56030,15,142876.5,106461.11,36415.39,Standard Class,Delivered,Net Banking,Small Business
ORD12667,08-01-2025,CUST1013,Arjun Sharma,Delhi,New Delhi,North,Electronics,Laptop,3,53386,5,152150.1,117092.94,35057.16,Second Class,Cancelled,UPI,Small Business
ORD12668,30-03-2024,CUST1271,Dev Chopra,Tamil Nadu,Chennai,South,Furniture,Wardrobe,1,15591,5,14811.45,11233.17,3578.28,Standard Class,In Transit,Net Banking,Small Business
ORD10025,02-12-2025,CUST1417,Tanvi Kapoor,Tamil Nadu,Chennai,South,Furniture,Wardrobe,4,38131,5,144897.8,118932.23,25965.57,First Class,Returned,Debit Card,Corporate
ORD12670,08-02-2025,CUST1748,Pooja Agarwal,Tamil Nadu,Coimbatore,South,Furniture,Table,4,47971,25,143913,124671.62,19241.38,Second Class,In Transit,Debit Card,Consumer
ORD12671,18-09-2025,CUST1514,Ishita Chopra,Gujarat,Ahmedabad,West,Furniture,Wardrobe,2,51447,20,82315.2,73273.17,9042.03,Same Day,Delivered,Cash on Delivery,Consumer
ORD12672,24-08-2024,CUST1403,Varun Patel,Gujarat,Ahmedabad,West,Furniture,Wardrobe,1,17421,0,17421,14263.27,3157.73,Second Class,Cancelled,Credit Card,Small Business
ORD12673,03-02-2025,CUST1500,Rahul Yadav,Rajasthan,Udaipur,North,Office Supplies,Printer Paper,8,23753,20,152019.2,104991.62,47027.58,Second Class,Cancelled,Credit Card,Corporate
ORD12674,08-04-2024,CUST1401,Simran Agarwal,Uttar Pradesh,Lucknow,North,Office Supplies,Pen Set,4,9768,10,35164.8,21716.54,13448.26,Second Class,In Transit,Cash on Delivery,Enterprise
ORD12675,11-03-2026,CUST1070,Naina Mehta,Karnataka,Bengaluru,South,Electronics,Monitor,7,22367,25,117426.75,111090.53,6336.22,Standard Class,Cancelled,Credit Card,Small Business
ORD12676,08-01-2026,CUST1004,Ananya Tiwari,Rajasthan,Udaipur,North,Office Supplies,Printer Paper,4,38280,15,130152,97501.21,32650.79,First Class,Cancelled,Debit Card,Corporate
ORD12677,28-03-2024,CUST1217,Mohit Malhotra,Gujarat,Surat,West,Electronics,Tablet,8,4505,25,27030,17102.57,9927.43,Standard Class,Cancelled,Credit Card,Corporate
ORD12678,31-05-2026,CUST1055,Riya Mehta,Madhya Pradesh,Indore,Central,Furniture,Chair,5,26389,10,118750.5,109755.05,8995.45,Same Day,In Transit,Net Banking,Small Business
ORD12679,25-09-2025,CUST1770,Priya Mishra,West Bengal,Kolkata,East,Office Supplies,Marker,7,42720,10,269136,194940.07,74195.93,Standard Class,Cancelled,Net Banking,Enterprise
ORD12680,23-03-2026,CUST1355,Muskan Singh,Delhi,New Delhi,North,Electronics,Smartwatch,5,20276,20,81104,68795.19,12308.81,Standard Class,Returned,Credit Card,Enterprise
ORD10025,22-05-2026,CUST1428,Karan Verma,Gujarat,Surat,West,Electronics,Monitor,5,10363,10,46633.5,37888.98,8744.52,Same Day,In Transit,UPI,Enterprise
ORD12682,09-07-2024,CUST1696,Rajat Mehta,Tamil Nadu,Coimbatore,South,Furniture,Sofa,3,12068,5,34393.8,21825.2,12568.6,Second Class,Delivered,Cash on Delivery,Enterprise
ORD12683,16-04-2024,CUST1464,Aditi Mishra,Karnataka,Bengaluru,South,Furniture,Wardrobe,1,15442,10,13897.8,10497.22,3400.58,Standard Class,Delivered,Credit Card,Small Business
ORD12684,25-01-2024,CUST1305,Varun Jaiswal,Telangana,Warangal,South,Electronics,Monitor,4,15610,5,59318,45430.73,13887.27,Second Class,Returned,UPI,Corporate
ORD12685,20-03-2024,CUST1619,Simran Yadav,Karnataka,Mysuru,South,Furniture,Sofa,4,4488,25,13464,10149.48,3314.52,Standard Class,Cancelled,Credit Card,Corporate
ORD12686,04-08-2024,CUST1248,Nidhi Singh,Madhya Pradesh,Bhopal,Central,Electronics,Laptop,6,57323,10,309544.2,279479.07,30065.13,Second Class,Returned,Debit Card,Consumer
ORD12687,16-05-2024,CUST1583,Shreya Bansal,Tamil Nadu,Coimbatore,South,Furniture,Table,3,2336,15,5956.8,5498.52,458.28,First Class,Returned,Cash on Delivery,Consumer
ORD12688,13-02-2026,CUST1577,Aarav Jaiswal,Maharashtra,Nagpur,West,Electronics,Laptop,7,37745,25,198161.25,186873.22,11288.03,Standard Class,Cancelled,Credit Card,Small Business
ORD12689,12-04-2024,CUST1205,Neha Bansal,West Bengal,Kolkata,East,Electronics,Tablet,6,16505,25,74272.5,55435.54,18836.96,Same Day,Delivered,Credit Card,Enterprise
ORD12690,22-11-2024,CUST1279,Ishita Kapoor,Tamil Nadu,Coimbatore,South,Office Supplies,Notebook,7,6784,15,40364.8,35888.82,4475.98,Second Class,Cancelled,UPI,Enterprise
ORD12691,05-01-2024,CUST1427,Akash Mishra,Madhya Pradesh,Indore,Central,Electronics,Laptop,3,32847,25,73905.75,51060.12,22845.63,First Class,In Transit,UPI,Corporate
ORD12692,24-05-2024,CUST1053,Palak Verma,Maharashtra,Nagpur,West,Office Supplies,Marker,8,9403,20,60179.2,45084.12,15095.08,Standard Class,Cancelled,Credit Card,Corporate
ORD12693,25-07-2025,CUST1394,Shreya Kapoor,Maharashtra,Mumbai,West,Furniture,Bed,8,20746,25,124476,104725.65,19750.35,First Class,Cancelled,Debit Card,Consumer
ORD12694,08-04-2025,CUST1342,Aditi Mishra,Uttar Pradesh,Lucknow,North,Furniture,Table,6,22778,5,129834.6,117754.51,12080.09,Standard Class,Returned,Net Banking,Consumer
ORD12695,22-04-2025,CUST1128,Aditya Dubey,Tamil Nadu,Coimbatore,South,Furniture,Wardrobe,5,3402,5,16159.5,13106.19,3053.31,Same Day,Returned,Debit Card,Small Business
ORD12696,09-02-2026,CUST1063,Naina Yadav,Tamil Nadu,Chennai,South,Furniture,Chair,5,8688,10,39096,36234.65,2861.35,First Class,Cancelled,Credit Card,Enterprise
ORD12697,09-07-2024,CUST1194,Khushi Bansal,Gujarat,Ahmedabad,West,Electronics,Tablet,6,10716,20,51436.8,44467.49,6969.31,Second Class,In Transit,Cash on Delivery,Enterprise
ORD12698,18-11-2025,CUST1373,Aarav Sharma,Tamil Nadu,Chennai,South,Office Supplies,Pen Set,4,23723,20,75913.6,64127.86,11785.74,Standard Class,Cancelled,Net Banking,Enterprise
ORD12699,15-12-2025,CUST1276,Ankit Soni,Karnataka,Mysuru,South,Furniture,Bed,3,9490,10,25623,21764.66,3858.34,Same Day,Cancelled,Credit Card,Enterprise
ORD12700,05-08-2024,CUST1652,Aditi Saxena,Delhi,New Delhi,North,Electronics,Smartwatch,2,53129,15,90319.3,65916.83,24402.47,First Class,Returned,Credit Card,Small Business
ORD12701,26-09-2024,CUST1551,Khushi Dubey,Uttar Pradesh,Lucknow,North,Electronics,Headphones,6,33135,25,149107.5,96168.87,52938.63,Second Class,Delivered,Cash on Delivery,Enterprise
ORD12702,18-12-2025,CUST1787,Naina Yadav,Madhya Pradesh,Bhopal,Central,Electronics,Monitor,5,8156,15,34663,27839.09,6823.91,First Class,In Transit,UPI,Small Business
ORD12703,14-06-2026,CUST1033,Harsh Mishra,Uttar Pradesh,Lucknow,North,Electronics,Laptop,6,16743,10,90412.2,77101.14,13311.06,Same Day,Cancelled,Net Banking,Corporate
ORD12704,07-03-2026,CUST1378,Priya Mehta,Karnataka,Bengaluru,South,Furniture,Sofa,8,17350,0,138800,98302.77,40497.23,Same Day,Cancelled,UPI,Corporate
ORD12705,07-08-2025,CUST1622,Arjun Chopra,Delhi,New Delhi,North,Electronics,Smartphone,1,29873,25,22404.75,20355.47,2049.28,First Class,Delivered,UPI,Consumer
ORD12706,30-03-2026,CUST1233,Sneha Jain,Delhi,New Delhi,North,Furniture,Chair,5,1714,15,7284.5,4803.06,2481.44,Same Day,Delivered,Debit Card,Consumer
ORD12707,24-08-2025,CUST1146,Pooja Mishra,Karnataka,Bengaluru,South,Furniture,Wardrobe,3,37135,5,105834.75,68655.57,37179.18,Standard Class,In Transit,Cash on Delivery,Consumer
ORD12708,21-11-2025,CUST1456,Ishita Sharma,Maharashtra,Nagpur,West,Electronics,Monitor,2,20113,15,34192.1,23587.43,10604.67,Standard Class,Returned,Debit Card,Small Business
ORD12709,21-05-2025,CUST1353,Palak Jaiswal,,Nashik,West,Furniture,Wardrobe,1,16744,20,13395.2,12538.72,856.48,First Class,Returned,Net Banking,Small Business
ORD12710,10-11-2024,CUST1747,Aditya Saxena,Karnataka,Mysuru,South,Electronics,Smartphone,4,51111,25,153333,121951.26,31381.74,First Class,Delivered,Cash on Delivery,Consumer
ORD12711,30-04-2024,CUST1432,Muskan Yadav,Karnataka,Mysuru,South,Furniture,Chair,3,19506,0,58518,39380.2,19137.8,Same Day,Returned,Debit Card,Consumer
ORD12712,02-10-2025,CUST1199,Shreya Mishra,Karnataka,Bengaluru,South,Office Supplies,Pen Set,2,32006,25,48009,36938.64,11070.36,First Class,In Transit,UPI,Enterprise
ORD12713,20-03-2025,CUST1681,Yash Dubey,Maharashtra,Pune,West,Office Supplies,Notebook,3,6230,15,15886.5,13260.28,2626.22,Second Class,In Transit,UPI,Enterprise
ORD12714,24-07-2025,CUST1246,Kavya Soni,Tamil Nadu,Chennai,South,Furniture,Chair,1,10309,5,9793.55,9024.18,769.37,Same Day,Delivered,Credit Card,Small Business
ORD12715,12-03-2024,CUST1620,Aarav Joshi,Tamil Nadu,Coimbatore,South,Electronics,Tablet,7,20490,10,129087,107242.2,21844.8,Second Class,Returned,Debit Card,Enterprise
ORD12716,10-11-2025,CUST1160,Akash Tiwari,Madhya Pradesh,Bhopal,Central,Electronics,Headphones,7,10852,10,68367.6,60337.02,8030.58,First Class,In Transit,UPI,Corporate
ORD12717,20-10-2025,CUST1024,Pooja Sharma,Maharashtra,Nagpur,West,Furniture,Sofa,6,856,20,4108.8,2529.12,1579.68,Second Class,Returned,Net Banking,Corporate
ORD12718,11-03-2026,CUST1091,Manav Dubey,Telangana,Warangal,South,Furniture,Wardrobe,6,15637,20,75057.6,70011.4,5046.2,Same Day,Cancelled,Credit Card,Corporate
ORD12719,23-02-2024,CUST1182,Dev Gupta,Karnataka,Bengaluru,South,Electronics,Tablet,4,50074,10,180266.4,142245.37,38021.03,First Class,Cancelled,Net Banking,Corporate
ORD12720,24-04-2024,CUST1649,Vivaan Sharma,Karnataka,Mysuru,South,Furniture,Sofa,3,1983,0,5949,3572.76,2376.24,First Class,Returned,Debit Card,Small Business
ORD12721,17-04-2024,CUST1745,Aditi Malhotra,Telangana,Warangal,South,Furniture,Table,1,29467,10,26520.3,16440.73,10079.57,Same Day,Delivered,Credit Card,Corporate
ORD10025,05-02-2026,CUST1642,Ankit Mehta,Maharashtra,Nashik,West,Furniture,Wardrobe,1,8978,10,8080.2,7046.58,1033.62,Second Class,Delivered,UPI,Corporate
ORD12723,19-02-2026,CUST1069,Varun Singh,Maharashtra,Nagpur,West,Electronics,Laptop,4,42136,15,143262.4,92538.09,50724.31,Second Class,Cancelled,Credit Card,Small Business
ORD12724,27-02-2024,CUST1659,Meera Dubey,Rajasthan,Udaipur,North,Electronics,Tablet,2,10407,15,17691.9,11944.01,5747.89,Same Day,Cancelled,Credit Card,Corporate
ORD12725,29-06-2025,CUST1637,Yash Bansal,Madhya Pradesh,Indore,Central,Electronics,Laptop,8,25570,15,173876,130914.16,42961.84,Second Class,Delivered,Credit Card,Enterprise
ORD12726,04-01-2026,CUST1355,Nidhi Mishra,Karnataka,Bengaluru,South,Electronics,Smartphone,4,20050,10,72180,57887.37,14292.63,Second Class,Returned,Net Banking,Small Business
ORD12727,21-01-2026,CUST1580,Palak Mishra,Delhi,New Delhi,North,Furniture,Table,6,55576,20,266764.8,163128.59,103636.21,First Class,Delivered,Debit Card,Enterprise
ORD12728,28-12-2025,CUST1179,Nidhi Bansal,Delhi,New Delhi,North,Furniture,Bed,4,49698,15,168973.2,146380.69,22592.51,Same Day,Returned,Cash on Delivery,Small Business
ORD12729,27-11-2024,CUST1693,Kavya Sharma,Telangana,Warangal,South,Office Supplies,Marker,7,38443,10,242190.9,221490.53,20700.37,Same Day,Delivered,Debit Card,Consumer
ORD12730,18-08-2025,CUST1423,Muskan Agarwal,Telangana,Warangal,South,Office Supplies,Notebook,7,30606,20,171393.6,146609.02,24784.58,First Class,Delivered,UPI,Small Business
ORD12731,13-11-2024,CUST1169,Varun Dubey,Gujarat,Ahmedabad,West,Electronics,Smartphone,6,27255,20,130824,99390.76,31433.24,First Class,Cancelled,Cash on Delivery,Enterprise
ORD12732,21-02-2025,CUST1006,Diya Patel,Gujarat,Ahmedabad,West,Office Supplies,Stapler,1,51656,10,46490.4,39099.57,7390.83,Same Day,In Transit,Cash on Delivery,Corporate
ORD12733,29-05-2026,CUST1644,Nidhi Singh,Tamil Nadu,Chennai,South,Furniture,Chair,7,9520,15,56644,40533.54,16110.46,Second Class,Delivered,Cash on Delivery,Corporate
ORD12734,08-01-2026,CUST1288,Kavya Singh,Karnataka,Bengaluru,South,Electronics,Smartphone,1,11639,20,9311.2,8249.31,1061.89,Same Day,In Transit,Net Banking,Enterprise
ORD12735,07-10-2025,CUST1093,Karan Kapoor,Karnataka,Bengaluru,South,Office Supplies,Pen Set,8,17472,20,111820.8,100476.49,11344.31,Standard Class,In Transit,Cash on Delivery,Small Business
ORD12736,20-08-2024,CUST1339,Akash Kapoor,Karnataka,Bengaluru,South,Furniture,Wardrobe,6,14854,25,66843,63264.95,3578.05,First Class,Delivered,Net Banking,Small Business
ORD12737,29-04-2025,CUST1667,Ankit Agarwal,Karnataka,Mysuru,South,Office Supplies,Stapler,6,9581,5,54611.7,43282.15,11329.55,First Class,Delivered,Credit Card,Consumer
ORD12738,13-04-2025,CUST1255,Ritika Singh,Telangana,Hyderabad,South,Electronics,Laptop,8,43936,10,316339.2,273292.54,43046.66,Standard Class,Delivered,UPI,Small Business
ORD12739,08-04-2024,CUST1055,Karan Kapoor,Uttar Pradesh,Noida,North,Electronics,Smartwatch,1,37197,20,29757.6,24209.48,5548.12,Standard Class,Returned,Debit Card,Enterprise
ORD12740,05-01-2025,CUST1631,Neha Mishra,Gujarat,Ahmedabad,West,Furniture,Bed,5,4236,0,21180,18986.04,2193.96,First Class,In Transit,Debit Card,Small Business
ORD12741,28-10-2024,CUST1091,Rishi Mehta,Delhi,New Delhi,North,Electronics,Laptop,5,10876,0,54380,45492.54,8887.46,Second Class,Cancelled,Debit Card,Small Business
ORD12742,14-11-2024,CUST1122,Pooja Verma,Telangana,Warangal,South,Furniture,Table,6,21758,0,130548,110591.41,19956.59,Standard Class,Delivered,Cash on Delivery,Corporate
ORD12743,04-11-2025,CUST1030,Ananya Malhotra,Tamil Nadu,Coimbatore,South,Furniture,Chair,8,54489,20,348729.6,330720.38,18009.22,Same Day,Delivered,Net Banking,Small Business
ORD12744,18-05-2026,CUST1615,Arjun Agarwal,Maharashtra,Nagpur,West,Office Supplies,Printer Paper,5,51854,20,207416,139330.22,68085.78,First Class,Returned,Cash on Delivery,Corporate
ORD12745,08-05-2026,CUST1672,Mohit Gupta,Tamil Nadu,Chennai,South,Furniture,Wardrobe,3,58277,5,166089.45,123828.03,42261.42,First Class,Cancelled,Cash on Delivery,Small Business
ORD12746,12-01-2024,CUST1173,Mohit Jain,Gujarat,Surat,West,Office Supplies,Stapler,3,32793,15,83622.15,53814.73,29807.42,Second Class,Returned,UPI,Corporate
ORD12747,10-03-2026,CUST1480,Manav Mehta,Maharashtra,Nagpur,West,Electronics,Headphones,7,38442,0,269094,192944.35,76149.65,First Class,Returned,Credit Card,Small Business
ORD12748,02-10-2024,CUST1606,Diya Patel,Uttar Pradesh,Noida,North,Electronics,Smartwatch,6,37364,20,179347.2,151233.91,28113.29,Standard Class,In Transit,Cash on Delivery,Enterprise
ORD12749,22-12-2025,CUST1697,Karan Jain,Uttar Pradesh,Noida,North,Office Supplies,Notebook,2,41479,25,62218.5,52324.52,9893.98,Standard Class,In Transit,Credit Card,Enterprise
ORD12750,06-10-2025,CUST1452,Pooja Malhotra,Gujarat,Ahmedabad,West,Electronics,Laptop,5,15609,5,74142.75,51634.48,22508.27,Same Day,Delivered,Credit Card,Enterprise
ORD12751,11-05-2026,CUST1524,Sneha Soni,Tamil Nadu,Coimbatore,South,Electronics,Monitor,8,49972,20,319820.8,264190.66,55630.14,Standard Class,In Transit,Credit Card,Corporate
ORD12752,13-04-2026,CUST1733,Vivaan Malhotra,Madhya Pradesh,Indore,Central,Electronics,Laptop,5,18676,20,74704,52502.65,22201.35,First Class,Delivered,Cash on Delivery,Enterprise
ORD12753,05-02-2024,CUST1297,Diya Jaiswal,Telangana,Hyderabad,South,Electronics,Tablet,6,31382,0,188292,165902.83,22389.17,First Class,Delivered,UPI,Corporate
ORD12754,30-03-2026,CUST1799,Diya Mishra,Telangana,Hyderabad,South,,Laptop,8,3064,25,18384,11830.86,6553.14,Second Class,Delivered,Credit Card,Enterprise
ORD12755,26-01-2026,CUST1683,Ishita Mishra,Tamil Nadu,Coimbatore,South,Electronics,Laptop,4,58508,0,234032,209194.09,24837.91,Second Class,Returned,UPI,Enterprise
ORD12756,17-02-2026,CUST1166,Mohit Kapoor,Karnataka,Bengaluru,South,Office Supplies,Stapler,2,15446,15,26258.2,20357.76,5900.44,Standard Class,Returned,Credit Card,Enterprise
ORD12757,07-04-2025,CUST1008,Mohit Joshi,Gujarat,Surat,West,Office Supplies,Marker,3,5530,0,16590,12191.68,4398.32,Standard Class,Cancelled,Credit Card,Consumer
ORD12758,18-10-2024,CUST1736,Ananya Mishra,Telangana,Hyderabad,South,Office Supplies,Pen Set,1,30153,25,22614.75,16556.76,6057.99,First Class,In Transit,Net Banking,Corporate
ORD12759,10-10-2025,CUST1102,Ishita Chopra,Rajasthan,Jaipur,North,Electronics,Monitor,4,58437,25,175311,125600.4,49710.6,Second Class,Returned,Debit Card,Enterprise
ORD12760,22-08-2025,CUST1607,Rishi Gupta,Telangana,Warangal,South,Electronics,Smartphone,2,55371,20,88593.6,62002.73,26590.87,First Class,Returned,Cash on Delivery,Small Business
ORD10025,20-02-2026,CUST1056,Rishi Joshi,Madhya Pradesh,Bhopal,Central,Electronics,Tablet,8,55423,5,421214.8,349839.8,71375,Same Day,Returned,Debit Card,Corporate
ORD12762,26-09-2024,CUST1393,Pooja Dubey,Gujarat,Surat,West,Office Supplies,Marker,4,37490,10,134964,108697.33,26266.67,Standard Class,Returned,Debit Card,Small Business
ORD12763,12-06-2024,CUST1324,Mohit Malhotra,Karnataka,Mysuru,South,Furniture,Wardrobe,2,52511,10,94519.8,81167.46,13352.34,Same Day,Returned,Net Banking,Small Business
ORD12764,27-10-2024,CUST1158,Rohan Bansal,Uttar Pradesh,Lucknow,North,Office Supplies,Pen Set,4,5587,15,18995.8,17570.2,1425.6,Second Class,Delivered,Credit Card,Enterprise
ORD12765,10-05-2025,CUST1135,Meera Mishra,Madhya Pradesh,Bhopal,Central,Electronics,Headphones,4,40520,5,153976,118667.25,35308.75,Same Day,Delivered,Debit Card,Small Business
ORD12766,22-05-2026,CUST1539,Aman Malhotra,Rajasthan,Jaipur,North,Electronics,Smartphone,6,50174,0,301044,256128.95,44915.05,Second Class,Returned,UPI,Corporate
ORD12767,11-03-2024,CUST1613,Dev Agarwal,,Bengaluru,South,Electronics,Smartwatch,3,3055,15,7790.25,5485.37,2304.88,First Class,In Transit,Net Banking,Consumer
ORD12768,10-09-2025,CUST1570,Aarav Jaiswal,West Bengal,Kolkata,East,Office Supplies,Printer Paper,3,15583,20,37399.2,34443.24,,Same Day,Cancelled,Credit Card,Corporate
ORD12769,16-04-2025,CUST1374,Ishita Gupta,West Bengal,Kolkata,East,Electronics,Laptop,6,34897,5,198912.9,186715.95,,Second Class,Cancelled,Credit Card,Corporate
ORD12770,20-12-2024,CUST1783,Rohan Singh,West Bengal,Siliguri,East,Office Supplies,Pen Set,2,47861,0,95722,76086.6,19635.4,Standard Class,Delivered,UPI,Small Business
ORD12771,03-01-2024,CUST1421,Ankit Yadav,Karnataka,Bengaluru,South,Furniture,Wardrobe,4,18897,5,71808.6,62689.61,9118.99,Second Class,In Transit,Cash on Delivery,Small Business
ORD12772,31-03-2025,CUST1130,Yash Sharma,Delhi,New Delhi,North,Electronics,Tablet,8,46880,0,375040,325920.51,49119.49,Standard Class,Returned,UPI,Corporate
ORD12773,23-03-2024,CUST1697,Kavya Saxena,Karnataka,Bengaluru,South,Electronics,Smartphone,1,56948,0,56948,46385.17,10562.83,Same Day,In Transit,UPI,Enterprise
ORD12774,11-11-2025,CUST1509,Ishita Mehta,Karnataka,Bengaluru,South,Electronics,Smartphone,1,43300,20,34640,28729.27,5910.73,Second Class,Returned,Debit Card,Enterprise
ORD12775,26-09-2025,CUST1552,Kavya Dubey,Tamil Nadu,Chennai,South,Office Supplies,Notebook,3,5676,5,16176.6,11777.07,4399.53,Same Day,Delivered,UPI,Corporate
ORD12776,24-10-2024,CUST1667,Pooja Bansal,Karnataka,Bengaluru,South,Furniture,Wardrobe,3,31051,5,88495.35,83958.83,4536.52,First Class,In Transit,UPI,Enterprise
ORD12777,02-08-2025,CUST1474,Varun Joshi,Delhi,New Delhi,North,Electronics,Headphones,4,5787,0,23148,21455.77,1692.23,First Class,Delivered,Net Banking,Enterprise
ORD12778,22-01-2024,CUST1769,Aarav Chopra,Delhi,New Delhi,North,Office Supplies,Stapler,1,3649,10,3284.1,2287.76,996.34,Same Day,Cancelled,Net Banking,Consumer
ORD12779,26-01-2024,CUST1034,Yash Saxena,Maharashtra,Pune,West,Electronics,Smartwatch,3,22449,15,57244.95,41717.96,15526.99,Second Class,Cancelled,Net Banking,Small Business
ORD12780,06-04-2025,CUST1654,Akash Malhotra,Tamil Nadu,Coimbatore,South,Electronics,Smartwatch,4,36158,10,130168.8,117173.4,12995.4,First Class,Returned,Cash on Delivery,Consumer
ORD12781,02-07-2025,CUST1162,Shreya Mehta,Uttar Pradesh,Lucknow,North,Office Supplies,Printer Paper,2,11605,20,18568,16371.89,2196.11,Same Day,In Transit,Net Banking,Corporate
ORD12782,07-01-2026,CUST1088,Nikhil Soni,Delhi,New Delhi,North,Electronics,Headphones,1,48954,5,46506.3,43449,3057.3,Second Class,Cancelled,Credit Card,Corporate
ORD12783,23-11-2025,CUST1358,Rishi Soni,Tamil Nadu,Coimbatore,South,Electronics,Smartwatch,5,36703,25,137636.25,127511.57,10124.68,Second Class,In Transit,Debit Card,Small Business
ORD12784,19-03-2024,CUST1442,Dev Jaiswal,Uttar Pradesh,Noida,North,Electronics,Monitor,5,32595,15,138528.75,93907.08,44621.67,Standard Class,Returned,Debit Card,Small Business
ORD12785,15-10-2024,CUST1162,Shreya Mishra,Uttar Pradesh,Lucknow,North,Electronics,Tablet,4,23465,25,70395,65037.75,5357.25,Same Day,In Transit,Debit Card,Enterprise
ORD12786,16-03-2024,CUST1504,Palak Mishra,Delhi,New Delhi,North,Furniture,Table,3,27026,25,60808.5,46740.01,14068.49,Same Day,Delivered,Debit Card,Small Business
ORD12787,03-01-2025,CUST1611,Sneha Sharma,West Bengal,Siliguri,East,Office Supplies,Printer Paper,5,47652,5,226347,190636.1,35710.9,First Class,In Transit,Debit Card,Small Business
ORD12788,01-11-2025,CUST1407,Sneha Patel,Gujarat,Ahmedabad,West,Electronics,Smartphone,8,5646,20,36134.4,32328.98,3805.42,Second Class,Returned,Cash on Delivery,Enterprise
ORD12789,17-12-2024,CUST1240,Siddharth Kapoor,Uttar Pradesh,Lucknow,North,Electronics,Smartwatch,1,8251,10,7425.9,5443.38,1982.52,First Class,In Transit,UPI,Consumer
ORD12790,23-11-2025,CUST1759,Nidhi Jaiswal,Rajasthan,Udaipur,North,Electronics,Smartphone,5,516,0,2580,1861.6,718.4,Second Class,Cancelled,Cash on Delivery,Consumer
ORD12791,13-01-2025,CUST1360,Aditi Mehta,Madhya Pradesh,Bhopal,Central,Office Supplies,Notebook,4,22377,20,71606.4,60965.38,10641.02,Second Class,Cancelled,Debit Card,Small Business
ORD12792,29-12-2025,CUST1494,Rajat Sharma,Karnataka,Mysuru,South,Electronics,Headphones,8,37847,20,242220.8,210776.01,31444.79,Second Class,Returned,Debit Card,Corporate
ORD12793,03-05-2025,CUST1334,Kavya Verma,Gujarat,Ahmedabad,West,Furniture,Sofa,4,25404,20,81292.8,53543.64,27749.16,First Class,Cancelled,Cash on Delivery,Small Business
ORD12794,16-02-2026,CUST1523,Mohit Mehta,Maharashtra,Nashik,West,Furniture,Bed,8,12082,10,86990.4,59275.19,27715.21,First Class,Delivered,Cash on Delivery,Enterprise
ORD12795,26-02-2025,CUST1493,Palak Joshi,West Bengal,Siliguri,East,Electronics,Laptop,4,44720,5,169936,149749.49,20186.51,Second Class,Cancelled,Debit Card,Corporate
ORD12796,11-01-2025,CUST1627,Varun Soni,Karnataka,Bengaluru,South,Electronics,Laptop,3,47922,20,115012.8,107706.03,7306.77,Same Day,In Transit,Debit Card,Consumer
ORD12797,05-01-2026,CUST1251,Diya Gupta,Rajasthan,Udaipur,North,Electronics,Laptop,6,13563,5,77309.1,47510,29799.1,Standard Class,In Transit,UPI,Consumer
ORD12798,03-11-2025,CUST1295,Palak Joshi,Karnataka,Mysuru,South,Electronics,Laptop,8,10535,25,63210,50412.27,12797.73,Standard Class,In Transit,Net Banking,Enterprise
ORD12799,02-03-2026,CUST1740,Nikhil Patel,Karnataka,Bengaluru,South,Electronics,Monitor,4,10272,25,30816,26363.15,4452.85,First Class,Delivered,UPI,Consumer
ORD12800,25-06-2025,CUST1270,Ishita Verma,Tamil Nadu,Chennai,South,Office Supplies,Printer Paper,8,2032,20,13004.8,9896.22,3108.58,Same Day,Delivered,Cash on Delivery,Enterprise
ORD10025,03-04-2025,CUST1353,Tanvi Saxena,Tamil Nadu,Chennai,South,Furniture,Chair,7,52757,20,295439.2,259433.76,36005.44,Second Class,Cancelled,Debit Card,Enterprise
ORD12802,31-08-2025,CUST1705,Khushi Soni,Uttar Pradesh,Lucknow,North,Electronics,Smartwatch,8,31044,10,223516.8,138141.85,85374.95,Standard Class,Delivered,Cash on Delivery,Corporate
ORD12803,12-12-2024,CUST1249,Priya Saxena,Maharashtra,Nashik,West,Electronics,Laptop,1,24967,0,24967,15008.45,9958.55,Standard Class,Delivered,Net Banking,Consumer
ORD12804,20-12-2025,CUST1405,Riya Patel,Rajasthan,Jaipur,North,Electronics,Smartphone,3,8877,25,19973.25,12799.89,7173.36,Second Class,Delivered,Debit Card,Consumer
ORD12805,19-03-2026,CUST1275,Aditi Singh,Uttar Pradesh,Lucknow,North,Electronics,Laptop,2,48299,15,82108.3,65539.03,16569.27,Standard Class,Delivered,Net Banking,Enterprise
ORD12806,24-03-2024,CUST1795,Harsh Verma,Tamil Nadu,Coimbatore,South,Office Supplies,Notebook,2,18655,20,29848,21094.19,8753.81,Second Class,In Transit,Cash on Delivery,Corporate
ORD12807,27-08-2025,CUST1337,Rohan Singh,Madhya Pradesh,Bhopal,Central,Electronics,Smartwatch,5,50859,5,241580.25,222069.35,19510.9,Same Day,Delivered,Net Banking,Enterprise
ORD12808,16-09-2024,CUST1308,Ishita Saxena,Maharashtra,Mumbai,West,Office Supplies,Marker,1,57061,5,54207.95,47944.76,6263.19,Same Day,Returned,Debit Card,Consumer
ORD12809,22-03-2026,CUST1145,Pooja Dubey,West Bengal,Siliguri,East,Office Supplies,Printer Paper,2,55544,20,88870.4,73956.3,14914.1,First Class,Delivered,Debit Card,Enterprise
ORD12810,21-05-2024,CUST1428,Mohit Bansal,West Bengal,Siliguri,East,Electronics,Smartphone,5,9483,10,42673.5,35324.99,7348.51,Second Class,Returned,Credit Card,Corporate
ORD12811,17-07-2024,CUST1157,Akash Jaiswal,Maharashtra,Nashik,West,Furniture,Sofa,8,32819,0,262552,235076.58,27475.42,Second Class,Delivered,,Consumer
ORD12812,15-03-2026,CUST1473,Muskan Agarwal,Madhya Pradesh,Indore,Central,Electronics,Laptop,7,29665,15,176506.75,157284.41,19222.34,First Class,In Transit,Credit Card,Enterprise
ORD12813,23-08-2024,CUST1032,Pooja Joshi,Telangana,Warangal,South,Office Supplies,Stapler,1,3076,10,2768.4,2254.17,514.23,Same Day,Cancelled,Net Banking,Enterprise
ORD12814,27-12-2025,CUST1623,Aditya Soni,,Bhopal,Central,Electronics,Smartwatch,1,41669,5,39585.55,36876.41,2709.14,First Class,Delivered,UPI,Small Business
ORD12815,20-09-2024,CUST1328,Shreya Verma,Rajasthan,Udaipur,North,Electronics,Smartwatch,5,54053,20,216212,154521.5,61690.5,First Class,Returned,Net Banking,Small Business
ORD12816,20-06-2024,CUST1476,Aditi Mehta,Tamil Nadu,Chennai,South,Electronics,Monitor,8,7491,10,53935.2,36089.78,17845.42,Second Class,In Transit,Cash on Delivery,Enterprise
ORD12817,24-11-2024,CUST1263,Arjun Yadav,Rajasthan,Jaipur,North,Office Supplies,Printer Paper,8,50499,15,343393.2,257265.89,86127.31,First Class,In Transit,Net Banking,Small Business
ORD12818,12-07-2024,CUST1747,Akash Verma,Rajasthan,Udaipur,North,Office Supplies,Pen Set,6,41357,10,223327.8,184619.29,38708.51,Standard Class,In Transit,UPI,Small Business
ORD12819,20-07-2025,CUST1176,Mohit Bansal,Karnataka,Mysuru,South,Electronics,Headphones,5,23734,5,112736.5,89506.56,23229.94,Second Class,In Transit,Debit Card,Small Business
ORD12820,21-01-2026,CUST1783,Siddharth Chopra,Madhya Pradesh,Indore,Central,Electronics,Smartwatch,3,8883,20,21319.2,17258.63,4060.57,First Class,Cancelled,Debit Card,Small Business
ORD12821,12-10-2025,CUST1477,Nidhi Singh,Gujarat,Ahmedabad,West,Furniture,Table,1,7608,5,7227.6,4925.36,2302.24,Same Day,Delivered,Cash on Delivery,Consumer
ORD12822,21-03-2024,CUST1364,Meera Mishra,Uttar Pradesh,Noida,North,Furniture,Chair,2,20562,0,41124,26332.52,14791.48,Standard Class,Cancelled,Credit Card,Corporate
ORD12823,15-06-2026,CUST1739,Rahul Chopra,Maharashtra,Pune,West,Furniture,Table,2,7615,10,13707,10840.53,2866.47,First Class,Delivered,Cash on Delivery,Consumer
ORD12824,12-09-2025,CUST1771,Simran Verma,Delhi,New Delhi,North,Office Supplies,Pen Set,1,24390,15,20731.5,18390.82,2340.68,Second Class,Delivered,Debit Card,Consumer
ORD12825,22-05-2024,CUST1470,Riya Jaiswal,Maharashtra,Mumbai,West,Electronics,Monitor,5,19526,5,92748.5,56140.27,36608.23,Second Class,In Transit,UPI,Enterprise
ORD12826,04-05-2026,CUST1648,Rajat Patel,Delhi,New Delhi,North,Electronics,Monitor,7,41389,5,275236.85,218472.86,56763.99,Second Class,Cancelled,Credit Card,Corporate
ORD12827,03-02-2026,CUST1062,Aman Dubey,Uttar Pradesh,Noida,North,Electronics,Smartphone,2,5948,10,10706.4,7347.47,3358.93,First Class,In Transit,Cash on Delivery,Enterprise
ORD12828,14-08-2024,CUST1031,Diya Gupta,West Bengal,Siliguri,East,Electronics,Smartphone,7,47465,10,299029.5,193445.13,105584.37,First Class,Cancelled,UPI,Small Business
ORD12829,11-01-2026,CUST1137,Aditi Malhotra,West Bengal,Kolkata,East,Office Supplies,Stapler,2,27268,15,46355.6,32688.22,13667.38,First Class,Returned,UPI,Small Business
ORD12830,04-06-2025,CUST1603,Muskan Patel,Telangana,Warangal,South,Electronics,Headphones,5,32218,10,144981,93767.04,51213.96,Second Class,Returned,Debit Card,Enterprise
ORD12831,15-01-2026,CUST1666,Muskan Agarwal,Uttar Pradesh,Lucknow,North,Electronics,Tablet,6,22798,25,102591,72150.62,30440.38,Second Class,Delivered,UPI,Consumer
ORD12832,15-01-2025,CUST1213,Siddharth Kapoor,Maharashtra,Nashik,West,Electronics,Smartwatch,8,34720,10,249984,220004.26,29979.74,Standard Class,Returned,Net Banking,Enterprise
ORD12833,12-12-2024,CUST1247,Diya Dubey,Delhi,New Delhi,North,Office Supplies,Marker,3,55878,5,159252.3,108756.59,50495.71,Standard Class,Delivered,Credit Card,Small Business
ORD12834,12-05-2026,CUST1499,Yash Malhotra,Madhya Pradesh,Indore,Central,Furniture,Table,6,26434,25,118953,79954.35,38998.65,Second Class,Delivered,Credit Card,Small Business
ORD12835,25-01-2026,CUST1119,Aarav Agarwal,Maharashtra,Nagpur,West,Furniture,Bed,1,8261,5,7847.95,7455.04,392.91,Same Day,Returned,UPI,Enterprise
ORD12836,09-10-2025,CUST1180,Arjun Joshi,Karnataka,Bengaluru,South,Electronics,Smartphone,7,9510,10,59913,53400.9,6512.1,First Class,Delivered,Debit Card,Enterprise
ORD12837,24-08-2024,CUST1331,Varun Verma,Telangana,Warangal,South,Electronics,Smartwatch,8,4782,15,32517.6,30115.63,2401.97,Second Class,Returned,Cash on Delivery,Consumer
ORD12838,10-05-2025,CUST1218,Yash Bansal,Uttar Pradesh,Noida,North,Furniture,Sofa,3,21879,15,55791.45,36580.63,19210.82,Same Day,Returned,Credit Card,Corporate
ORD12839,16-07-2025,CUST1430,Neha Verma,Uttar Pradesh,Noida,North,Electronics,Smartphone,1,42412,20,33929.6,27677.57,6252.03,Same Day,Returned,Credit Card,Enterprise
ORD12840,27-08-2025,CUST1450,Meera Mishra,Tamil Nadu,Chennai,South,Electronics,Smartwatch,8,51985,5,395086,243570.07,151515.93,First Class,Delivered,Net Banking,Enterprise
ORD12841,03-12-2024,CUST1578,Ishita Bansal,Gujarat,Ahmedabad,West,Furniture,Table,6,56250,25,253125,186938.96,66186.04,First Class,Delivered,Net Banking,Small Business
ORD12842,25-12-2025,CUST1554,Pooja Mishra,Rajasthan,Jaipur,North,Electronics,Laptop,2,21161,15,35973.7,31112.73,4860.97,First Class,Delivered,Credit Card,Enterprise
ORD12843,11-01-2024,CUST1732,Vivaan Tiwari,,Indore,Central,Electronics,Laptop,7,47161,25,247595.25,205433.43,42161.82,Same Day,In Transit,Credit Card,Corporate
ORD12844,18-04-2026,CUST1362,Kavya Soni,Madhya Pradesh,Indore,Central,Furniture,Table,3,39173,25,88139.25,55628.07,32511.18,Standard Class,In Transit,UPI,Enterprise
ORD12845,07-06-2025,CUST1296,Ananya Bansal,Madhya Pradesh,Indore,Central,Furniture,Wardrobe,8,5346,25,32076,26769.21,5306.79,First Class,Returned,Debit Card,Corporate
ORD12846,24-10-2024,CUST1124,Ankit Saxena,Maharashtra,Nashik,West,Furniture,Sofa,8,48571,15,330282.8,252371.43,77911.37,First Class,Cancelled,Debit Card,Consumer
ORD12847,15-03-2026,CUST1248,Diya Tiwari,Tamil Nadu,Chennai,South,Electronics,Smartphone,3,58242,10,157253.4,106553.62,50699.78,Same Day,In Transit,UPI,Small Business
ORD12848,29-02-2024,CUST1191,Riya Kapoor,Tamil Nadu,Coimbatore,South,Furniture,Wardrobe,7,26667,0,186669,141611.77,45057.23,Standard Class,Cancelled,Net Banking,Enterprise
ORD12849,12-03-2025,CUST1083,Mohit Kapoor,Delhi,New Delhi,North,Furniture,Sofa,1,33990,10,30591,25976.13,4614.87,Same Day,Cancelled,Debit Card,Small Business
ORD12850,22-09-2024,CUST1065,Aditya Bansal,Uttar Pradesh,Lucknow,North,Electronics,Tablet,8,17969,0,143752,118879.78,24872.22,First Class,Delivered,Debit Card,Corporate
ORD12851,06-01-2024,CUST1068,Naina Verma,Telangana,Warangal,South,Furniture,Table,6,38411,15,195896.1,120971.61,74924.49,Second Class,Delivered,Cash on Delivery,Enterprise
ORD12852,18-08-2025,CUST1646,Varun Soni,Maharashtra,Pune,West,Furniture,Wardrobe,2,39024,5,74145.6,62936.53,11209.07,Second Class,Cancelled,UPI,Consumer
ORD12853,27-02-2025,CUST1340,Akash Jaiswal,Tamil Nadu,Chennai,South,Furniture,Chair,8,57560,20,368384,237608.19,130775.81,Standard Class,Delivered,Net Banking,Small Business
ORD12854,23-11-2024,CUST1767,Arjun Patel,Tamil Nadu,Chennai,South,Electronics,Laptop,7,46913,15,279132.35,234271.89,44860.46,Second Class,Cancelled,Credit Card,Small Business
ORD12855,26-03-2026,CUST1413,Simran Mishra,Gujarat,Ahmedabad,West,Electronics,Monitor,4,11213,20,35881.6,22877.17,13004.43,First Class,Delivered,Net Banking,Enterprise
ORD12856,28-04-2024,CUST1245,Pooja Dubey,Karnataka,Bengaluru,South,Electronics,Headphones,8,59239,10,426520.8,340907.42,85613.38,Second Class,Cancelled,Net Banking,Corporate
ORD12857,05-04-2024,CUST1531,Riya Soni,Rajasthan,Udaipur,North,Electronics,Smartphone,8,27926,25,167556,122225.9,45330.1,First Class,Cancelled,Net Banking,Small Business
ORD12858,14-09-2024,CUST1547,Diya Patel,Maharashtra,Pune,West,Furniture,Bed,3,30923,0,92769,80573.92,12195.08,Second Class,Cancelled,Credit Card,Consumer
ORD12859,15-02-2025,CUST1012,Siddharth Sharma,Uttar Pradesh,Lucknow,North,Electronics,Smartphone,6,1739,5,9912.3,6647.09,3265.21,Same Day,Returned,Cash on Delivery,Enterprise
ORD12860,26-12-2025,CUST1259,Riya Jain,Uttar Pradesh,Noida,North,Electronics,Tablet,5,28242,25,105907.5,75232.05,30675.45,Second Class,Delivered,Cash on Delivery,Enterprise
ORD12861,16-05-2025,CUST1482,Muskan Agarwal,Karnataka,Bengaluru,South,Electronics,Smartphone,6,59542,10,321526.8,250320.27,71206.53,Standard Class,Returned,UPI,Corporate
ORD12862,09-11-2025,CUST1425,Harsh Kapoor,,Udaipur,North,Electronics,Tablet,7,24672,0,172704,136593.6,36110.4,Same Day,Cancelled,Credit Card,Enterprise
ORD12863,13-12-2024,CUST1762,Vivaan Malhotra,Rajasthan,Udaipur,North,Furniture,Bed,2,15173,10,27311.4,17216.36,10095.04,Second Class,Returned,UPI,Consumer
ORD12864,21-02-2026,CUST1160,Siddharth Sharma,Delhi,New Delhi,North,Office Supplies,Printer Paper,8,27828,15,189230.4,137823.99,51406.41,Standard Class,Cancelled,Net Banking,Consumer
ORD12865,19-09-2024,CUST1318,Rahul Soni,Uttar Pradesh,Lucknow,North,Electronics,Smartwatch,8,56230,25,337380,259933.59,77446.41,Standard Class,Returned,Credit Card,Enterprise
ORD12866,08-10-2024,CUST1036,Diya Joshi,Uttar Pradesh,Lucknow,North,Furniture,Chair,1,14476,25,10857,9999.19,857.81,Second Class,Returned,Cash on Delivery,Corporate
ORD12867,15-04-2026,CUST1054,Manav Soni,Tamil Nadu,Chennai,South,Office Supplies,Marker,4,45254,25,135762,125216.75,10545.25,Standard Class,Delivered,Net Banking,Enterprise
ORD12868,25-05-2025,CUST1733,Aarav Bansal,Delhi,New Delhi,North,Furniture,Chair,5,31322,20,125288,109844.81,15443.19,Same Day,Returned,Debit Card,Enterprise
ORD12869,05-09-2025,CUST1088,Aman Dubey,Gujarat,Surat,West,Furniture,Wardrobe,8,5790,0,46320,32530.33,13789.67,First Class,Cancelled,UPI,Consumer
ORD12870,26-10-2025,CUST1740,Neha Patel,Uttar Pradesh,Lucknow,North,Furniture,Wardrobe,-1,6519,0,39114,30846.01,8267.99,Second Class,In Transit,Net Banking,Enterprise
ORD12871,10-07-2024,CUST1394,Meera Verma,Delhi,New Delhi,North,Furniture,Wardrobe,5,9774,0,48870,29679.06,19190.94,Standard Class,In Transit,UPI,Small Business
ORD12872,20-02-2025,CUST1382,Rahul Soni,Uttar Pradesh,Noida,North,Electronics,Tablet,3,2777,25,6248.25,4717.7,1530.55,Second Class,In Transit,Debit Card,Corporate
ORD12873,07-10-2025,CUST1771,Ananya Agarwal,Rajasthan,Udaipur,North,Furniture,Bed,7,3676,5,24445.4,20759.01,3686.39,Same Day,Delivered,UPI,Small Business
ORD12874,29-07-2024,CUST1534,Varun Dubey,Rajasthan,Jaipur,North,Furniture,Wardrobe,8,3721,10,26791.2,23320.95,3470.25,Same Day,Cancelled,UPI,Corporate
ORD12875,19-07-2024,CUST1343,Tanvi Singh,Madhya Pradesh,Bhopal,Central,Electronics,Smartwatch,3,7640,25,17190,15969.72,1220.28,First Class,Cancelled,UPI,Small Business
ORD12876,04-05-2026,CUST1656,Yash Jaiswal,,Indore,Central,Electronics,Smartphone,4,45023,10,162082.8,128931.25,33151.55,First Class,In Transit,UPI,Corporate
ORD12877,31-01-2024,CUST1179,Muskan Agarwal,Uttar Pradesh,Lucknow,North,Electronics,Tablet,1,20634,0,20634,19402.81,1231.19,Standard Class,Cancelled,UPI,Corporate
ORD12878,28-07-2024,CUST1306,Harsh Tiwari,Delhi,New Delhi,North,Electronics,Smartphone,8,47571,5,361539.6,244474.96,117064.64,Second Class,Returned,UPI,Small Business
ORD12879,17-03-2024,CUST1777,Palak Jaiswal,Uttar Pradesh,Noida,North,Electronics,Headphones,8,57289,15,389565.2,255888.71,,Same Day,Returned,Credit Card,Corporate
ORD12880,14-12-2024,CUST1088,Palak Jaiswal,Maharashtra,Mumbai,West,Furniture,Bed,5,35719,5,169665.25,106603.65,63061.6,First Class,Delivered,Net Banking,Enterprise
ORD12881,23-08-2025,CUST1398,Aman Agarwal,Karnataka,Bengaluru,South,,Monitor,1,43613,25,32709.75,30316.21,2393.54,Same Day,Returned,UPI,Enterprise
ORD12882,07-12-2025,CUST1544,Aarav Patel,Delhi,New Delhi,North,Electronics,Tablet,8,3576,15,24316.8,17283.04,7033.76,Same Day,Cancelled,Credit Card,Corporate
ORD12883,19-04-2025,CUST1125,Ankit Singh,Tamil Nadu,Coimbatore,South,Furniture,Bed,8,6526,25,39156,35612.01,3543.99,Standard Class,In Transit,Cash on Delivery,Consumer
ORD12884,25-03-2025,CUST1591,Varun Dubey,Tamil Nadu,Coimbatore,South,Electronics,Smartwatch,1,294,5,279.3,184.32,94.98,Second Class,Returned,Debit Card,Small Business
ORD12885,27-05-2025,CUST1652,Diya Singh,Karnataka,Mysuru,South,Office Supplies,Notebook,1,14579,20,11663.2,9223.08,2440.12,Standard Class,Cancelled,Debit Card,Enterprise
ORD12886,23-10-2025,CUST1750,Palak Mishra,Uttar Pradesh,Noida,North,Office Supplies,Pen Set,2,43367,20,69387.2,51701.37,17685.83,Same Day,Returned,Cash on Delivery,Corporate
ORD12887,16-02-2025,CUST1513,Rahul Joshi,Madhya Pradesh,Indore,Central,Electronics,Headphones,3,11135,15,28394.25,22531.34,5862.91,Standard Class,In Transit,Net Banking,Small Business
ORD12888,30-01-2025,CUST1332,Vivaan Patel,Delhi,New Delhi,North,Furniture,Sofa,6,31926,25,143667,121079.39,22587.61,Standard Class,In Transit,Debit Card,Enterprise
ORD12889,16-04-2025,CUST1379,Yash Saxena,Karnataka,Bengaluru,South,Office Supplies,Notebook,-1,8651,5,32873.8,21718.29,11155.51,First Class,Delivered,Credit Card,Corporate
ORD12890,18-11-2024,CUST1378,Priya Gupta,Delhi,New Delhi,North,Furniture,Sofa,1,37686,10,33917.4,30301.98,3615.42,Same Day,In Transit,UPI,Small Business
ORD12891,16-09-2024,CUST1503,Meera Chopra,Rajasthan,Jaipur,North,Furniture,Bed,7,11820,5,78603,69389.35,9213.65,Same Day,Delivered,Credit Card,Corporate
ORD10025,22-06-2025,CUST1791,Manav Singh,Rajasthan,Jaipur,North,Furniture,Chair,1,3408,5,3237.6,2231.59,1006.01,Same Day,Returned,UPI,Enterprise
ORD12893,13-02-2026,CUST1655,Pooja Singh,Gujarat,Ahmedabad,West,Furniture,Bed,8,39721,5,301879.6,250654.6,51225,Second Class,In Transit,Cash on Delivery,Corporate
ORD12894,18-06-2025,CUST1594,Nidhi Yadav,Madhya Pradesh,Bhopal,Central,Office Supplies,Stapler,4,36356,25,109068,95844.98,13223.02,Second Class,Returned,Cash on Delivery,Consumer
ORD12895,30-01-2026,CUST1145,Shreya Sharma,West Bengal,Kolkata,East,Furniture,Bed,2,59906,15,101840.2,73529.38,28310.82,First Class,Delivered,Net Banking,Corporate
ORD12896,19-06-2025,CUST1025,Diya Gupta,Tamil Nadu,Coimbatore,South,Electronics,Monitor,6,8920,0,53520,42972.14,10547.86,First Class,Cancelled,UPI,Corporate
ORD12897,06-06-2024,CUST1736,Dev Verma,Uttar Pradesh,Noida,North,Electronics,Headphones,6,3969,20,19051.2,14061.95,4989.25,Same Day,Cancelled,Credit Card,Consumer
ORD12898,29-03-2025,CUST1686,Simran Joshi,Uttar Pradesh,Noida,North,Electronics,Smartwatch,8,53057,20,339564.8,305160.45,34404.35,Second Class,Cancelled,UPI,Consumer
ORD12899,17-03-2026,CUST1587,Sneha Singh,West Bengal,Kolkata,East,Electronics,Headphones,8,17551,15,119346.8,92551.31,26795.49,Second Class,In Transit,UPI,Small Business
ORD12900,30-04-2024,CUST1056,Aditya Kapoor,Karnataka,Mysuru,South,Electronics,Monitor,7,10543,10,66420.9,43113.81,23307.09,Second Class,In Transit,Credit Card,Small Business
ORD12901,09-03-2026,CUST1620,Mohit Gupta,West Bengal,Siliguri,East,Furniture,Bed,6,7322,20,35145.6,27687.39,7458.21,Same Day,Cancelled,UPI,Corporate
ORD12902,16-02-2025,CUST1208,Diya Chopra,Maharashtra,Nagpur,West,Electronics,Smartphone,6,31169,5,177663.3,123039.48,54623.82,First Class,Cancelled,Credit Card,Enterprise
ORD12903,13-05-2026,CUST1232,Akash Chopra,Gujarat,Surat,West,Electronics,Smartwatch,3,36425,25,81956.25,69451.33,12504.92,First Class,Delivered,UPI,Enterprise
ORD12904,07-03-2024,CUST1273,Naina Yadav,Tamil Nadu,Chennai,South,Furniture,Sofa,6,45425,0,272550,252223.69,20326.31,Standard Class,Returned,Cash on Delivery,Enterprise
ORD12905,24-03-2026,CUST1329,Tanvi Chopra,Madhya Pradesh,Bhopal,Central,Furniture,Bed,6,18105,5,103198.5,92127.41,11071.09,Same Day,Returned,Cash on Delivery,Enterprise
ORD12906,24-05-2024,CUST1714,Arjun Jaiswal,Maharashtra,Mumbai,West,Furniture,Wardrobe,8,30118,5,228896.8,149315.01,79581.79,First Class,Cancelled,UPI,Small Business
ORD12907,04-03-2026,CUST1372,Yash Agarwal,Uttar Pradesh,Lucknow,North,Office Supplies,Notebook,3,32756,0,98268,63631.86,34636.14,Standard Class,Cancelled,Net Banking,Enterprise
ORD12908,01-01-2025,CUST1246,Riya Chopra,Rajasthan,Udaipur,North,Furniture,Table,1,58993,10,53093.7,33868.2,19225.5,Same Day,Delivered,UPI,Enterprise
ORD12909,16-02-2025,CUST1626,Pooja Yadav,Telangana,Hyderabad,South,Electronics,Laptop,8,22615,0,180920,112013.4,68906.6,Standard Class,Returned,Debit Card,Small Business
ORD12910,30-12-2024,CUST1446,Aditya Yadav,Uttar Pradesh,Lucknow,North,Office Supplies,Printer Paper,3,56995,10,153886.5,106127.54,47758.96,Second Class,In Transit,Credit Card,Corporate
ORD12911,02-11-2025,CUST1087,Siddharth Jaiswal,Maharashtra,Nagpur,West,Electronics,Laptop,4,40956,20,131059.2,104992.51,26066.69,Same Day,In Transit,Credit Card,Consumer
ORD12912,23-12-2024,CUST1755,Neha Saxena,Karnataka,Bengaluru,South,Electronics,Headphones,6,38686,0,232116,178397.07,53718.93,Same Day,Returned,UPI,Consumer
ORD12913,11-05-2025,CUST1298,Sneha Tiwari,Rajasthan,Jaipur,North,Electronics,Laptop,2,53141,5,100967.9,78917.88,22050.02,Standard Class,Delivered,Net Banking,Corporate
ORD12914,09-10-2024,CUST1321,Mohit Tiwari,West Bengal,Siliguri,East,Furniture,Wardrobe,4,54779,20,175292.8,114088.08,61204.72,Same Day,Cancelled,Credit Card,Corporate
ORD12915,18-02-2024,CUST1328,Harsh Singh,Maharashtra,Pune,West,Furniture,Chair,6,9670,0,58020,45015.42,13004.58,Standard Class,In Transit,UPI,Consumer
ORD10025,29-11-2024,CUST1269,Aman Jaiswal,Maharashtra,Nashik,West,Electronics,Monitor,6,48978,20,235094.4,187732.29,47362.11,Standard Class,Returned,Debit Card,Consumer
ORD12917,28-02-2026,CUST1191,Palak Tiwari,Gujarat,Ahmedabad,West,Furniture,Bed,6,20375,15,103912.5,64870.95,39041.55,Standard Class,Returned,Debit Card,Enterprise
ORD12918,15-03-2026,CUST1744,Mohit Kapoor,Karnataka,Mysuru,South,Electronics,Smartwatch,7,10238,5,68082.7,41503.7,26579,First Class,Cancelled,UPI,Small Business
ORD12919,09-03-2026,CUST1688,Siddharth Verma,Karnataka,Mysuru,South,Office Supplies,Pen Set,1,56499,0,56499,36638.75,19860.25,Second Class,Returned,UPI,Enterprise
ORD12920,23-12-2024,CUST1632,Rishi Patel,Delhi,New Delhi,North,Office Supplies,Marker,1,55672,10,50104.8,30573.09,19531.71,First Class,Returned,Net Banking,Enterprise
ORD12921,11-11-2024,CUST1499,Palak Dubey,Karnataka,Bengaluru,South,Office Supplies,Marker,4,38449,0,153796,142163.07,11632.93,Second Class,Cancelled,Credit Card,Consumer
ORD12922,28-01-2024,CUST1141,Varun Malhotra,Madhya Pradesh,Bhopal,Central,Office Supplies,Notebook,7,53154,0,372078,300405.14,71672.86,Same Day,Returned,Net Banking,Consumer
ORD12923,12-04-2026,CUST1647,Priya Mishra,Uttar Pradesh,Noida,North,Electronics,Monitor,4,11232,0,44928,28540.46,16387.54,Standard Class,In Transit,Net Banking,Enterprise
ORD12924,12-08-2024,CUST1255,Siddharth Jain,Rajasthan,Jaipur,North,Electronics,Smartwatch,4,41645,20,133264,85045.55,48218.45,Second Class,Delivered,Debit Card,Small Business
ORD12925,19-07-2024,CUST1755,Akash Mehta,West Bengal,Kolkata,East,Furniture,Chair,4,20430,15,69462,46949.62,22512.38,Same Day,Returned,,Small Business
ORD12926,05-11-2025,CUST1341,Riya Chopra,Delhi,New Delhi,North,Office Supplies,Stapler,7,27327,20,153031.2,93643.67,59387.53,Standard Class,Delivered,UPI,Small Business
ORD12927,04-06-2026,CUST1054,Akash Sharma,Uttar Pradesh,Noida,North,Office Supplies,Printer Paper,2,21671,15,36840.7,32834.67,4006.03,First Class,Returned,Credit Card,Small Business
ORD12928,30-12-2025,CUST1280,Ankit Tiwari,Tamil Nadu,Chennai,South,Furniture,Chair,8,29959,20,191737.6,179911.34,11826.26,Standard Class,Returned,Cash on Delivery,Consumer
ORD12929,04-11-2025,CUST1608,Vivaan Agarwal,Delhi,New Delhi,North,Office Supplies,Pen Set,7,26830,0,187810,171097.12,16712.88,First Class,Delivered,Net Banking,Consumer
ORD12930,03-07-2025,CUST1566,Nikhil Gupta,Maharashtra,Nashik,West,Office Supplies,Marker,3,59883,15,152701.65,112512.26,40189.39,First Class,Returned,Debit Card,Corporate
ORD12931,26-12-2024,CUST1633,Diya Chopra,Rajasthan,Udaipur,North,Electronics,Smartwatch,7,28613,10,180261.9,146295.45,33966.45,Standard Class,In Transit,Credit Card,Small Business
ORD12932,25-01-2025,CUST1439,Dev Malhotra,Karnataka,Bengaluru,South,Electronics,Headphones,2,54905,15,93338.5,61916.27,31422.23,First Class,Delivered,Cash on Delivery,Enterprise
ORD12933,04-07-2025,CUST1061,Neha Saxena,Maharashtra,Nashik,West,Office Supplies,Stapler,4,26669,5,101342.2,86071.49,15270.71,First Class,In Transit,Credit Card,Consumer
ORD12934,21-04-2024,CUST1454,Rohan Malhotra,Gujarat,Ahmedabad,West,Furniture,Chair,4,22843,15,77666.2,49689.98,27976.22,Second Class,Cancelled,Cash on Delivery,Small Business
ORD12935,20-08-2024,CUST1788,Vivaan Mehta,Tamil Nadu,Coimbatore,South,Electronics,Headphones,4,29403,5,111731.4,96295.85,15435.55,Standard Class,Cancelled,Net Banking,Consumer
ORD12936,19-06-2025,CUST1279,Rahul Sharma,Gujarat,Surat,West,Furniture,Table,6,34425,20,165240,118872.63,46367.37,Second Class,Delivered,Credit Card,Small Business
ORD12937,05-06-2026,CUST1462,Rajat Saxena,Madhya Pradesh,Bhopal,Central,Electronics,Headphones,8,20348,15,138366.4,96282.85,42083.55,Same Day,In Transit,Cash on Delivery,Enterprise
ORD12938,18-05-2026,CUST1056,Khushi Malhotra,Maharashtra,Nashik,West,Electronics,Tablet,8,31991,20,204742.4,163816.05,40926.35,Standard Class,In Transit,Debit Card,Small Business
ORD12939,22-08-2025,CUST1678,Muskan Bansal,Maharashtra,Mumbai,West,Electronics,Laptop,6,17285,10,93339,66236.14,27102.86,First Class,Delivered,Debit Card,Corporate
ORD12940,15-05-2026,CUST1791,Karan Jain,Telangana,Warangal,South,Electronics,Headphones,5,597,0,2985,2796.89,188.11,Same Day,Delivered,Net Banking,Small Business
ORD12941,23-12-2024,CUST1183,Ananya Dubey,Gujarat,Ahmedabad,West,Electronics,Tablet,4,16285,15,55369,46575.48,8793.52,Standard Class,Returned,Net Banking,Consumer
ORD12942,01-05-2025,CUST1435,Vivaan Soni,Karnataka,Bengaluru,South,Electronics,Tablet,2,23183,15,39411.1,26790.29,12620.81,First Class,Delivered,Cash on Delivery,Consumer
ORD10025,23-04-2024,CUST1587,Yash Soni,Karnataka,Bengaluru,South,Furniture,Wardrobe,2,1222,20,1955.2,1177.07,778.13,Same Day,Delivered,Debit Card,Small Business
ORD12944,09-07-2025,CUST1498,Nidhi Joshi,Maharashtra,Nagpur,West,Electronics,Headphones,6,21623,20,103790.4,90420.21,13370.19,Same Day,Delivered,Net Banking,Corporate
ORD12945,16-06-2025,CUST1531,Aman Kapoor,Gujarat,Surat,West,Furniture,Wardrobe,1,35268,10,31741.2,21724.8,10016.4,Same Day,Returned,Cash on Delivery,Corporate
ORD12946,10-01-2026,CUST1394,Varun Yadav,Uttar Pradesh,Lucknow,North,Office Supplies,Notebook,1,30063,0,30063,26325.41,3737.59,First Class,Returned,UPI,Corporate
ORD12947,21-11-2025,CUST1624,Aditya Gupta,Maharashtra,Mumbai,West,Electronics,Laptop,5,23636,25,88635,75632.55,13002.45,Standard Class,Delivered,Cash on Delivery,Enterprise
ORD12948,07-04-2026,CUST1467,Rahul Agarwal,Karnataka,Bengaluru,South,Electronics,Smartwatch,7,15873,25,83333.25,79011.6,4321.65,Second Class,In Transit,Net Banking,Corporate
ORD12949,05-12-2024,CUST1599,Tanvi Agarwal,Rajasthan,Udaipur,North,Electronics,Smartphone,3,42732,15,108966.6,99346.15,9620.45,First Class,Cancelled,Credit Card,Small Business
ORD12950,23-03-2026,CUST1779,Manav Tiwari,Karnataka,Bengaluru,South,Electronics,Monitor,6,17250,20,82800,55650.78,27149.22,Second Class,Cancelled,Credit Card,Small Business
ORD12951,30-10-2024,CUST1148,Nikhil Malhotra,Uttar Pradesh,Lucknow,North,Electronics,Monitor,6,53241,20,255556.8,205874.51,49682.29,Standard Class,Cancelled,UPI,Consumer
ORD12952,01-11-2025,CUST1715,Akash Bansal,Gujarat,Surat,West,Electronics,Tablet,1,46118,10,41506.2,26207.02,15299.18,Standard Class,Cancelled,Debit Card,Consumer
ORD12953,18-10-2025,CUST1779,Naina Jaiswal,Rajasthan,Jaipur,North,Furniture,Bed,6,27717,10,149671.8,127372.93,22298.87,First Class,Returned,Credit Card,Enterprise
ORD12954,27-07-2024,CUST1368,Khushi Soni,Maharashtra,Nashik,West,Electronics,Monitor,3,11161,5,31808.85,24881.74,6927.11,Second Class,Returned,Cash on Delivery,Small Business
ORD12955,02-09-2025,CUST1277,Diya Joshi,Delhi,New Delhi,North,Electronics,Laptop,8,18466,15,125568.8,89496.45,36072.35,Same Day,Cancelled,Debit Card,Enterprise
ORD12956,14-03-2025,CUST1502,Dev Bansal,Delhi,New Delhi,North,Electronics,Headphones,6,28750,5,163875,129072,34803,Same Day,Returned,Net Banking,Consumer
ORD12957,17-12-2025,CUST1528,Varun Joshi,Karnataka,Bengaluru,South,Electronics,Smartphone,2,16281,5,30933.9,25532.94,5400.96,First Class,In Transit,Debit Card,Corporate
ORD12958,05-12-2024,CUST1772,Priya Saxena,Maharashtra,Nagpur,West,Furniture,Table,6,19108,25,85986,74930.71,11055.29,First Class,In Transit,Cash on Delivery,Enterprise
ORD12959,08-08-2024,CUST1036,Pooja Bansal,Uttar Pradesh,Lucknow,North,Furniture,Table,6,10075,10,54405,49163.51,5241.49,Second Class,Returned,Credit Card,Small Business
ORD12960,06-03-2025,CUST1021,Muskan Verma,Maharashtra,Mumbai,West,Electronics,Smartwatch,4,44782,10,161215.2,141291.21,19923.99,Second Class,Returned,Net Banking,Consumer
ORD12961,19-03-2024,CUST1039,Rajat Jaiswal,West Bengal,Siliguri,East,Furniture,Bed,2,1326,20,2121.6,1307.43,814.17,Standard Class,In Transit,Credit Card,Consumer
ORD12962,03-03-2025,CUST1610,Nidhi Sharma,Madhya Pradesh,Indore,Central,Furniture,Sofa,2,11922,0,23844,21484.82,2359.18,Second Class,In Transit,Credit Card,Corporate
ORD12963,26-02-2025,CUST1761,Dev Saxena,Telangana,Warangal,South,Electronics,Smartphone,3,27022,5,77012.7,63132.56,13880.14,Second Class,Delivered,Debit Card,Small Business
ORD12964,24-09-2025,CUST1402,Arjun Chopra,Karnataka,Mysuru,South,Electronics,Monitor,1,17676,10,15908.4,10239.01,5669.39,Same Day,Cancelled,Cash on Delivery,Consumer
ORD12965,01-11-2024,CUST1190,Meera Gupta,Rajasthan,Jaipur,North,Furniture,Sofa,2,13835,5,26286.5,19661.01,6625.49,Second Class,Cancelled,Credit Card,Small Business
ORD12966,22-04-2026,CUST1753,Kavya Joshi,Delhi,New Delhi,North,Electronics,Monitor,1,13806,5,13115.7,11162.02,1953.68,Second Class,Delivered,UPI,Small Business
ORD12967,20-05-2024,CUST1464,Nikhil Verma,Tamil Nadu,Coimbatore,South,Electronics,Smartphone,2,23400,10,42120,30295.11,11824.89,Same Day,Cancelled,Credit Card,Enterprise
ORD12968,20-08-2025,CUST1238,Aman Yadav,Maharashtra,Pune,West,Office Supplies,Pen Set,7,18824,0,131768,124600.61,7167.39,Same Day,Delivered,Cash on Delivery,Small Business
ORD12969,10-08-2024,CUST1683,Ritika Bansal,Maharashtra,Nashik,West,Furniture,Wardrobe,7,37522,20,210123.2,170692.76,39430.44,Standard Class,Delivered,Cash on Delivery,Small Business
ORD12970,13-12-2025,CUST1678,Riya Dubey,Telangana,Warangal,South,Electronics,Laptop,3,15567,25,35025.75,22038.73,12987.02,Standard Class,In Transit,Debit Card,Consumer
ORD12971,08-04-2025,CUST1215,Dev Dubey,Delhi,New Delhi,North,Furniture,Sofa,7,59577,5,396187.05,362323.67,33863.38,Second Class,In Transit,Credit Card,Enterprise
ORD12972,06-07-2025,CUST1763,Dev Malhotra,Maharashtra,Nashik,West,Electronics,Smartwatch,7,53237,20,298127.2,217377.02,80750.18,Second Class,Delivered,UPI,Enterprise
ORD12973,22-09-2025,CUST1259,Manav Malhotra,Maharashtra,Mumbai,West,Electronics,Monitor,7,23434,0,164038,115916.44,48121.56,Second Class,Cancelled,Debit Card,Small Business
ORD12974,28-07-2024,CUST1696,Varun Singh,Madhya Pradesh,Indore,Central,Electronics,Tablet,8,32658,0,261264,217385.98,43878.02,Second Class,Cancelled,Debit Card,Enterprise
ORD12975,07-06-2026,CUST1533,Karan Mehta,Maharashtra,Nagpur,West,Furniture,Wardrobe,8,40039,5,304296.4,287873.54,16422.86,Second Class,Returned,Credit Card,Corporate
ORD12976,15-07-2025,CUST1443,Ritika Jaiswal,Maharashtra,Nagpur,West,Furniture,Table,2,11263,10,20273.4,17182.12,3091.28,Same Day,In Transit,UPI,Consumer
ORD12977,05-11-2024,CUST1763,Ananya Yadav,Telangana,Warangal,South,Electronics,Headphones,2,20972,0,41944,36883.98,5060.02,First Class,Delivered,Debit Card,Consumer
ORD12978,14-06-2024,CUST1615,Rishi Verma,Telangana,Hyderabad,South,Furniture,Table,5,31604,25,118515,82423.08,36091.92,Same Day,In Transit,Net Banking,Small Business
ORD12979,30-09-2024,CUST1705,Varun Sharma,Maharashtra,Pune,West,Electronics,Smartwatch,5,29837,5,141725.75,100922.06,40803.69,Second Class,Returned,Debit Card,Corporate
ORD12980,26-03-2024,CUST1464,Pooja Jain,Gujarat,Surat,West,Electronics,Tablet,3,16813,0,50439,39741.09,10697.91,First Class,In Transit,Debit Card,Corporate
ORD12981,30-06-2024,CUST1019,Sneha Singh,Uttar Pradesh,Noida,North,Furniture,Sofa,3,29835,15,76079.25,59044.34,17034.91,Standard Class,Delivered,Credit Card,Corporate
ORD12982,03-04-2026,CUST1499,Ankit Jain,Karnataka,Mysuru,South,Electronics,Tablet,3,51275,20,123060,75521.15,47538.85,Second Class,Delivered,Cash on Delivery,Enterprise
ORD12983,03-12-2025,CUST1325,Diya Joshi,Gujarat,Ahmedabad,West,Furniture,Table,6,57005,0,342030,304699.6,37330.4,Standard Class,Delivered,Net Banking,Small Business
ORD12984,01-09-2024,CUST1510,Aditya Chopra,Gujarat,Ahmedabad,West,Electronics,Laptop,3,44155,10,119218.5,108889.28,10329.22,Same Day,Delivered,Cash on Delivery,Enterprise
ORD12985,11-01-2025,CUST1203,Khushi Yadav,Maharashtra,Pune,West,Furniture,Bed,6,36267,15,184961.7,122634.2,62327.5,Standard Class,Cancelled,Credit Card,Consumer
ORD12986,09-07-2024,CUST1344,Mohit Soni,Madhya Pradesh,Bhopal,Central,,Smartphone,1,684,5,649.8,600.24,49.56,Same Day,Returned,Net Banking,Small Business
ORD10025,28-02-2025,CUST1515,Ankit Soni,Uttar Pradesh,Lucknow,North,Electronics,Smartphone,2,6779,10,12202.2,7711.83,4490.37,First Class,Returned,Credit Card,Corporate
ORD12988,03-05-2026,CUST1629,Akash Verma,Delhi,New Delhi,North,Electronics,Tablet,5,58089,5,275922.75,167255.05,108667.7,Second Class,Returned,Cash on Delivery,Consumer
ORD12989,23-05-2025,CUST1090,Ritika Chopra,Karnataka,Mysuru,South,Office Supplies,Pen Set,4,56486,25,169458,124163.08,45294.92,Same Day,Returned,Net Banking,Corporate
ORD12990,04-12-2025,CUST1221,Khushi Verma,Karnataka,Mysuru,South,Electronics,Smartphone,3,14129,5,40267.65,36582.09,3685.56,First Class,In Transit,Cash on Delivery,Enterprise
ORD12991,16-07-2025,CUST1245,Varun Soni,Rajasthan,Jaipur,North,Furniture,Wardrobe,7,23484,15,139729.8,106142.46,33587.34,Second Class,Returned,Credit Card,Consumer
ORD12992,22-10-2024,CUST1090,Aarav Chopra,Gujarat,Surat,West,Electronics,Monitor,7,19480,0,136360,127375.24,8984.76,Second Class,Delivered,Debit Card,Small Business
ORD12993,15-01-2024,CUST1109,Kavya Gupta,Maharashtra,Nagpur,West,Electronics,Smartwatch,4,746,15,2536.4,2311.91,224.49,Second Class,In Transit,Net Banking,Consumer
ORD12994,08-05-2024,CUST1389,Ishita Jaiswal,West Bengal,Siliguri,East,Furniture,Sofa,2,56931,0,113862,95247.44,18614.56,Same Day,In Transit,Net Banking,Small Business
ORD12995,18-10-2024,CUST1207,Muskan Mishra,Maharashtra,Pune,West,Furniture,Table,7,17337,25,91019.25,64592,26427.25,Same Day,Cancelled,Cash on Delivery,Enterprise
ORD12996,09-07-2024,CUST1395,Vivaan Mishra,Gujarat,Surat,West,Furniture,Sofa,7,31614,25,165973.5,149281.17,16692.33,Same Day,In Transit,UPI,Consumer
ORD12997,02-01-2024,CUST1175,Varun Soni,Madhya Pradesh,Indore,Central,,Smartwatch,3,53401,0,160203,142653.01,17549.99,Same Day,Cancelled,UPI,Enterprise
ORD12998,29-12-2024,CUST1432,Siddharth Patel,Maharashtra,Nagpur,West,Furniture,Wardrobe,6,8039,10,43410.6,37209.83,6200.77,Same Day,Delivered,Credit Card,Small Business
ORD12999,07-07-2024,CUST1161,Mohit Mishra,Gujarat,Surat,West,Office Supplies,Printer Paper,7,2116,15,12590.2,9825.42,2764.78,Same Day,Returned,Net Banking,Consumer
